timestamp,bandwidth_mbps,latency_ms,packet_loss_pct,cpu_percent,memory_percent
2024-01-01 00:00:00,41.26,39.831,0.0,52.21,72.48
2024-01-01 00:05:00,38.758,28.263,0.2593,24.94,47.67
2024-01-01 00:10:00,25.019,22.119,0.0,41.14,55.98
2024-01-01 00:15:00,30.003,29.013,0.0,42.7,52.69
2024-01-01 00:20:00,42.793,27.388,0.0,25.47,63.07
2024-01-01 00:25:00,21.513,41.671,0.0,47.73,58.14
2024-01-01 00:30:00,44.017,37.542,0.0,39.79,51.88
2024-01-01 00:35:00,26.312,28.451,0.0,89.51,54.35
2024-01-01 00:40:00,213.508,57.599,0.0,69.87,64.33
2024-01-01 00:45:00,33.706,32.915,0.0,51.24,60.89
2024-01-01 00:50:00,25.439,33.644,0.0,66.23,57.53
2024-01-01 00:55:00,24.393,15.919,0.0,66.91,57.82
2024-01-01 01:00:00,32.621,22.304,0.0,42.79,56.42
2024-01-01 01:05:00,33.673,34.471,0.0,44.76,51.61
2024-01-01 01:10:00,33.02,37.325,0.0,6.2,56.82
2024-01-01 01:15:00,10.515,30.772,0.0,55.09,56.19
2024-01-01 01:20:00,127.269,46.935,0.0,48.44,62.52
2024-01-01 01:25:00,30.825,37.04,0.0,57.14,59.72
2024-01-01 01:30:00,37.065,23.293,0.0,33.47,60.61
2024-01-01 01:35:00,47.56,22.06,0.0,15.55,61.03
2024-01-01 01:40:00,25.175,29.334,0.0,26.57,59.86
2024-01-01 01:45:00,14.204,23.575,0.0,23.7,53.42
2024-01-01 01:50:00,33.622,21.871,0.0,30.71,65.14
2024-01-01 01:55:00,22.932,28.505,0.0,65.59,65.36
2024-01-01 02:00:00,41.925,30.361,0.0,56.27,59.7
2024-01-01 02:05:00,39.661,28.741,0.0,42.0,66.18
2024-01-01 02:10:00,20.534,33.984,0.0,43.01,49.21
2024-01-01 02:15:00,43.768,42.716,0.0,40.66,53.15
2024-01-01 02:20:00,39.337,29.86,0.0,54.78,48.32
2024-01-01 02:25:00,33.747,35.767,0.0,96.4,56.51
2024-01-01 02:30:00,32.841,30.041,0.0,49.54,34.63
2024-01-01 02:35:00,60.094,31.902,0.0,35.03,60.8
2024-01-01 02:40:00,33.469,31.333,0.0,48.5,62.45
2024-01-01 02:45:00,36.071,21.99,0.0,51.8,57.41
2024-01-01 02:50:00,31.941,31.048,0.0,44.92,53.96
2024-01-01 02:55:00,32.713,25.721,0.0,48.51,52.59
2024-01-01 03:00:00,125.023,48.093,0.0,58.92,65.32
2024-01-01 03:05:00,12.314,31.554,0.0,42.16,49.07
2024-01-01 03:10:00,33.41,39.371,0.0,53.29,49.06
2024-01-01 03:15:00,36.034,22.886,0.0,36.4,56.58
2024-01-01 03:20:00,27.863,31.487,0.0,49.37,36.86
2024-01-01 03:25:00,22.609,35.634,0.0,8.01,52.53
2024-01-01 03:30:00,28.236,35.228,0.0,39.02,66.49
2024-01-01 03:35:00,56.188,37.218,0.0,46.25,60.3
2024-01-01 03:40:00,39.351,31.395,0.0,38.82,54.76
2024-01-01 03:45:00,51.089,34.563,0.0,50.23,65.58
2024-01-01 03:50:00,24.9,27.539,0.0,35.86,59.31
2024-01-01 03:55:00,29.709,32.89,0.0,31.45,49.05
2024-01-01 04:00:00,19.76,30.26,0.0,31.4,59.17
2024-01-01 04:05:00,36.003,33.724,0.0,40.59,56.18
2024-01-01 04:10:00,49.207,21.56,0.0,53.3,56.21
2024-01-01 04:15:00,33.984,28.307,0.0,49.58,63.6
2024-01-01 04:20:00,24.322,28.794,0.0,26.69,61.94
2024-01-01 04:25:00,35.999,38.669,0.0,49.06,63.12
2024-01-01 04:30:00,27.52,37.033,0.0,38.78,62.4
2024-01-01 04:35:00,20.086,30.16,0.0,55.43,59.43
2024-01-01 04:40:00,36.356,27.386,0.0,47.49,63.13
2024-01-01 04:45:00,15.969,31.486,0.0,36.04,61.39
2024-01-01 04:50:00,45.155,36.367,0.0,55.2,43.26
2024-01-01 04:55:00,35.593,38.291,0.0,33.49,64.19
2024-01-01 05:00:00,30.237,25.228,0.0,40.73,61.96
2024-01-01 05:05:00,30.286,35.473,0.0,40.19,60.35
2024-01-01 05:10:00,48.301,35.448,0.0,71.62,58.38
2024-01-01 05:15:00,35.021,41.163,0.0,38.57,43.2
2024-01-01 05:20:00,32.018,38.44,0.0,32.47,69.91
2024-01-01 05:25:00,29.559,19.173,0.0,35.39,62.14
2024-01-01 05:30:00,37.146,28.919,0.0,48.0,69.27
2024-01-01 05:35:00,37.233,28.077,0.0,44.29,65.75
2024-01-01 05:40:00,38.196,32.593,0.0,21.46,53.27
2024-01-01 05:45:00,30.438,39.683,0.4047,39.45,66.71
2024-01-01 05:50:00,27.722,26.019,0.0,39.62,54.84
2024-01-01 05:55:00,37.016,34.743,0.0,46.16,59.98
2024-01-01 06:00:00,30.357,31.566,0.0,39.51,66.71
2024-01-01 06:05:00,38.109,32.249,0.0,40.3,54.42
2024-01-01 06:10:00,15.141,30.918,0.0,20.9,46.45
2024-01-01 06:15:00,32.975,21.172,0.0,65.8,53.7
2024-01-01 06:20:00,26.812,27.715,0.0,37.38,59.0
2024-01-01 06:25:00,27.394,29.498,0.0,49.64,61.58
2024-01-01 06:30:00,35.658,35.423,0.0,26.48,64.44
2024-01-01 06:35:00,52.178,32.024,0.0,61.49,77.05
2024-01-01 06:40:00,27.551,31.441,0.0,40.88,49.94
2024-01-01 06:45:00,31.878,22.001,0.0,34.2,51.29
2024-01-01 06:50:00,42.779,32.573,0.0,48.95,68.42
2024-01-01 06:55:00,29.557,22.847,0.0,48.18,66.5
2024-01-01 07:00:00,21.298,32.581,0.0,28.55,64.74
2024-01-01 07:05:00,57.247,37.723,0.0,47.37,49.52
2024-01-01 07:10:00,37.204,22.179,0.0,51.71,59.63
2024-01-01 07:15:00,36.253,36.399,0.0,44.31,55.59
2024-01-01 07:20:00,34.216,29.98,0.0,60.62,42.48
2024-01-01 07:25:00,19.386,23.024,0.0,49.92,76.07
2024-01-01 07:30:00,28.073,32.102,0.0,20.3,62.2
2024-01-01 07:35:00,124.787,39.783,0.3367,53.26,66.76
2024-01-01 07:40:00,36.571,23.993,0.0,42.5,61.03
2024-01-01 07:45:00,18.937,33.775,0.0,42.49,49.39
2024-01-01 07:50:00,34.771,31.151,0.0,26.78,54.05
2024-01-01 07:55:00,26.472,33.382,0.0,52.75,49.53
2024-01-01 08:00:00,102.842,52.956,0.0,64.61,55.2
2024-01-01 08:05:00,110.419,50.524,0.0,34.58,48.72
2024-01-01 08:10:00,87.207,27.445,0.0,78.21,56.06
2024-01-01 08:15:00,105.585,37.532,0.0,67.87,57.86
2024-01-01 08:20:00,124.424,46.737,0.0,45.58,52.33
2024-01-01 08:25:00,509.329,91.813,0.0,99.0,72.81
2024-01-01 08:30:00,115.307,39.03,0.0,54.18,63.37
2024-01-01 08:35:00,112.982,41.81,0.0,49.54,59.4
2024-01-01 08:40:00,98.557,55.241,0.3248,49.67,54.88
2024-01-01 08:45:00,348.832,72.565,0.0,80.05,53.39
2024-01-01 08:50:00,123.764,37.837,0.0,71.72,57.68
2024-01-01 08:55:00,120.633,44.126,0.0,49.16,65.79
2024-01-01 09:00:00,95.895,29.358,0.0,43.54,66.81
2024-01-01 09:05:00,159.647,42.887,0.0,74.74,42.95
2024-01-01 09:10:00,132.74,47.037,0.0,63.29,54.77
2024-01-01 09:15:00,129.383,31.703,0.0,69.08,52.89
2024-01-01 09:20:00,78.182,32.276,0.0,58.8,59.07
2024-01-01 09:25:00,92.674,46.867,0.0,26.96,51.5
2024-01-01 09:30:00,147.972,43.001,0.0,57.57,52.53
2024-01-01 09:35:00,141.124,42.43,0.0,60.39,71.54
2024-01-01 09:40:00,107.218,34.622,0.0,31.01,55.8
2024-01-01 09:45:00,103.806,43.789,0.0,42.99,59.8
2024-01-01 09:50:00,81.375,36.284,0.0,55.17,47.87
2024-01-01 09:55:00,99.894,39.447,0.0,54.64,68.62
2024-01-01 10:00:00,98.412,36.485,0.0,45.0,69.26
2024-01-01 10:05:00,106.823,45.114,0.0,60.37,62.22
2024-01-01 10:10:00,108.312,40.09,0.0,44.07,51.91
2024-01-01 10:15:00,113.711,30.947,0.0,46.97,53.94
2024-01-01 10:20:00,126.859,41.434,0.0,51.68,62.32
2024-01-01 10:25:00,114.01,31.886,0.0,52.26,73.11
2024-01-01 10:30:00,140.929,34.021,0.0,52.81,62.73
2024-01-01 10:35:00,135.073,43.007,0.0533,40.71,58.29
2024-01-01 10:40:00,124.57,44.674,0.0,58.99,51.64
2024-01-01 10:45:00,117.484,48.763,0.0,49.12,49.61
2024-01-01 10:50:00,140.135,37.966,0.0,54.49,50.46
2024-01-01 10:55:00,120.195,38.469,0.0,58.04,49.73
2024-01-01 11:00:00,129.297,37.834,0.0,69.44,56.65
2024-01-01 11:05:00,111.833,48.118,0.0,30.47,49.68
2024-01-01 11:10:00,111.595,37.794,0.0,62.3,56.85
2024-01-01 11:15:00,119.0,49.274,0.0,76.08,64.92
2024-01-01 11:20:00,61.957,41.786,0.0,54.8,46.66
2024-01-01 11:25:00,97.924,40.883,0.0,40.43,71.32
2024-01-01 11:30:00,97.528,40.549,0.0,38.35,64.28
2024-01-01 11:35:00,95.81,52.736,0.0,40.16,48.14
2024-01-01 11:40:00,76.428,36.149,0.4543,46.05,68.77
2024-01-01 11:45:00,72.334,53.089,0.0,38.69,63.06
2024-01-01 11:50:00,136.633,33.374,0.0,37.19,58.1
2024-01-01 11:55:00,143.228,40.704,0.0,53.27,48.51
2024-01-01 12:00:00,116.046,44.824,0.0,57.93,61.37
2024-01-01 12:05:00,94.146,41.689,0.0,50.12,60.04
2024-01-01 12:10:00,116.327,30.988,0.0,64.0,55.36
2024-01-01 12:15:00,52.996,42.258,0.0,38.32,52.15
2024-01-01 12:20:00,104.871,49.884,0.0,60.3,40.26
2024-01-01 12:25:00,150.394,46.958,0.0,55.03,44.02
2024-01-01 12:30:00,113.551,39.959,4.0287,50.07,53.59
2024-01-01 12:35:00,97.008,42.431,0.0,53.97,52.57
2024-01-01 12:40:00,142.887,38.677,0.0,75.77,51.97
2024-01-01 12:45:00,111.498,38.462,0.0,52.42,35.54
2024-01-01 12:50:00,136.454,43.189,0.0,50.5,60.6
2024-01-01 12:55:00,109.762,38.99,0.0,43.63,58.74
2024-01-01 13:00:00,136.016,47.863,0.0,64.01,64.88
2024-01-01 13:05:00,96.179,39.268,0.0,66.6,51.56
2024-01-01 13:10:00,71.591,25.247,0.0,32.85,56.58
2024-01-01 13:15:00,102.526,39.911,0.0,61.48,39.53
2024-01-01 13:20:00,107.001,43.004,0.0,61.98,65.09
2024-01-01 13:25:00,109.327,30.689,0.0,71.08,64.52
2024-01-01 13:30:00,129.776,39.561,0.2707,50.12,52.52
2024-01-01 13:35:00,98.321,47.399,0.0,28.39,54.02
2024-01-01 13:40:00,401.653,78.542,0.0,99.0,55.71
2024-01-01 13:45:00,329.684,62.743,0.0,70.62,64.2
2024-01-01 13:50:00,122.798,38.648,0.0,59.23,57.14
2024-01-01 13:55:00,117.347,30.149,0.0,43.95,73.5
2024-01-01 14:00:00,114.765,42.212,0.0,48.54,44.68
2024-01-01 14:05:00,124.939,46.781,0.0,46.9,53.74
2024-01-01 14:10:00,124.736,41.522,0.0,45.32,63.04
2024-01-01 14:15:00,101.467,45.879,0.0,59.24,60.91
2024-01-01 14:20:00,62.584,35.277,0.0,61.38,55.48
2024-01-01 14:25:00,119.437,43.484,0.0,65.03,42.26
2024-01-01 14:30:00,118.287,42.774,0.0,25.42,62.25
2024-01-01 14:35:00,110.166,36.211,0.0,39.39,62.11
2024-01-01 14:40:00,103.634,39.435,0.0,61.13,55.14
2024-01-01 14:45:00,112.658,35.499,0.0,47.98,59.0
2024-01-01 14:50:00,126.721,50.238,0.0,42.19,67.41
2024-01-01 14:55:00,158.348,45.008,0.0,67.02,63.48
2024-01-01 15:00:00,123.041,38.686,0.0,57.94,45.05
2024-01-01 15:05:00,105.777,42.536,0.0,28.88,54.72
2024-01-01 15:10:00,122.222,41.963,0.0,69.67,60.88
2024-01-01 15:15:00,104.802,53.104,0.4295,48.08,52.31
2024-01-01 15:20:00,130.486,55.375,0.0,78.47,62.79
2024-01-01 15:25:00,86.033,38.122,0.0,34.66,58.04
2024-01-01 15:30:00,106.012,43.228,0.0,49.87,62.91
2024-01-01 15:35:00,112.543,46.567,0.0,44.13,52.42
2024-01-01 15:40:00,119.51,41.41,0.0,52.06,56.77
2024-01-01 15:45:00,104.453,29.526,0.0,54.4,59.3
2024-01-01 15:50:00,121.874,33.802,0.0,39.85,55.82
2024-01-01 15:55:00,79.997,39.877,0.0,57.35,58.07
2024-01-01 16:00:00,97.486,35.663,0.0,53.48,56.44
2024-01-01 16:05:00,83.461,43.34,0.0,48.08,60.69
2024-01-01 16:10:00,137.927,46.112,0.0,67.94,43.23
2024-01-01 16:15:00,112.141,36.163,0.0,53.81,63.23
2024-01-01 16:20:00,95.61,44.962,0.0,43.15,55.89
2024-01-01 16:25:00,94.928,54.438,0.0,31.76,48.61
2024-01-01 16:30:00,110.591,38.927,0.0,55.19,56.51
2024-01-01 16:35:00,98.286,38.426,0.0,54.61,63.06
2024-01-01 16:40:00,81.878,33.428,0.0,49.57,62.54
2024-01-01 16:45:00,116.651,43.535,0.0,38.83,56.09
2024-01-01 16:50:00,113.222,40.771,0.0,48.6,66.16
2024-01-01 16:55:00,127.217,45.065,0.0,42.73,63.21
2024-01-01 17:00:00,79.537,39.232,0.0,36.78,45.55
2024-01-01 17:05:00,108.303,45.005,0.0,68.49,62.53
2024-01-01 17:10:00,89.633,34.71,0.0,47.04,58.08
2024-01-01 17:15:00,56.349,32.0,0.0,51.82,69.17
2024-01-01 17:20:00,83.283,40.81,0.0,39.66,52.77
2024-01-01 17:25:00,54.799,28.971,0.3004,52.41,53.24
2024-01-01 17:30:00,90.267,29.196,0.0,69.2,57.24
2024-01-01 17:35:00,110.553,40.356,0.0,75.43,51.94
2024-01-01 17:40:00,114.092,35.635,0.0,71.88,54.51
2024-01-01 17:45:00,99.258,40.551,0.0,55.14,48.31
2024-01-01 17:50:00,143.462,39.377,0.0,57.37,55.37
2024-01-01 17:55:00,89.757,37.39,0.0,37.19,63.08
2024-01-01 18:00:00,138.818,35.158,0.0,64.85,66.15
2024-01-01 18:05:00,137.045,35.522,0.0,42.7,54.66
2024-01-01 18:10:00,103.346,37.771,0.0,37.38,63.59
2024-01-01 18:15:00,114.78,34.761,0.0,58.52,60.68
2024-01-01 18:20:00,114.582,25.63,0.0,56.07,57.16
2024-01-01 18:25:00,114.626,34.734,0.0,57.81,68.85
2024-01-01 18:30:00,94.479,35.987,0.0,71.37,48.47
2024-01-01 18:35:00,85.704,38.605,0.0,57.6,71.06
2024-01-01 18:40:00,68.488,30.611,0.0,23.01,78.0
2024-01-01 18:45:00,98.074,30.974,0.0,39.69,60.8
2024-01-01 18:50:00,101.418,36.757,0.0,34.58,57.6
2024-01-01 18:55:00,133.247,33.393,0.0,48.91,63.0
2024-01-01 19:00:00,40.235,37.297,0.0,30.69,55.23
2024-01-01 19:05:00,37.894,36.545,0.0,54.56,80.36
2024-01-01 19:10:00,35.379,30.733,0.0,59.59,62.29
2024-01-01 19:15:00,28.446,30.291,0.0,30.29,49.9
2024-01-01 19:20:00,32.41,22.736,0.0,53.25,55.94
2024-01-01 19:25:00,23.154,25.458,0.0,57.44,62.2
2024-01-01 19:30:00,14.873,20.794,0.0,42.23,57.31
2024-01-01 19:35:00,31.34,19.773,0.0,56.82,52.13
2024-01-01 19:40:00,46.078,28.5,0.0,39.72,59.04
2024-01-01 19:45:00,45.022,43.968,0.0,19.7,53.43
2024-01-01 19:50:00,35.332,24.86,0.0,45.25,63.04
2024-01-01 19:55:00,26.265,31.741,0.0,41.53,46.08
2024-01-01 20:00:00,35.301,23.266,0.0,46.83,63.37
2024-01-01 20:05:00,35.289,22.956,0.0,52.42,53.06
2024-01-01 20:10:00,27.395,30.075,0.0,41.92,57.66
2024-01-01 20:15:00,35.655,183.329,0.4438,36.29,47.19
2024-01-01 20:20:00,23.246,30.089,0.0,35.14,53.71
2024-01-01 20:25:00,29.777,40.674,0.0,44.8,51.19
2024-01-01 20:30:00,34.416,37.414,0.0,45.7,70.26
2024-01-01 20:35:00,37.715,34.265,0.0,42.39,57.86
2024-01-01 20:40:00,29.399,38.855,0.0,38.59,40.91
2024-01-01 20:45:00,28.09,33.094,0.0,46.36,62.53
2024-01-01 20:50:00,11.598,33.483,0.0,53.74,61.14
2024-01-01 20:55:00,12.444,37.597,0.0,42.67,58.62
2024-01-01 21:00:00,35.736,28.288,0.0,57.16,51.64
2024-01-01 21:05:00,35.655,24.587,0.0,46.43,60.65
2024-01-01 21:10:00,30.091,30.148,0.0,27.38,66.65
2024-01-01 21:15:00,29.333,25.412,0.0,43.04,46.06
2024-01-01 21:20:00,42.777,35.504,0.0,46.91,66.51
2024-01-01 21:25:00,38.147,24.895,0.0,43.41,60.79
2024-01-01 21:30:00,31.543,40.506,0.0,49.96,53.32
2024-01-01 21:35:00,27.309,30.67,0.0,45.89,62.63
2024-01-01 21:40:00,29.609,39.09,0.0,40.86,66.42
2024-01-01 21:45:00,35.794,34.082,0.2824,48.91,50.19
2024-01-01 21:50:00,36.272,28.629,0.0,30.99,70.9
2024-01-01 21:55:00,29.01,29.262,0.0,32.73,62.15
2024-01-01 22:00:00,27.254,26.511,0.0,48.61,64.43
2024-01-01 22:05:00,27.86,29.754,0.0,61.38,62.66
2024-01-01 22:10:00,33.89,39.916,0.0,30.83,71.45
2024-01-01 22:15:00,28.457,30.403,0.0,16.86,66.43
2024-01-01 22:20:00,31.528,32.759,0.0,31.45,67.3
2024-01-01 22:25:00,43.471,33.759,0.0,68.74,57.23
2024-01-01 22:30:00,22.728,43.59,0.0,24.53,52.04
2024-01-01 22:35:00,12.117,42.646,0.0,26.47,63.31
2024-01-01 22:40:00,31.612,31.902,0.0,35.81,57.21
2024-01-01 22:45:00,28.24,25.605,0.0,29.4,56.93
2024-01-01 22:50:00,42.979,37.798,0.0,42.36,83.86
2024-01-01 22:55:00,23.618,24.088,0.0,57.07,62.62
2024-01-01 23:00:00,47.553,29.038,0.0,37.41,63.88
2024-01-01 23:05:00,45.797,36.485,0.0,36.7,42.71
2024-01-01 23:10:00,33.61,22.917,0.2833,33.16,67.33
2024-01-01 23:15:00,25.214,43.857,0.0,32.56,70.78
2024-01-01 23:20:00,41.059,32.358,0.0,38.98,66.07
2024-01-01 23:25:00,44.137,25.167,0.0,40.38,65.46
2024-01-01 23:30:00,39.825,32.711,0.0,44.11,51.32
2024-01-01 23:35:00,24.968,24.648,0.0,29.59,57.96
2024-01-01 23:40:00,125.396,53.993,0.0,68.73,56.53
2024-01-01 23:45:00,28.845,30.795,0.0,39.91,59.4
2024-01-01 23:50:00,49.395,39.313,0.0,39.74,46.75
2024-01-01 23:55:00,25.207,32.792,0.0,29.09,56.55
2024-01-02 00:00:00,34.839,26.828,0.0,38.76,51.47
2024-01-02 00:05:00,23.959,267.537,0.0,44.24,56.19
2024-01-02 00:10:00,31.814,30.264,0.0,41.54,52.54
2024-01-02 00:15:00,47.736,32.462,0.0,57.92,54.06
2024-01-02 00:20:00,30.148,29.748,0.0,36.39,55.05
2024-01-02 00:25:00,31.97,38.611,0.3593,23.58,57.69
2024-01-02 00:30:00,44.637,37.262,0.0,39.6,53.69
2024-01-02 00:35:00,31.915,24.672,0.0,47.47,64.4
2024-01-02 00:40:00,29.892,27.921,0.0,50.23,50.07
2024-01-02 00:45:00,21.718,29.93,0.0,53.96,57.05
2024-01-02 00:50:00,26.109,25.293,0.0,32.41,51.62
2024-01-02 00:55:00,33.349,33.244,0.0,47.09,64.58
2024-01-02 01:00:00,34.427,27.209,0.0,45.95,49.19
2024-01-02 01:05:00,26.715,29.0,0.0,32.47,61.78
2024-01-02 01:10:00,25.54,16.691,0.0,53.82,56.96
2024-01-02 01:15:00,30.824,29.489,0.0,37.78,52.66
2024-01-02 01:20:00,26.315,31.328,0.0,21.54,68.6
2024-01-02 01:25:00,29.989,24.718,0.0,29.34,61.52
2024-01-02 01:30:00,25.065,32.905,0.0,40.77,58.99
2024-01-02 01:35:00,29.87,40.004,0.0,49.1,58.87
2024-01-02 01:40:00,37.9,33.58,0.0,45.71,58.24
2024-01-02 01:45:00,29.678,27.055,0.0,62.39,63.69
2024-01-02 01:50:00,30.793,37.155,0.0,42.34,69.94
2024-01-02 01:55:00,26.107,24.77,0.0,37.64,48.41
2024-01-02 02:00:00,47.065,33.498,0.0,62.62,71.01
2024-01-02 02:05:00,34.262,27.92,0.0,33.51,49.91
2024-01-02 02:10:00,44.311,29.733,0.0,33.69,59.33
2024-01-02 02:15:00,36.52,26.137,0.0,39.32,55.33
2024-01-02 02:20:00,31.951,32.901,0.0,36.7,51.83
2024-01-02 02:25:00,48.479,24.245,0.0,40.85,57.44
2024-01-02 02:30:00,38.777,32.305,0.0,44.58,50.32
2024-01-02 02:35:00,26.722,28.127,0.0,39.65,58.89
2024-01-02 02:40:00,25.168,28.858,0.0,31.47,62.38
2024-01-02 02:45:00,26.359,24.307,0.0,32.5,52.71
2024-01-02 02:50:00,28.491,32.06,0.0,36.51,70.71
2024-01-02 02:55:00,30.712,25.282,0.0,38.37,54.82
2024-01-02 03:00:00,55.861,123.357,0.0,47.18,54.33
2024-01-02 03:05:00,35.1,38.062,0.0,43.0,72.86
2024-01-02 03:10:00,19.661,33.987,0.0,43.39,54.21
2024-01-02 03:15:00,33.836,32.113,0.0,31.99,54.49
2024-01-02 03:20:00,17.503,24.658,0.4912,36.38,40.24
2024-01-02 03:25:00,34.526,34.647,0.0,43.39,39.35
2024-01-02 03:30:00,32.158,31.975,0.0,51.78,52.52
2024-01-02 03:35:00,35.131,22.169,0.0,44.26,60.8
2024-01-02 03:40:00,19.65,27.113,0.0,29.86,58.58
2024-01-02 03:45:00,22.303,22.87,0.0,40.28,63.12
2024-01-02 03:50:00,29.326,33.423,0.2229,31.61,51.77
2024-01-02 03:55:00,26.167,34.25,0.0,47.65,51.53
2024-01-02 04:00:00,37.365,27.697,0.0,40.54,69.73
2024-01-02 04:05:00,31.766,34.201,0.0,46.49,62.63
2024-01-02 04:10:00,33.81,41.42,0.0,61.17,51.06
2024-01-02 04:15:00,32.374,31.046,0.0,62.3,61.8
2024-01-02 04:20:00,42.135,39.752,0.0,23.08,56.51
2024-01-02 04:25:00,12.212,30.543,0.0,31.27,55.51
2024-01-02 04:30:00,25.594,28.324,0.0,18.32,70.94
2024-01-02 04:35:00,38.368,35.458,0.0,19.97,63.78
2024-01-02 04:40:00,45.153,35.099,0.0,26.55,54.81
2024-01-02 04:45:00,33.169,39.385,0.0,53.83,55.14
2024-01-02 04:50:00,40.751,44.227,0.0,40.66,65.93
2024-01-02 04:55:00,44.646,35.701,0.0,33.43,62.42
2024-01-02 05:00:00,26.689,28.868,0.0,34.06,57.27
2024-01-02 05:05:00,28.188,37.651,0.0,29.76,47.76
2024-01-02 05:10:00,42.721,33.87,0.0,57.26,63.71
2024-01-02 05:15:00,36.627,29.718,0.0,52.99,46.2
2024-01-02 05:20:00,39.741,43.775,0.0,20.69,54.65
2024-01-02 05:25:00,29.917,34.011,0.0,38.95,69.09
2024-01-02 05:30:00,38.425,26.872,0.0,42.52,58.01
2024-01-02 05:35:00,43.327,38.719,0.0,55.92,51.33
2024-01-02 05:40:00,32.632,32.922,0.0,65.06,62.19
2024-01-02 05:45:00,0.0,41.716,0.0,32.44,53.68
2024-01-02 05:50:00,32.797,38.564,0.0,26.28,51.89
2024-01-02 05:55:00,25.137,25.761,0.0,53.93,61.4
2024-01-02 06:00:00,29.581,40.516,0.0,43.01,61.01
2024-01-02 06:05:00,28.423,31.574,0.0,49.62,47.81
2024-01-02 06:10:00,48.342,38.917,0.0,46.05,37.83
2024-01-02 06:15:00,45.723,37.508,0.0,28.74,45.19
2024-01-02 06:20:00,44.603,36.811,0.0,47.83,54.92
2024-01-02 06:25:00,39.67,39.634,0.0,45.56,49.86
2024-01-02 06:30:00,10.21,30.455,0.0,51.03,61.4
2024-01-02 06:35:00,21.886,29.861,0.0,52.83,64.56
2024-01-02 06:40:00,41.125,27.782,0.0,33.68,66.03
2024-01-02 06:45:00,24.607,34.238,0.0,39.04,59.7
2024-01-02 06:50:00,30.339,42.351,0.0,40.14,60.76
2024-01-02 06:55:00,28.82,32.298,0.0,41.82,61.07
2024-01-02 07:00:00,42.097,38.857,0.0,43.75,61.11
2024-01-02 07:05:00,35.202,26.829,0.0,36.99,62.74
2024-01-02 07:10:00,38.88,39.983,0.0,55.53,78.61
2024-01-02 07:15:00,18.992,35.212,0.0,50.61,57.39
2024-01-02 07:20:00,34.106,30.133,0.0,35.24,58.18
2024-01-02 07:25:00,40.965,37.148,0.0,29.66,67.9
2024-01-02 07:30:00,25.304,31.066,0.2486,49.3,70.16
2024-01-02 07:35:00,31.961,23.846,0.0,16.07,61.36
2024-01-02 07:40:00,24.092,28.019,0.0,44.41,52.08
2024-01-02 07:45:00,46.471,31.447,0.0,42.95,65.63
2024-01-02 07:50:00,21.566,41.612,0.0,29.78,56.73
2024-01-02 07:55:00,30.838,20.448,0.0,16.31,59.31
2024-01-02 08:00:00,96.745,41.502,0.0,46.42,55.92
2024-01-02 08:05:00,129.203,43.929,0.0,59.44,55.43
2024-01-02 08:10:00,112.228,44.778,0.0,38.05,61.74
2024-01-02 08:15:00,336.374,76.482,0.0,81.03,52.02
2024-01-02 08:20:00,61.259,32.169,0.0,44.8,63.43
2024-01-02 08:25:00,144.919,38.887,0.0,61.64,55.43
2024-01-02 08:30:00,116.519,39.148,0.0,68.18,54.61
2024-01-02 08:35:00,107.11,277.385,0.0,77.5,65.92
2024-01-02 08:40:00,95.149,26.088,0.0,45.18,59.02
2024-01-02 08:45:00,117.99,47.23,0.0,66.81,54.89
2024-01-02 08:50:00,144.34,47.074,0.3815,66.39,50.5
2024-01-02 08:55:00,99.298,36.677,0.0,27.31,43.75
2024-01-02 09:00:00,133.046,32.841,0.0,52.4,63.24
2024-01-02 09:05:00,65.938,29.629,0.0,49.01,55.73
2024-01-02 09:10:00,97.681,44.62,0.0,52.7,48.98
2024-01-02 09:15:00,115.304,45.293,0.0,50.8,59.87
2024-01-02 09:20:00,95.229,43.432,0.0,51.73,43.68
2024-01-02 09:25:00,115.811,39.158,0.0,60.16,55.29
2024-01-02 09:30:00,107.644,49.796,0.0,39.39,60.77
2024-01-02 09:35:00,102.115,45.783,0.0,58.43,62.36
2024-01-02 09:40:00,108.396,41.009,0.0,46.42,46.75
2024-01-02 09:45:00,318.963,60.901,0.0,64.03,52.66
2024-01-02 09:50:00,96.991,35.471,0.0,41.18,56.27
2024-01-02 09:55:00,119.607,40.607,0.0,41.55,57.08
2024-01-02 10:00:00,121.396,35.519,3.0666,55.59,53.92
2024-01-02 10:05:00,104.593,42.92,0.2644,39.89,49.15
2024-01-02 10:10:00,157.702,57.861,0.0,48.23,61.77
2024-01-02 10:15:00,140.662,50.765,0.0,63.01,68.8
2024-01-02 10:20:00,372.58,80.411,0.0,99.0,61.9
2024-01-02 10:25:00,115.367,29.91,0.0,56.1,64.6
2024-01-02 10:30:00,184.996,53.335,0.0,71.81,65.81
2024-01-02 10:35:00,150.692,33.796,0.0,53.86,53.57
2024-01-02 10:40:00,147.8,50.768,0.0,78.93,55.27
2024-01-02 10:45:00,182.974,47.302,0.0,60.58,44.53
2024-01-02 10:50:00,115.72,38.914,0.0,29.67,51.16
2024-01-02 10:55:00,85.331,48.554,0.0,61.37,59.75
2024-01-02 11:00:00,130.278,46.012,0.0,38.93,53.78
2024-01-02 11:05:00,165.31,48.822,0.0,65.22,64.93
2024-01-02 11:10:00,82.075,29.979,0.0,35.97,65.68
2024-01-02 11:15:00,136.373,44.621,0.0,52.98,55.09
2024-01-02 11:20:00,124.754,29.459,0.0,39.69,63.36
2024-01-02 11:25:00,127.194,35.842,0.0,65.03,59.9
2024-01-02 11:30:00,117.704,39.62,0.0,42.17,53.59
2024-01-02 11:35:00,142.668,45.303,0.0,58.44,65.47
2024-01-02 11:40:00,153.141,38.372,0.0,60.98,50.14
2024-01-02 11:45:00,179.984,51.753,0.0,67.73,54.07
2024-01-02 11:50:00,166.477,54.644,0.0,59.15,65.74
2024-01-02 11:55:00,164.433,48.719,0.0,96.78,69.78
2024-01-02 12:00:00,84.915,132.826,0.0,36.03,59.27
2024-01-02 12:05:00,87.093,43.377,0.0,42.03,52.43
2024-01-02 12:10:00,151.233,41.725,0.0,81.27,56.45
2024-01-02 12:15:00,187.923,40.108,0.3835,66.25,52.04
2024-01-02 12:20:00,137.497,49.384,0.0,58.59,49.07
2024-01-02 12:25:00,114.039,45.296,0.0,41.35,46.51
2024-01-02 12:30:00,135.538,36.731,0.0,59.59,72.66
2024-01-02 12:35:00,123.089,42.621,0.0,66.45,65.83
2024-01-02 12:40:00,199.459,59.807,0.0,65.6,52.58
2024-01-02 12:45:00,68.923,28.859,0.0,61.74,48.87
2024-01-02 12:50:00,163.548,48.791,0.0,50.32,47.72
2024-01-02 12:55:00,170.594,54.764,0.0,72.01,60.95
2024-01-02 13:00:00,148.918,37.911,0.0,62.62,72.35
2024-01-02 13:05:00,133.749,38.69,0.0,66.37,59.72
2024-01-02 13:10:00,159.671,50.706,0.0,68.04,45.44
2024-01-02 13:15:00,136.687,37.345,0.0,68.35,62.09
2024-01-02 13:20:00,108.72,284.984,0.0,61.78,71.22
2024-01-02 13:25:00,100.022,29.785,0.0,32.07,56.54
2024-01-02 13:30:00,140.333,54.12,0.0,51.55,69.68
2024-01-02 13:35:00,177.114,56.805,0.0,67.63,46.74
2024-01-02 13:40:00,144.217,37.467,0.0,55.93,64.48
2024-01-02 13:45:00,143.381,39.94,0.0,57.68,67.65
2024-01-02 13:50:00,175.283,44.675,0.0,63.89,49.95
2024-01-02 13:55:00,127.875,44.109,0.0,72.17,75.07
2024-01-02 14:00:00,85.854,41.217,0.0,56.46,63.6
2024-01-02 14:05:00,131.809,45.713,0.0,61.81,56.91
2024-01-02 14:10:00,196.206,48.118,0.0,66.74,45.99
2024-01-02 14:15:00,158.316,59.558,0.0,49.13,63.81
2024-01-02 14:20:00,164.167,46.164,0.0,71.74,42.99
2024-01-02 14:25:00,158.9,51.862,0.0,55.15,60.37
2024-01-02 14:30:00,166.978,55.811,0.0,57.87,69.83
2024-01-02 14:35:00,168.353,45.252,0.0,87.5,60.8
2024-01-02 14:40:00,137.394,51.971,0.0,57.09,67.05
2024-01-02 14:45:00,132.548,38.291,0.0,52.32,62.91
2024-01-02 14:50:00,96.763,42.302,0.0,22.58,56.46
2024-01-02 14:55:00,115.098,30.268,0.0,62.41,59.03
2024-01-02 15:00:00,110.703,42.474,0.0,64.58,70.04
2024-01-02 15:05:00,93.556,36.497,0.1744,60.31,76.55
2024-01-02 15:10:00,123.048,34.722,0.0,46.76,60.01
2024-01-02 15:15:00,124.101,49.792,0.0,80.33,51.22
2024-01-02 15:20:00,199.275,40.4,0.0,64.51,63.68
2024-01-02 15:25:00,104.957,47.929,0.0,69.96,76.59
2024-01-02 15:30:00,154.548,50.941,0.091,63.09,61.39
2024-01-02 15:35:00,102.286,49.08,0.0,35.64,53.93
2024-01-02 15:40:00,102.44,32.762,0.0,49.69,72.94
2024-01-02 15:45:00,134.658,39.233,0.0,54.4,59.96
2024-01-02 15:50:00,120.46,37.251,0.0,44.58,51.15
2024-01-02 15:55:00,110.221,40.545,0.0,32.39,57.12
2024-01-02 16:00:00,100.489,42.481,0.0,57.98,51.83
2024-01-02 16:05:00,102.776,29.031,0.0,48.76,50.7
2024-01-02 16:10:00,119.731,43.978,0.0,45.13,68.82
2024-01-02 16:15:00,78.621,38.229,0.0,40.53,66.15
2024-01-02 16:20:00,106.507,47.754,0.0,64.07,54.74
2024-01-02 16:25:00,67.964,38.033,0.0,27.7,66.21
2024-01-02 16:30:00,147.41,52.848,0.0,46.91,60.34
2024-01-02 16:35:00,82.801,48.432,0.0,52.92,70.26
2024-01-02 16:40:00,98.738,29.939,0.0,65.37,48.49
2024-01-02 16:45:00,109.47,41.723,0.0,57.45,54.73
2024-01-02 16:50:00,111.226,38.24,0.0,55.13,47.27
2024-01-02 16:55:00,128.932,44.268,0.0,55.6,72.44
2024-01-02 17:00:00,67.124,33.201,0.0,63.54,53.64
2024-01-02 17:05:00,146.996,48.572,0.0,86.49,50.97
2024-01-02 17:10:00,68.802,31.937,0.113,44.47,55.06
2024-01-02 17:15:00,83.367,36.619,0.0,37.57,45.78
2024-01-02 17:20:00,402.362,71.979,0.0,99.0,57.27
2024-01-02 17:25:00,151.602,48.001,0.0,40.0,87.81
2024-01-02 17:30:00,93.426,32.844,0.0,44.23,49.76
2024-01-02 17:35:00,119.289,33.943,0.0,47.22,59.16
2024-01-02 17:40:00,127.74,35.088,0.0,53.63,67.79
2024-01-02 17:45:00,127.603,48.071,0.0,64.01,52.66
2024-01-02 17:50:00,111.88,38.607,0.0,88.09,58.18
2024-01-02 17:55:00,91.867,39.554,0.0,79.12,49.96
2024-01-02 18:00:00,88.031,32.421,0.0,52.77,47.5
2024-01-02 18:05:00,127.712,47.95,0.0,56.46,56.31
2024-01-02 18:10:00,110.87,54.716,0.0,71.23,45.52
2024-01-02 18:15:00,119.035,43.92,0.0,78.89,56.07
2024-01-02 18:20:00,121.968,41.92,0.0,47.21,49.62
2024-01-02 18:25:00,87.563,37.959,0.0,56.54,52.77
2024-01-02 18:30:00,122.336,48.423,0.0,63.0,55.55
2024-01-02 18:35:00,106.001,45.348,0.0,71.75,63.55
2024-01-02 18:40:00,119.655,38.23,0.0,57.53,54.17
2024-01-02 18:45:00,96.752,39.871,0.0,62.08,60.67
2024-01-02 18:50:00,127.749,43.438,0.0,51.68,56.39
2024-01-02 18:55:00,155.13,41.221,0.0,42.01,60.02
2024-01-02 19:00:00,47.194,33.941,0.0,21.68,50.37
2024-01-02 19:05:00,119.475,52.393,0.0,70.56,51.85
2024-01-02 19:10:00,25.276,21.484,0.0,44.87,60.64
2024-01-02 19:15:00,43.523,42.956,0.0,53.63,63.32
2024-01-02 19:20:00,18.742,28.46,0.0,43.65,57.09
2024-01-02 19:25:00,29.3,28.297,0.0,47.58,51.05
2024-01-02 19:30:00,41.816,31.954,0.0,64.47,58.23
2024-01-02 19:35:00,33.888,31.313,0.2142,20.39,41.45
2024-01-02 19:40:00,35.687,39.835,0.0,24.11,69.87
2024-01-02 19:45:00,26.513,30.917,0.0,40.98,70.3
2024-01-02 19:50:00,45.703,29.441,0.0,23.36,57.58
2024-01-02 19:55:00,29.223,33.264,0.0,52.5,58.77
2024-01-02 20:00:00,17.954,26.008,0.0,36.7,51.03
2024-01-02 20:05:00,33.384,29.471,0.0,57.33,62.78
2024-01-02 20:10:00,26.578,30.519,0.0,41.61,66.85
2024-01-02 20:15:00,38.404,23.755,0.0,38.64,45.98
2024-01-02 20:20:00,43.162,32.069,0.0,42.79,49.26
2024-01-02 20:25:00,37.794,26.726,0.0,50.19,53.47
2024-01-02 20:30:00,29.278,29.754,0.0,34.78,61.15
2024-01-02 20:35:00,36.732,28.106,0.0,54.99,55.48
2024-01-02 20:40:00,21.309,34.653,0.0,42.41,60.65
2024-01-02 20:45:00,28.606,28.305,0.0,37.78,70.7
2024-01-02 20:50:00,35.976,33.132,0.0,49.06,47.28
2024-01-02 20:55:00,17.588,34.2,0.0,16.6,39.8
2024-01-02 21:00:00,36.972,35.423,0.0,44.17,59.21
2024-01-02 21:05:00,35.876,25.057,0.0,29.77,49.54
2024-01-02 21:10:00,35.673,24.762,0.0,46.68,58.27
2024-01-02 21:15:00,15.761,35.458,0.0,49.54,67.54
2024-01-02 21:20:00,31.428,35.238,0.0,48.96,55.84
2024-01-02 21:25:00,31.608,38.787,0.0,41.5,65.38
2024-01-02 21:30:00,38.589,32.292,0.0,51.92,62.19
2024-01-02 21:35:00,30.604,17.953,0.0,52.64,63.54
2024-01-02 21:40:00,49.574,33.202,0.0,40.78,62.77
2024-01-02 21:45:00,42.604,32.118,0.0,31.02,49.66
2024-01-02 21:50:00,47.14,37.324,0.0,41.35,60.06
2024-01-02 21:55:00,28.059,39.058,0.0,49.53,46.45
2024-01-02 22:00:00,28.383,24.191,0.0,50.22,59.53
2024-01-02 22:05:00,33.897,27.504,0.0,46.43,72.53
2024-01-02 22:10:00,27.345,40.748,0.0,64.0,66.59
2024-01-02 22:15:00,28.777,31.391,0.0,55.85,52.83
2024-01-02 22:20:00,34.276,29.79,0.0,38.43,51.15
2024-01-02 22:25:00,36.467,39.967,0.0,54.01,55.54
2024-01-02 22:30:00,30.638,27.403,0.0,53.83,56.43
2024-01-02 22:35:00,33.392,30.145,0.0,50.05,58.47
2024-01-02 22:40:00,27.504,30.645,0.0,35.7,51.86
2024-01-02 22:45:00,34.094,42.245,0.0,40.16,47.02
2024-01-02 22:50:00,28.085,23.086,0.0,45.74,77.9
2024-01-02 22:55:00,194.648,45.268,0.0,85.9,71.5
2024-01-02 23:00:00,25.055,33.569,0.0,64.27,64.2
2024-01-02 23:05:00,42.526,29.158,0.0,46.23,53.36
2024-01-02 23:10:00,28.608,42.086,0.0,36.88,53.76
2024-01-02 23:15:00,38.693,31.073,0.0,43.85,43.18
2024-01-02 23:20:00,43.093,26.509,0.0,70.31,64.43
2024-01-02 23:25:00,16.201,30.865,0.0,38.88,45.53
2024-01-02 23:30:00,36.476,41.307,0.0,45.66,65.88
2024-01-02 23:35:00,34.641,39.317,0.0,36.45,49.6
2024-01-02 23:40:00,39.544,32.764,0.0,36.82,62.64
2024-01-02 23:45:00,39.725,31.285,0.0,37.13,61.84
2024-01-02 23:50:00,38.921,36.644,0.0,40.28,61.5
2024-01-02 23:55:00,36.838,35.814,0.0,39.72,71.6
2024-01-03 00:00:00,191.353,48.892,0.0,57.12,64.2
2024-01-03 00:05:00,31.425,29.28,0.0,48.55,57.64
2024-01-03 00:10:00,24.196,29.369,0.0,20.74,59.35
2024-01-03 00:15:00,10.367,17.354,0.0,26.8,63.78
2024-01-03 00:20:00,39.44,28.587,0.0,46.83,62.86
2024-01-03 00:25:00,28.196,27.713,0.0,58.8,51.16
2024-01-03 00:30:00,22.392,29.238,0.0,43.22,53.68
2024-01-03 00:35:00,34.569,24.23,0.0,53.83,70.22
2024-01-03 00:40:00,47.051,38.354,0.0,34.51,46.26
2024-01-03 00:45:00,45.946,21.553,0.0,42.49,48.34
2024-01-03 00:50:00,43.212,29.002,0.0,38.46,42.45
2024-01-03 00:55:00,33.705,37.611,0.0,15.5,63.51
2024-01-03 01:00:00,36.575,35.125,0.0,62.67,44.13
2024-01-03 01:05:00,97.328,34.902,0.0,52.91,51.06
2024-01-03 01:10:00,46.193,33.462,0.0,37.03,50.65
2024-01-03 01:15:00,46.576,34.458,0.0,22.39,60.42
2024-01-03 01:20:00,18.154,38.197,0.0,56.59,40.24
2024-01-03 01:25:00,33.69,33.689,0.0,64.04,42.34
2024-01-03 01:30:00,39.7,24.867,0.0,39.73,54.84
2024-01-03 01:35:00,29.933,32.943,0.0,55.41,40.29
2024-01-03 01:40:00,36.398,22.906,0.0,13.36,53.7
2024-01-03 01:45:00,35.309,38.846,0.0,34.52,57.37
2024-01-03 01:50:00,32.293,31.833,0.0,41.56,46.52
2024-01-03 01:55:00,20.415,37.627,0.0,31.45,62.6
2024-01-03 02:00:00,48.938,36.455,0.0,29.05,60.17
2024-01-03 02:05:00,34.427,22.581,0.0,44.57,44.05
2024-01-03 02:10:00,42.607,31.654,0.0,45.19,57.31
2024-01-03 02:15:00,53.849,37.429,0.0,40.63,67.73
2024-01-03 02:20:00,38.079,34.406,0.0,20.4,54.74
2024-01-03 02:25:00,33.964,26.456,0.0,38.67,47.56
2024-01-03 02:30:00,16.574,27.575,0.295,43.42,59.16
2024-01-03 02:35:00,26.198,22.626,0.0,40.81,65.07
2024-01-03 02:40:00,16.295,30.49,0.0,47.51,65.09
2024-01-03 02:45:00,27.783,33.054,0.0,31.94,49.37
2024-01-03 02:50:00,32.942,27.424,0.0,55.58,53.67
2024-01-03 02:55:00,21.418,31.649,0.0,21.67,61.77
2024-01-03 03:00:00,53.844,32.612,0.0,49.44,52.03
2024-01-03 03:05:00,34.434,37.491,0.0,33.04,50.88
2024-01-03 03:10:00,28.923,31.048,0.0,48.61,57.78
2024-01-03 03:15:00,21.756,36.182,0.0,39.45,65.51
2024-01-03 03:20:00,18.243,28.888,0.0,21.41,56.7
2024-01-03 03:25:00,26.488,37.537,0.1718,57.44,56.06
2024-01-03 03:30:00,40.343,24.753,0.0,18.45,56.55
2024-01-03 03:35:00,29.042,33.881,0.0,36.86,64.37
2024-01-03 03:40:00,33.424,18.745,0.0,54.67,62.51
2024-01-03 03:45:00,26.044,32.122,0.0,57.94,73.78
2024-01-03 03:50:00,36.486,24.121,0.0,52.13,62.81
2024-01-03 03:55:00,44.825,38.926,0.0,55.35,65.9
2024-01-03 04:00:00,19.071,30.044,0.0,48.14,58.58
2024-01-03 04:05:00,30.153,26.38,0.0,47.67,51.13
2024-01-03 04:10:00,20.942,30.227,0.0,53.76,57.69
2024-01-03 04:15:00,35.344,44.3,0.0,11.89,55.53
2024-01-03 04:20:00,32.024,38.8,0.0,38.49,63.79
2024-01-03 04:25:00,31.633,42.329,0.0,49.46,57.49
2024-01-03 04:30:00,35.445,34.603,0.0,51.08,71.63
2024-01-03 04:35:00,26.878,40.732,0.0,28.47,58.4
2024-01-03 04:40:00,46.116,36.178,0.0,38.17,64.28
2024-01-03 04:45:00,43.441,27.226,0.0,46.29,55.68
2024-01-03 04:50:00,35.705,33.831,0.0,35.31,57.82
2024-01-03 04:55:00,26.796,39.222,0.0,39.46,49.76
2024-01-03 05:00:00,33.543,25.957,0.0,33.75,63.55
2024-01-03 05:05:00,41.68,30.188,0.0,37.15,47.14
2024-01-03 05:10:00,49.932,30.889,0.0,23.3,69.5
2024-01-03 05:15:00,19.501,19.223,0.0,38.7,51.28
2024-01-03 05:20:00,55.193,28.921,0.0,90.08,52.17
2024-01-03 05:25:00,43.546,41.534,0.0,40.63,62.68
2024-01-03 05:30:00,24.379,24.243,0.0,36.39,48.02
2024-01-03 05:35:00,34.098,26.911,0.0,48.87,53.12
2024-01-03 05:40:00,22.215,34.893,0.0,47.26,71.71
2024-01-03 05:45:00,36.323,40.692,0.0,28.28,61.51
2024-01-03 05:50:00,34.521,27.347,0.0,32.62,50.36
2024-01-03 05:55:00,36.343,30.351,0.0,61.0,64.2
2024-01-03 06:00:00,25.032,34.288,0.0,44.27,56.12
2024-01-03 06:05:00,36.676,35.662,0.0712,47.49,60.07
2024-01-03 06:10:00,39.372,29.725,0.0,53.68,57.43
2024-01-03 06:15:00,39.885,25.749,0.0,18.99,72.04
2024-01-03 06:20:00,35.259,36.246,0.0,21.59,51.4
2024-01-03 06:25:00,31.511,23.018,0.0,47.47,59.22
2024-01-03 06:30:00,25.188,36.665,0.0,42.32,45.61
2024-01-03 06:35:00,39.0,26.003,0.0,32.06,59.34
2024-01-03 06:40:00,49.028,39.606,0.0,41.8,53.8
2024-01-03 06:45:00,32.716,29.718,0.0,53.88,54.73
2024-01-03 06:50:00,81.157,42.476,0.0,65.56,47.26
2024-01-03 06:55:00,30.085,41.577,0.0,25.47,47.55
2024-01-03 07:00:00,35.049,41.034,0.0,56.79,51.41
2024-01-03 07:05:00,16.77,27.633,0.0,60.31,61.1
2024-01-03 07:10:00,35.8,24.554,0.0,35.54,61.18
2024-01-03 07:15:00,26.226,28.064,0.0,29.0,67.77
2024-01-03 07:20:00,37.595,34.193,0.0,51.05,59.34
2024-01-03 07:25:00,33.682,28.048,0.0,18.57,46.84
2024-01-03 07:30:00,17.043,33.208,0.0,33.86,57.04
2024-01-03 07:35:00,33.696,29.622,0.0,40.21,60.95
2024-01-03 07:40:00,43.251,25.535,0.0,43.78,52.86
2024-01-03 07:45:00,22.005,32.401,0.0,47.45,64.04
2024-01-03 07:50:00,27.22,38.351,0.0,30.89,53.87
2024-01-03 07:55:00,44.738,32.065,0.0,14.87,54.53
2024-01-03 08:00:00,170.767,45.457,0.0,51.87,62.23
2024-01-03 08:05:00,126.152,39.33,0.0,89.12,56.93
2024-01-03 08:10:00,92.969,37.886,0.0,44.76,48.01
2024-01-03 08:15:00,94.891,25.821,0.0,51.69,76.92
2024-01-03 08:20:00,142.42,42.597,0.1485,70.39,60.34
2024-01-03 08:25:00,122.645,45.273,0.0,53.91,58.36
2024-01-03 08:30:00,130.652,40.96,0.0,62.77,42.71
2024-01-03 08:35:00,100.656,22.226,0.0,54.2,50.57
2024-01-03 08:40:00,122.469,42.19,0.0,67.47,57.87
2024-01-03 08:45:00,105.545,36.37,0.0,71.3,64.71
2024-01-03 08:50:00,126.335,47.543,0.0,56.72,52.38
2024-01-03 08:55:00,128.526,56.279,0.0,39.47,52.38
2024-01-03 09:00:00,136.973,30.918,0.0,20.05,37.92
2024-01-03 09:05:00,111.008,36.003,0.0,42.17,56.22
2024-01-03 09:10:00,99.54,35.043,0.0,70.82,43.92
2024-01-03 09:15:00,92.613,45.603,0.0,49.82,59.93
2024-01-03 09:20:00,96.051,33.041,0.0,53.92,58.23
2024-01-03 09:25:00,109.833,42.215,0.0,70.17,59.0
2024-01-03 09:30:00,112.863,50.372,0.0,43.69,64.74
2024-01-03 09:35:00,119.778,35.704,0.0,33.96,52.06
2024-01-03 09:40:00,145.842,42.828,0.0,56.5,54.14
2024-01-03 09:45:00,128.609,42.513,0.0,55.2,58.02
2024-01-03 09:50:00,101.326,35.617,0.4995,62.25,60.44
2024-01-03 09:55:00,89.518,40.434,0.0,57.97,58.09
2024-01-03 10:00:00,105.25,47.999,0.0,62.3,65.81
2024-01-03 10:05:00,152.25,47.043,0.0,65.15,64.06
2024-01-03 10:10:00,106.72,36.891,0.0,67.98,55.69
2024-01-03 10:15:00,127.21,47.353,0.0,61.3,62.99
2024-01-03 10:20:00,147.34,32.045,0.0,61.93,53.21
2024-01-03 10:25:00,119.338,59.92,0.0,26.32,46.31
2024-01-03 10:30:00,138.543,43.436,0.0,60.63,60.96
2024-01-03 10:35:00,200.706,50.928,0.0,37.49,43.55
2024-01-03 10:40:00,140.769,48.175,0.0,63.64,68.53
2024-01-03 10:45:00,78.857,37.624,0.1619,50.25,53.34
2024-01-03 10:50:00,196.648,49.524,0.0,73.73,56.88
2024-01-03 10:55:00,69.179,40.238,0.0,53.12,56.47
2024-01-03 11:00:00,153.419,39.933,0.0,68.3,70.81
2024-01-03 11:05:00,143.842,42.639,0.0,83.07,49.4
2024-01-03 11:10:00,169.76,56.701,0.0,81.21,57.52
2024-01-03 11:15:00,146.077,46.812,0.0,45.41,55.71
2024-01-03 11:20:00,120.714,42.052,0.0,61.09,49.36
2024-01-03 11:25:00,112.04,46.381,0.0,59.96,67.55
2024-01-03 11:30:00,83.816,45.874,0.0,40.5,46.34
2024-01-03 11:35:00,129.974,38.059,0.0,38.83,52.04
2024-01-03 11:40:00,195.488,51.849,0.0,69.89,62.3
2024-01-03 11:45:00,136.007,40.3,0.0,58.91,53.54
2024-01-03 11:50:00,134.72,43.33,0.0,62.95,70.76
2024-01-03 11:55:00,162.182,47.53,0.0,88.52,61.15
2024-01-03 12:00:00,120.592,39.699,0.0,54.9,64.76
2024-01-03 12:05:00,119.363,50.228,0.0,44.85,52.07
2024-01-03 12:10:00,155.709,39.325,0.0,56.11,62.33
2024-01-03 12:15:00,129.675,45.997,0.0,61.05,59.83
2024-01-03 12:20:00,145.556,46.562,0.0,47.15,65.03
2024-01-03 12:25:00,256.506,49.63,0.0,63.75,51.55
2024-01-03 12:30:00,184.389,50.5,0.0,67.41,60.54
2024-01-03 12:35:00,80.214,51.195,0.0,39.55,60.67
2024-01-03 12:40:00,204.938,35.983,0.0,51.75,47.52
2024-01-03 12:45:00,190.353,45.982,0.0,58.39,61.94
2024-01-03 12:50:00,139.799,41.961,0.0,42.75,58.05
2024-01-03 12:55:00,128.554,35.399,0.0,62.99,62.88
2024-01-03 13:00:00,131.445,45.713,0.4307,71.31,49.52
2024-01-03 13:05:00,126.28,51.744,0.0,64.92,54.85
2024-01-03 13:10:00,106.393,33.814,0.0,28.45,65.48
2024-01-03 13:15:00,98.062,34.719,0.0,66.95,60.3
2024-01-03 13:20:00,189.5,37.592,0.0,62.46,57.62
2024-01-03 13:25:00,114.363,37.766,0.0,51.78,51.34
2024-01-03 13:30:00,162.41,52.336,0.0,54.74,58.74
2024-01-03 13:35:00,157.777,52.23,0.0,62.51,66.6
2024-01-03 13:40:00,150.058,45.213,0.0,51.79,38.94
2024-01-03 13:45:00,146.932,52.542,0.0,49.3,69.27
2024-01-03 13:50:00,130.55,46.155,0.0,67.42,64.44
2024-01-03 13:55:00,139.618,43.243,0.0,68.97,58.57
2024-01-03 14:00:00,87.44,36.251,0.0,38.09,64.39
2024-01-03 14:05:00,116.703,34.079,0.0,36.75,57.03
2024-01-03 14:10:00,137.992,52.637,0.0,50.8,62.01
2024-01-03 14:15:00,101.511,44.674,2.0185,36.84,54.05
2024-01-03 14:20:00,171.42,51.496,0.0,52.4,59.9
2024-01-03 14:25:00,97.244,42.545,0.0,52.24,69.06
2024-01-03 14:30:00,126.055,49.1,0.0,71.24,47.36
2024-01-03 14:35:00,110.546,43.446,0.0,61.38,52.87
2024-01-03 14:40:00,589.586,112.024,0.4724,99.0,63.85
2024-01-03 14:45:00,143.514,34.273,0.0,67.04,49.19
2024-01-03 14:50:00,123.503,44.083,0.0,31.91,58.29
2024-01-03 14:55:00,103.246,41.003,0.0,77.95,62.66
2024-01-03 15:00:00,66.144,36.849,0.0,53.75,54.14
2024-01-03 15:05:00,120.975,42.323,0.0,30.98,51.95
2024-01-03 15:10:00,84.004,39.706,0.0,27.12,53.3
2024-01-03 15:15:00,123.889,43.013,0.0,65.22,47.15
2024-01-03 15:20:00,75.014,40.592,2.2887,48.88,52.47
2024-01-03 15:25:00,97.289,42.157,0.0,37.48,59.61
2024-01-03 15:30:00,111.503,48.253,0.0,81.0,58.31
2024-01-03 15:35:00,92.579,34.277,0.0,62.33,48.81
2024-01-03 15:40:00,100.467,40.631,0.0,43.76,56.64
2024-01-03 15:45:00,135.316,44.642,0.0,63.66,48.44
2024-01-03 15:50:00,143.394,43.241,0.4878,72.78,68.23
2024-01-03 15:55:00,110.678,42.26,0.0,46.7,66.46
2024-01-03 16:00:00,121.967,35.842,0.0,53.43,60.08
2024-01-03 16:05:00,130.453,41.763,0.0,50.34,65.34
2024-01-03 16:10:00,125.744,34.597,0.0,59.92,55.13
2024-01-03 16:15:00,111.88,53.139,0.0,64.73,60.47
2024-01-03 16:20:00,80.973,33.788,0.0,45.57,58.97
2024-01-03 16:25:00,137.963,48.38,0.0,57.56,49.67
2024-01-03 16:30:00,505.043,87.297,0.0,99.0,63.33
2024-01-03 16:35:00,130.41,37.692,0.0,43.97,57.74
2024-01-03 16:40:00,134.403,48.347,0.0,40.94,66.11
2024-01-03 16:45:00,78.53,37.335,0.0,43.58,45.99
2024-01-03 16:50:00,107.436,39.041,0.0,50.14,61.34
2024-01-03 16:55:00,108.516,39.86,0.0,82.32,50.65
2024-01-03 17:00:00,128.898,52.386,0.0,57.01,54.52
2024-01-03 17:05:00,84.09,30.935,0.0,62.47,48.6
2024-01-03 17:10:00,100.904,40.979,0.0,50.91,66.95
2024-01-03 17:15:00,120.502,45.944,0.4631,30.7,56.16
2024-01-03 17:20:00,115.092,46.496,6.3853,65.42,58.64
2024-01-03 17:25:00,103.042,40.828,0.0,60.2,67.81
2024-01-03 17:30:00,90.454,36.881,0.0,33.35,52.9
2024-01-03 17:35:00,88.15,38.474,0.0,17.82,60.52
2024-01-03 17:40:00,80.885,36.948,0.0,51.36,62.07
2024-01-03 17:45:00,114.589,36.978,0.0,53.93,56.24
2024-01-03 17:50:00,141.127,59.383,0.0,71.33,64.84
2024-01-03 17:55:00,86.494,51.203,0.0,65.71,63.93
2024-01-03 18:00:00,105.093,39.489,0.0,44.13,63.75
2024-01-03 18:05:00,149.436,31.132,0.0,56.17,62.97
2024-01-03 18:10:00,106.596,46.588,0.4134,49.68,53.68
2024-01-03 18:15:00,145.005,40.67,0.0,55.51,58.39
2024-01-03 18:20:00,90.309,41.404,0.0,49.49,54.2
2024-01-03 18:25:00,67.076,27.843,0.0,30.53,59.13
2024-01-03 18:30:00,87.781,37.602,0.0,61.23,62.06
2024-01-03 18:35:00,70.381,32.603,0.0,54.15,50.45
2024-01-03 18:40:00,101.123,43.195,0.0,46.85,60.25
2024-01-03 18:45:00,128.714,38.535,0.0,61.53,62.14
2024-01-03 18:50:00,86.856,40.524,0.0,90.28,66.33
2024-01-03 18:55:00,86.966,40.987,0.0,20.2,40.59
2024-01-03 19:00:00,28.809,27.76,0.0,47.43,61.23
2024-01-03 19:05:00,22.329,32.026,0.0,19.67,64.53
2024-01-03 19:10:00,42.926,36.958,6.7916,39.58,54.12
2024-01-03 19:15:00,26.423,38.529,0.0,54.57,59.22
2024-01-03 19:20:00,30.085,21.608,0.0,35.27,40.78
2024-01-03 19:25:00,17.046,17.411,0.0,23.84,61.28
2024-01-03 19:30:00,31.248,35.252,0.0,39.18,48.25
2024-01-03 19:35:00,46.168,33.077,0.0,49.36,70.06
2024-01-03 19:40:00,40.067,23.978,0.0,54.52,70.79
2024-01-03 19:45:00,24.994,21.248,0.0,65.43,64.04
2024-01-03 19:50:00,34.558,33.174,0.0,19.51,57.7
2024-01-03 19:55:00,24.328,24.617,0.0,96.37,51.29
2024-01-03 20:00:00,16.96,17.588,0.0,45.55,47.45
2024-01-03 20:05:00,33.884,31.993,3.3387,40.39,57.64
2024-01-03 20:10:00,38.26,38.135,0.0,49.48,49.22
2024-01-03 20:15:00,24.066,28.341,0.3695,32.71,51.88
2024-01-03 20:20:00,28.95,41.948,0.0,42.27,62.1
2024-01-03 20:25:00,30.172,26.356,0.0,39.85,52.04
2024-01-03 20:30:00,25.372,46.419,0.0,62.52,62.74
2024-01-03 20:35:00,16.954,28.681,0.0,46.16,64.52
2024-01-03 20:40:00,116.466,52.389,0.0,68.25,55.09
2024-01-03 20:45:00,29.376,28.303,0.0,28.29,50.14
2024-01-03 20:50:00,32.807,36.66,0.0,42.27,55.88
2024-01-03 20:55:00,33.729,30.966,0.0,56.58,46.39
2024-01-03 21:00:00,50.816,25.213,0.0,41.55,63.52
2024-01-03 21:05:00,37.705,33.493,0.0,40.51,47.04
2024-01-03 21:10:00,97.855,46.492,0.0,29.67,59.47
2024-01-03 21:15:00,44.531,27.883,0.0,56.44,55.22
2024-01-03 21:20:00,44.698,35.051,0.0,46.77,68.19
2024-01-03 21:25:00,32.069,35.0,0.0,52.9,68.98
2024-01-03 21:30:00,38.07,36.259,0.0,50.65,58.19
2024-01-03 21:35:00,21.965,38.165,0.0,26.8,62.91
2024-01-03 21:40:00,51.586,33.153,0.0,40.01,66.37
2024-01-03 21:45:00,38.583,21.748,0.0,43.92,56.64
2024-01-03 21:50:00,41.798,34.716,0.0,46.26,45.77
2024-01-03 21:55:00,31.257,37.885,0.0,40.62,59.41
2024-01-03 22:00:00,22.236,34.695,0.0,25.06,66.89
2024-01-03 22:05:00,51.985,35.833,0.0,44.6,43.18
2024-01-03 22:10:00,23.466,18.036,0.0,40.27,71.16
2024-01-03 22:15:00,113.767,44.719,0.0,62.7,52.2
2024-01-03 22:20:00,36.706,42.084,0.0,44.56,55.67
2024-01-03 22:25:00,21.644,27.315,0.0,50.54,50.89
2024-01-03 22:30:00,27.078,30.66,0.0,22.93,69.93
2024-01-03 22:35:00,27.067,26.963,0.0,32.46,58.37
2024-01-03 22:40:00,37.695,37.575,0.0,45.94,54.49
2024-01-03 22:45:00,40.015,31.407,0.0,63.85,51.02
2024-01-03 22:50:00,17.053,29.828,0.0,31.61,63.75
2024-01-03 22:55:00,37.09,37.447,0.0,24.4,45.52
2024-01-03 23:00:00,52.231,31.193,4.6765,27.28,50.24
2024-01-03 23:05:00,16.49,33.99,0.0,18.65,69.21
2024-01-03 23:10:00,23.956,25.247,0.0,29.06,60.15
2024-01-03 23:15:00,26.916,24.425,0.0,54.65,61.12
2024-01-03 23:20:00,36.148,42.172,0.0,59.26,53.82
2024-01-03 23:25:00,26.58,24.894,0.0,34.25,53.44
2024-01-03 23:30:00,47.585,32.931,0.0,30.54,53.84
2024-01-03 23:35:00,18.428,33.778,0.0,34.88,46.54
2024-01-03 23:40:00,43.316,11.387,0.0,60.46,51.34
2024-01-03 23:45:00,12.68,33.158,0.0,52.19,59.83
2024-01-03 23:50:00,41.572,39.097,0.0,51.62,49.74
2024-01-03 23:55:00,26.403,30.868,0.0,47.74,48.54
2024-01-04 00:00:00,24.567,34.15,0.0,33.79,67.54
2024-01-04 00:05:00,33.752,23.88,0.0,25.54,66.95
2024-01-04 00:10:00,26.166,31.861,0.0,39.26,64.64
2024-01-04 00:15:00,25.354,39.419,0.0,40.64,68.74
2024-01-04 00:20:00,23.99,27.711,0.0,42.17,59.41
2024-01-04 00:25:00,25.347,31.998,0.0,41.1,57.49
2024-01-04 00:30:00,27.929,44.159,0.0,31.87,54.52
2024-01-04 00:35:00,34.634,33.097,0.0,58.4,48.58
2024-01-04 00:40:00,18.752,19.392,0.0,41.49,57.44
2024-01-04 00:45:00,33.237,37.899,0.0,23.95,62.95
2024-01-04 00:50:00,35.976,42.068,0.0,44.88,54.94
2024-01-04 00:55:00,35.114,35.131,0.0,17.77,58.76
2024-01-04 01:00:00,26.161,31.546,0.0,24.18,60.55
2024-01-04 01:05:00,25.004,25.003,0.0,37.42,72.78
2024-01-04 01:10:00,33.866,28.753,0.0,37.46,50.72
2024-01-04 01:15:00,21.918,37.013,0.0,38.22,53.85
2024-01-04 01:20:00,35.328,46.185,0.0,47.82,67.22
2024-01-04 01:25:00,41.091,36.121,0.0,28.88,62.29
2024-01-04 01:30:00,20.045,25.643,0.0,43.48,58.55
2024-01-04 01:35:00,29.621,29.673,0.0,51.71,69.15
2024-01-04 01:40:00,33.389,27.125,0.0,62.55,57.06
2024-01-04 01:45:00,13.87,24.007,0.0,36.06,52.86
2024-01-04 01:50:00,28.791,37.125,0.0,37.38,67.97
2024-01-04 01:55:00,26.364,36.421,0.0,27.86,68.79
2024-01-04 02:00:00,40.93,39.864,0.0,41.48,57.05
2024-01-04 02:05:00,28.961,31.179,0.0,65.9,62.75
2024-01-04 02:10:00,23.646,36.295,0.0,35.31,54.78
2024-01-04 02:15:00,18.83,45.954,0.0,23.21,55.97
2024-01-04 02:20:00,35.735,28.069,0.0,44.91,54.55
2024-01-04 02:25:00,35.372,31.858,0.0,64.13,53.06
2024-01-04 02:30:00,26.928,29.297,0.0,54.4,57.11
2024-01-04 02:35:00,25.68,29.23,0.0,50.55,57.15
2024-01-04 02:40:00,37.019,24.903,0.0,45.9,55.66
2024-01-04 02:45:00,34.553,31.706,0.0,34.22,62.4
2024-01-04 02:50:00,25.753,30.709,0.0,40.63,53.58
2024-01-04 02:55:00,30.642,30.831,0.0,38.21,46.82
2024-01-04 03:00:00,18.215,26.308,0.0,59.0,43.17
2024-01-04 03:05:00,38.108,29.083,0.0,38.14,66.73
2024-01-04 03:10:00,23.04,33.044,0.0502,25.7,63.64
2024-01-04 03:15:00,35.014,34.321,0.0,39.79,61.25
2024-01-04 03:20:00,38.468,32.097,0.0,36.37,68.08
2024-01-04 03:25:00,23.214,30.322,0.0896,33.47,63.43
2024-01-04 03:30:00,33.899,45.989,0.0,57.48,66.12
2024-01-04 03:35:00,36.88,42.877,0.0,45.35,69.7
2024-01-04 03:40:00,30.077,27.964,0.0,37.5,53.02
2024-01-04 03:45:00,43.749,32.363,0.0,31.46,48.36
2024-01-04 03:50:00,41.173,22.14,0.0,31.26,67.09
2024-01-04 03:55:00,41.806,42.268,0.0,31.69,65.87
2024-01-04 04:00:00,28.536,29.115,0.0,46.28,58.36
2024-01-04 04:05:00,46.558,28.864,0.0,48.47,50.74
2024-01-04 04:10:00,46.53,35.113,0.0,40.14,61.1
2024-01-04 04:15:00,31.596,38.32,0.0,43.34,55.1
2024-01-04 04:20:00,26.716,25.924,0.0,43.69,60.84
2024-01-04 04:25:00,31.541,35.114,0.0,59.27,66.32
2024-01-04 04:30:00,41.459,31.942,0.0,12.82,50.04
2024-01-04 04:35:00,28.955,32.389,0.0,31.96,71.67
2024-01-04 04:40:00,31.139,16.717,0.0,27.13,48.97
2024-01-04 04:45:00,33.258,38.755,0.0,59.24,51.03
2024-01-04 04:50:00,28.399,36.135,0.0,36.25,71.84
2024-01-04 04:55:00,28.296,37.415,0.0,44.44,62.79
2024-01-04 05:00:00,39.673,31.268,0.0,89.37,53.07
2024-01-04 05:05:00,34.61,33.497,0.0,30.63,55.74
2024-01-04 05:10:00,27.947,26.845,0.0,38.19,43.65
2024-01-04 05:15:00,24.958,21.935,0.0,34.09,52.98
2024-01-04 05:20:00,32.904,31.493,0.0,37.26,57.28
2024-01-04 05:25:00,26.054,20.965,0.0,35.06,60.47
2024-01-04 05:30:00,30.158,36.466,0.0,46.65,63.6
2024-01-04 05:35:00,32.682,43.723,0.0,52.2,59.66
2024-01-04 05:40:00,25.227,31.624,0.0,36.25,56.87
2024-01-04 05:45:00,49.628,43.071,0.0,37.62,55.62
2024-01-04 05:50:00,40.113,24.573,0.0,46.12,57.87
2024-01-04 05:55:00,27.266,24.566,0.0,42.1,54.02
2024-01-04 06:00:00,40.657,32.634,0.0,47.91,65.53
2024-01-04 06:05:00,24.42,41.431,0.0,58.9,53.64
2024-01-04 06:10:00,92.953,43.901,0.0,51.29,44.68
2024-01-04 06:15:00,53.967,42.4,0.0,32.55,45.22
2024-01-04 06:20:00,26.089,29.598,0.0,28.8,64.91
2024-01-04 06:25:00,28.187,42.357,0.0,29.31,63.29
2024-01-04 06:30:00,42.543,36.613,0.0,28.47,59.92
2024-01-04 06:35:00,33.344,21.28,0.0,46.95,51.43
2024-01-04 06:40:00,46.796,21.987,0.0,54.22,69.85
2024-01-04 06:45:00,40.826,43.957,0.0,30.65,51.48
2024-01-04 06:50:00,50.319,24.313,0.0,50.65,56.68
2024-01-04 06:55:00,22.518,29.826,0.0,42.93,66.46
2024-01-04 07:00:00,43.653,26.012,0.0,61.1,51.99
2024-01-04 07:05:00,25.05,37.459,0.0,40.47,65.84
2024-01-04 07:10:00,33.715,31.085,0.0,27.86,62.93
2024-01-04 07:15:00,30.755,42.795,0.0,23.64,57.88
2024-01-04 07:20:00,31.925,36.183,0.0,36.76,53.49
2024-01-04 07:25:00,28.335,27.512,0.0,52.37,30.49
2024-01-04 07:30:00,34.766,34.553,0.0,39.49,63.25
2024-01-04 07:35:00,34.922,43.908,0.0,33.39,51.05
2024-01-04 07:40:00,41.88,38.404,0.0,45.64,68.12
2024-01-04 07:45:00,32.614,38.362,0.0,19.28,57.48
2024-01-04 07:50:00,41.67,39.522,0.0,33.84,72.86
2024-01-04 07:55:00,39.644,37.985,0.0,47.44,59.46
2024-01-04 08:00:00,117.781,53.035,0.0,63.3,54.48
2024-01-04 08:05:00,103.874,213.895,0.0,37.4,53.64
2024-01-04 08:10:00,95.592,38.752,0.0,41.3,47.97
2024-01-04 08:15:00,85.633,36.726,0.0,53.01,49.17
2024-01-04 08:20:00,90.288,36.43,0.0,59.94,50.16
2024-01-04 08:25:00,118.355,40.445,0.0,47.77,57.22
2024-01-04 08:30:00,97.727,31.543,4.6224,49.22,47.13
2024-01-04 08:35:00,110.444,41.376,0.0,53.46,56.65
2024-01-04 08:40:00,79.825,40.895,0.0,47.49,60.16
2024-01-04 08:45:00,105.589,39.12,0.0,51.52,64.38
2024-01-04 08:50:00,158.071,46.95,0.0,63.65,60.04
2024-01-04 08:55:00,127.561,51.849,0.0,49.41,50.89
2024-01-04 09:00:00,121.255,39.696,0.0,57.83,64.4
2024-01-04 09:05:00,92.974,30.456,0.0,39.83,63.43
2024-01-04 09:10:00,100.328,33.751,0.0,55.95,49.89
2024-01-04 09:15:00,87.946,38.925,0.0,47.34,62.78
2024-01-04 09:20:00,110.563,45.976,0.0,71.44,51.79
2024-01-04 09:25:00,79.479,42.377,0.3424,55.45,51.29
2024-01-04 09:30:00,127.117,49.479,0.0,61.94,72.06
2024-01-04 09:35:00,129.468,49.816,0.0,58.26,68.91
2024-01-04 09:40:00,144.997,50.442,0.0,52.57,48.85
2024-01-04 09:45:00,110.373,30.394,0.0,57.09,68.82
2024-01-04 09:50:00,77.313,41.04,0.0,58.83,60.98
2024-01-04 09:55:00,108.913,36.668,0.0,58.45,54.85
2024-01-04 10:00:00,141.146,43.179,0.0,47.93,60.86
2024-01-04 10:05:00,116.187,50.891,0.0,48.15,74.48
2024-01-04 10:10:00,102.737,47.848,0.0,73.44,84.91
2024-01-04 10:15:00,114.474,42.398,0.0,56.45,49.14
2024-01-04 10:20:00,126.338,51.174,0.0,39.78,47.97
2024-01-04 10:25:00,118.395,44.161,0.0,47.2,44.29
2024-01-04 10:30:00,119.379,41.668,0.0,50.18,64.6
2024-01-04 10:35:00,92.212,50.154,0.0,94.07,55.62
2024-01-04 10:40:00,83.764,47.339,0.0,33.04,48.53
2024-01-04 10:45:00,135.61,27.615,0.0,59.33,55.14
2024-01-04 10:50:00,115.114,44.697,0.0,62.6,50.39
2024-01-04 10:55:00,135.944,37.573,0.1202,52.24,58.63
2024-01-04 11:00:00,144.312,52.45,0.0,71.61,59.12
2024-01-04 11:05:00,127.245,35.741,0.0,37.24,57.75
2024-01-04 11:10:00,103.939,45.417,0.0,52.52,62.36
2024-01-04 11:15:00,76.983,32.149,0.0,64.44,61.23
2024-01-04 11:20:00,82.755,45.196,0.0,59.15,64.84
2024-01-04 11:25:00,119.197,39.677,0.0,42.62,65.93
2024-01-04 11:30:00,166.224,52.658,0.0,61.97,48.2
2024-01-04 11:35:00,129.957,49.284,0.0,75.7,71.32
2024-01-04 11:40:00,94.514,38.834,0.0,72.58,65.68
2024-01-04 11:45:00,143.836,40.323,0.0,67.68,73.54
2024-01-04 11:50:00,107.866,42.513,0.0,49.04,51.76
2024-01-04 11:55:00,115.406,42.669,0.0,31.81,39.07
2024-01-04 12:00:00,85.519,39.62,0.0,60.67,58.36
2024-01-04 12:05:00,146.512,44.912,0.0,54.6,67.87
2024-01-04 12:10:00,137.454,43.618,0.0,76.82,56.3
2024-01-04 12:15:00,97.623,45.934,0.0,41.34,63.62
2024-01-04 12:20:00,128.511,41.575,0.0,39.35,59.52
2024-01-04 12:25:00,125.779,43.453,0.0,43.91,58.66
2024-01-04 12:30:00,137.702,41.99,0.0,64.78,56.36
2024-01-04 12:35:00,75.062,30.065,0.0,39.45,43.36
2024-01-04 12:40:00,102.497,46.891,0.0,67.06,71.45
2024-01-04 12:45:00,140.966,37.911,0.0,48.9,60.58
2024-01-04 12:50:00,118.527,38.751,0.3489,50.54,70.26
2024-01-04 12:55:00,106.883,41.941,0.0,32.43,68.51
2024-01-04 13:00:00,99.632,32.653,0.0,54.1,54.9
2024-01-04 13:05:00,102.567,36.885,0.0,53.02,57.25
2024-01-04 13:10:00,93.801,35.757,0.0,33.15,67.55
2024-01-04 13:15:00,109.04,35.381,0.0,50.52,56.22
2024-01-04 13:20:00,113.648,32.943,0.0,63.37,60.45
2024-01-04 13:25:00,71.987,41.6,0.0,30.85,52.53
2024-01-04 13:30:00,114.308,42.892,0.0,60.21,58.8
2024-01-04 13:35:00,89.864,32.765,0.0,40.53,53.41
2024-01-04 13:40:00,98.67,32.277,0.0,40.37,59.76
2024-01-04 13:45:00,110.249,36.945,0.0,71.97,62.62
2024-01-04 13:50:00,93.94,37.202,0.0,23.17,73.05
2024-01-04 13:55:00,123.794,40.92,0.0,56.51,53.88
2024-01-04 14:00:00,81.369,34.5,0.0,96.57,59.84
2024-01-04 14:05:00,62.142,35.425,0.0,48.58,52.89
2024-01-04 14:10:00,128.907,30.71,0.0,36.72,58.98
2024-01-04 14:15:00,132.412,56.977,0.0,83.87,56.12
2024-01-04 14:20:00,82.074,26.823,0.0,47.3,53.55
2024-01-04 14:25:00,124.87,54.251,0.0,68.95,54.25
2024-01-04 14:30:00,92.826,31.212,0.0,42.02,43.95
2024-01-04 14:35:00,59.75,40.407,0.0,39.47,51.98
2024-01-04 14:40:00,130.22,46.951,0.0,60.45,71.89
2024-01-04 14:45:00,109.119,33.847,0.0,53.42,61.99
2024-01-04 14:50:00,125.528,44.747,0.0,55.39,69.04
2024-01-04 14:55:00,99.939,41.134,0.0,45.15,62.04
2024-01-04 15:00:00,60.14,38.009,0.0,34.37,75.15
2024-01-04 15:05:00,82.537,37.208,0.0,38.78,61.32
2024-01-04 15:10:00,91.719,41.071,0.0,43.07,50.2
2024-01-04 15:15:00,119.48,29.694,0.0,57.38,72.91
2024-01-04 15:20:00,65.647,40.442,0.0,37.56,64.06
2024-01-04 15:25:00,100.834,43.114,0.0,38.74,60.69
2024-01-04 15:30:00,87.685,41.916,0.0,48.54,56.37
2024-01-04 15:35:00,97.241,45.166,0.0,47.04,44.7
2024-01-04 15:40:00,147.976,47.351,0.0,58.58,53.4
2024-01-04 15:45:00,140.594,53.957,0.0,67.78,43.55
2024-01-04 15:50:00,99.868,55.314,0.0,60.42,65.59
2024-01-04 15:55:00,107.075,29.478,0.0,50.09,42.18
2024-01-04 16:00:00,129.939,42.209,0.0,54.28,67.76
2024-01-04 16:05:00,82.907,27.867,0.0,30.57,56.54
2024-01-04 16:10:00,139.547,45.445,0.0,53.29,54.52
2024-01-04 16:15:00,544.195,90.539,0.0,99.0,61.53
2024-01-04 16:20:00,141.546,37.337,0.0,54.53,64.78
2024-01-04 16:25:00,88.748,36.332,0.0,60.33,57.45
2024-01-04 16:30:00,120.911,36.787,0.0,38.22,69.65
2024-01-04 16:35:00,100.301,43.358,0.0,65.59,69.46
2024-01-04 16:40:00,106.456,39.763,0.3438,66.52,70.87
2024-01-04 16:45:00,107.302,42.106,0.0,53.66,48.19
2024-01-04 16:50:00,105.423,44.871,0.0,50.35,50.03
2024-01-04 16:55:00,134.034,43.671,0.0,73.07,63.89
2024-01-04 17:00:00,102.137,42.014,0.0,31.34,53.12
2024-01-04 17:05:00,112.373,42.649,0.0,45.97,53.47
2024-01-04 17:10:00,98.319,36.666,0.0,51.21,45.19
2024-01-04 17:15:00,126.298,36.698,0.0,72.45,43.33
2024-01-04 17:20:00,110.846,40.396,0.0,48.41,66.33
2024-01-04 17:25:00,110.633,40.082,0.0,71.33,57.22
2024-01-04 17:30:00,114.173,46.026,0.1618,32.83,55.91
2024-01-04 17:35:00,117.417,44.341,0.0,52.12,70.85
2024-01-04 17:40:00,115.508,43.639,0.0,33.79,66.62
2024-01-04 17:45:00,81.244,28.049,0.0,35.15,48.42
2024-01-04 17:50:00,96.306,41.684,0.316,63.16,44.47
2024-01-04 17:55:00,78.36,30.93,0.0,48.36,57.58
2024-01-04 18:00:00,133.517,39.391,0.0,69.39,55.47
2024-01-04 18:05:00,112.638,54.169,0.4634,58.17,58.69
2024-01-04 18:10:00,86.995,36.543,0.0,50.35,62.13
2024-01-04 18:15:00,122.249,44.027,0.0,65.34,64.42
2024-01-04 18:20:00,134.809,44.306,0.0,65.36,53.77
2024-01-04 18:25:00,88.324,43.365,0.0,44.84,62.07
2024-01-04 18:30:00,77.545,34.651,0.0,54.7,49.77
2024-01-04 18:35:00,66.722,28.235,0.0,72.54,56.78
2024-01-04 18:40:00,142.419,53.69,0.0,72.38,54.95
2024-01-04 18:45:00,117.166,41.915,0.0,66.26,62.58
2024-01-04 18:50:00,74.631,29.912,0.0,50.2,49.7
2024-01-04 18:55:00,128.547,54.067,0.0,57.6,71.62
2024-01-04 19:00:00,20.412,35.477,0.0,35.84,52.54
2024-01-04 19:05:00,36.418,29.368,0.0,54.89,49.68
2024-01-04 19:10:00,41.491,26.462,0.0,39.96,52.49
2024-01-04 19:15:00,26.035,37.265,0.0,35.95,52.7
2024-01-04 19:20:00,59.158,34.242,0.0,31.89,50.62
2024-01-04 19:25:00,35.833,28.798,0.0,52.76,53.62
2024-01-04 19:30:00,37.35,28.025,0.0,50.07,59.8
2024-01-04 19:35:00,35.248,24.683,0.0,33.02,47.95
2024-01-04 19:40:00,40.687,40.297,0.0,35.27,55.23
2024-01-04 19:45:00,21.168,34.888,0.0,40.18,50.31
2024-01-04 19:50:00,42.288,28.066,0.0,25.2,39.09
2024-01-04 19:55:00,36.545,43.062,0.0,36.06,45.8
2024-01-04 20:00:00,35.208,37.12,0.0,62.5,59.29
2024-01-04 20:05:00,44.96,25.947,0.0,71.07,49.69
2024-01-04 20:10:00,33.633,30.316,0.0,29.55,38.43
2024-01-04 20:15:00,36.649,37.062,0.0,38.33,61.13
2024-01-04 20:20:00,25.589,29.112,0.0,39.75,63.13
2024-01-04 20:25:00,36.404,21.389,0.0,55.64,56.51
2024-01-04 20:30:00,28.637,22.151,0.0,43.62,56.59
2024-01-04 20:35:00,28.578,26.779,0.0,37.29,54.27
2024-01-04 20:40:00,45.834,34.867,0.0,47.12,68.8
2024-01-04 20:45:00,27.938,36.365,0.0,40.14,80.49
2024-01-04 20:50:00,20.103,23.718,0.0,31.74,67.92
2024-01-04 20:55:00,30.581,29.36,0.0,42.16,55.89
2024-01-04 21:00:00,29.704,30.645,0.0,26.29,46.7
2024-01-04 21:05:00,36.107,32.695,0.0,33.17,52.76
2024-01-04 21:10:00,25.459,41.005,0.0,24.98,68.57
2024-01-04 21:15:00,20.178,18.348,0.0,8.48,55.2
2024-01-04 21:20:00,38.275,26.079,0.0,35.55,67.19
2024-01-04 21:25:00,16.249,25.73,0.0,16.78,55.49
2024-01-04 21:30:00,17.702,28.666,0.0,30.98,50.18
2024-01-04 21:35:00,34.098,25.738,0.0,32.39,62.74
2024-01-04 21:40:00,27.256,31.856,0.0,48.78,58.67
2024-01-04 21:45:00,31.245,29.927,0.0,36.32,55.31
2024-01-04 21:50:00,51.594,31.751,0.0,36.81,59.81
2024-01-04 21:55:00,28.263,27.938,0.0,38.41,55.5
2024-01-04 22:00:00,17.475,35.821,0.0,38.29,60.6
2024-01-04 22:05:00,34.372,27.22,0.0,59.07,57.86
2024-01-04 22:10:00,32.453,41.675,1.5402,52.11,60.44
2024-01-04 22:15:00,28.799,30.89,0.0,54.63,60.82
2024-01-04 22:20:00,40.559,35.972,0.0,34.25,54.77
2024-01-04 22:25:00,38.926,39.762,0.0,50.48,61.14
2024-01-04 22:30:00,41.889,37.166,0.0,45.27,53.84
2024-01-04 22:35:00,22.725,24.41,0.0,46.26,63.47
2024-01-04 22:40:00,40.142,42.344,0.0,27.74,59.01
2024-01-04 22:45:00,43.721,27.608,0.0,36.56,67.09
2024-01-04 22:50:00,30.417,36.39,0.0,24.71,46.59
2024-01-04 22:55:00,87.964,37.731,0.0,31.69,57.79
2024-01-04 23:00:00,36.082,37.028,0.0,37.4,62.55
2024-01-04 23:05:00,50.398,35.577,0.0,38.79,47.03
2024-01-04 23:10:00,39.51,38.039,0.0,36.02,58.36
2024-01-04 23:15:00,50.784,42.812,0.0,42.13,61.71
2024-01-04 23:20:00,27.307,43.484,0.171,54.2,62.86
2024-01-04 23:25:00,40.326,50.524,0.0,44.14,59.1
2024-01-04 23:30:00,24.448,26.18,0.0,45.42,57.68
2024-01-04 23:35:00,29.221,28.799,0.0,58.77,57.78
2024-01-04 23:40:00,39.094,42.852,0.0,27.88,55.41
2024-01-04 23:45:00,31.02,37.158,0.0,25.31,54.64
2024-01-04 23:50:00,49.855,42.998,0.0,30.16,60.37
2024-01-04 23:55:00,28.772,34.582,0.0,14.15,50.24
2024-01-05 00:00:00,31.869,34.601,0.0,46.35,51.72
2024-01-05 00:05:00,41.546,30.978,0.0,69.86,41.56
2024-01-05 00:10:00,28.956,35.755,0.0,43.54,59.74
2024-01-05 00:15:00,28.969,39.398,0.0,53.14,61.66
2024-01-05 00:20:00,24.992,27.215,0.0,25.37,57.28
2024-01-05 00:25:00,31.463,34.027,0.0,30.65,61.54
2024-01-05 00:30:00,13.428,30.267,0.0,19.21,57.7
2024-01-05 00:35:00,35.847,30.892,0.0,48.37,59.4
2024-01-05 00:40:00,36.903,35.463,0.0,34.97,56.0
2024-01-05 00:45:00,29.338,27.476,0.0,39.41,66.47
2024-01-05 00:50:00,49.396,29.25,0.0,42.88,55.68
2024-01-05 00:55:00,38.05,23.76,0.169,40.74,52.17
2024-01-05 01:00:00,31.691,31.989,0.0,53.87,53.85
2024-01-05 01:05:00,45.714,26.598,0.0,30.01,59.04
2024-01-05 01:10:00,24.451,36.517,0.0,40.3,57.28
2024-01-05 01:15:00,42.103,24.593,0.0,45.92,50.43
2024-01-05 01:20:00,39.856,32.31,0.0,37.05,60.83
2024-01-05 01:25:00,37.084,38.799,0.0,52.23,63.29
2024-01-05 01:30:00,33.492,24.242,0.0,38.89,45.35
2024-01-05 01:35:00,39.663,16.757,0.0,41.06,60.62
2024-01-05 01:40:00,29.5,37.944,0.0,42.81,55.57
2024-01-05 01:45:00,17.991,37.041,0.0,19.54,49.82
2024-01-05 01:50:00,32.849,33.37,0.0,27.5,60.37
2024-01-05 01:55:00,45.904,47.416,0.0,47.59,58.34
2024-01-05 02:00:00,37.958,36.133,0.0,42.42,54.74
2024-01-05 02:05:00,39.193,33.46,0.0,40.63,49.94
2024-01-05 02:10:00,38.715,27.474,0.0,35.99,54.66
2024-01-05 02:15:00,24.856,28.228,0.0,49.81,56.17
2024-01-05 02:20:00,23.134,31.667,0.0,40.4,65.41
2024-01-05 02:25:00,36.189,35.347,0.0,31.11,73.67
2024-01-05 02:30:00,159.477,46.451,0.0,83.19,46.13
2024-01-05 02:35:00,36.616,40.921,0.0,29.41,62.27
2024-01-05 02:40:00,27.645,20.799,0.0,43.52,53.53
2024-01-05 02:45:00,33.989,29.296,0.0,59.36,50.29
2024-01-05 02:50:00,25.866,29.288,0.0,26.74,60.12
2024-01-05 02:55:00,29.577,38.525,0.0,45.12,52.0
2024-01-05 03:00:00,29.934,35.664,0.0,32.14,46.68
2024-01-05 03:05:00,15.595,27.758,0.0,30.98,57.74
2024-01-05 03:10:00,29.811,30.482,0.0,28.67,71.96
2024-01-05 03:15:00,15.096,34.745,0.0,43.9,58.46
2024-01-05 03:20:00,22.702,35.277,0.0,31.53,65.22
2024-01-05 03:25:00,46.198,50.4,0.0,40.33,54.54
2024-01-05 03:30:00,41.365,41.723,0.1645,36.61,56.14
2024-01-05 03:35:00,19.873,37.401,0.0,43.38,42.42
2024-01-05 03:40:00,32.937,40.767,0.1039,47.34,59.99
2024-01-05 03:45:00,23.115,26.577,0.0,33.13,58.58
2024-01-05 03:50:00,27.048,27.315,0.0,43.23,51.64
2024-01-05 03:55:00,43.628,38.321,0.0,32.12,51.12
2024-01-05 04:00:00,24.182,25.735,0.0,40.11,52.97
2024-01-05 04:05:00,41.126,37.975,0.0,45.84,59.87
2024-01-05 04:10:00,36.142,31.381,0.0,33.95,68.72
2024-01-05 04:15:00,40.589,42.282,0.0,39.4,59.35
2024-01-05 04:20:00,18.117,25.455,0.0,29.98,63.02
2024-01-05 04:25:00,49.145,43.357,0.0,55.75,67.22
2024-01-05 04:30:00,135.673,42.595,0.0,28.17,56.56
2024-01-05 04:35:00,45.088,44.043,0.0,53.98,54.42
2024-01-05 04:40:00,29.271,29.8,0.0,23.4,52.68
2024-01-05 04:45:00,29.649,40.832,0.0,38.87,63.04
2024-01-05 04:50:00,27.435,28.686,0.0,47.79,56.19
2024-01-05 04:55:00,42.807,30.966,0.0,35.87,58.2
2024-01-05 05:00:00,14.638,40.587,0.0,46.82,67.04
2024-01-05 05:05:00,24.455,28.889,0.2115,32.55,60.11
2024-01-05 05:10:00,23.941,30.635,0.0,42.02,70.63
2024-01-05 05:15:00,35.787,34.822,0.0,49.49,62.87
2024-01-05 05:20:00,34.036,34.277,0.0,41.34,58.1
2024-01-05 05:25:00,39.713,38.305,0.0,46.82,58.98
2024-01-05 05:30:00,33.502,36.495,0.0,38.57,59.97
2024-01-05 05:35:00,28.421,27.383,0.0,46.49,67.97
2024-01-05 05:40:00,29.555,32.482,0.0,35.25,59.62
2024-01-05 05:45:00,39.685,37.933,0.0,51.67,57.48
2024-01-05 05:50:00,38.441,37.215,0.0,32.48,55.18
2024-01-05 05:55:00,39.425,39.496,0.0,45.62,63.68
2024-01-05 06:00:00,62.482,39.313,0.0,32.39,68.18
2024-01-05 06:05:00,28.841,21.581,0.0,23.93,58.63
2024-01-05 06:10:00,38.317,32.935,0.0,54.22,66.13
2024-01-05 06:15:00,27.462,37.591,0.0,53.11,42.78
2024-01-05 06:20:00,34.094,28.833,0.0,35.28,45.5
2024-01-05 06:25:00,41.77,23.597,0.0,59.12,40.79
2024-01-05 06:30:00,30.118,34.015,0.0,28.31,59.11
2024-01-05 06:35:00,23.108,36.821,0.0,51.6,49.12
2024-01-05 06:40:00,23.604,26.047,0.0,50.07,58.39
2024-01-05 06:45:00,40.493,35.992,0.0,40.56,67.4
2024-01-05 06:50:00,35.634,23.068,0.0,31.05,57.34
2024-01-05 06:55:00,38.663,41.541,0.0,44.41,61.82
2024-01-05 07:00:00,28.769,29.286,0.0,35.83,55.85
2024-01-05 07:05:00,42.577,35.68,0.0,54.99,51.98
2024-01-05 07:10:00,29.567,29.804,0.0,28.69,63.3
2024-01-05 07:15:00,18.263,34.543,0.0,46.1,62.8
2024-01-05 07:20:00,43.82,39.591,0.0,51.06,73.23
2024-01-05 07:25:00,37.316,33.705,0.0,46.38,54.52
2024-01-05 07:30:00,29.206,34.362,0.0,14.56,51.64
2024-01-05 07:35:00,41.142,34.414,0.0,46.14,51.91
2024-01-05 07:40:00,28.394,31.273,0.0,30.87,70.44
2024-01-05 07:45:00,33.773,32.044,0.0,39.46,49.3
2024-01-05 07:50:00,30.799,27.473,0.0,50.7,58.42
2024-01-05 07:55:00,22.383,27.855,0.0,32.61,60.84
2024-01-05 08:00:00,113.515,42.122,0.0,76.67,55.07
2024-01-05 08:05:00,137.717,40.8,0.0,79.04,54.05
2024-01-05 08:10:00,263.003,55.573,0.0,73.18,52.02
2024-01-05 08:15:00,108.709,30.587,0.0,64.12,57.31
2024-01-05 08:20:00,80.662,36.488,0.0,46.34,46.05
2024-01-05 08:25:00,482.264,89.907,0.0,99.0,66.34
2024-01-05 08:30:00,127.381,48.542,0.0,33.71,46.43
2024-01-05 08:35:00,115.105,43.938,0.0,59.66,59.75
2024-01-05 08:40:00,114.736,36.695,0.0,40.42,53.62
2024-01-05 08:45:00,130.041,38.359,0.0,45.85,58.61
2024-01-05 08:50:00,97.276,42.643,0.0,58.26,62.52
2024-01-05 08:55:00,80.523,46.789,0.0,71.83,50.04
2024-01-05 09:00:00,112.582,48.609,0.0,63.35,49.3
2024-01-05 09:05:00,116.205,48.725,0.0,56.61,56.37
2024-01-05 09:10:00,140.776,43.871,0.0,85.56,45.42
2024-01-05 09:15:00,122.59,37.554,0.0,57.97,60.3
2024-01-05 09:20:00,95.487,37.891,0.0,50.22,50.45
2024-01-05 09:25:00,96.525,33.064,0.0,11.69,56.84
2024-01-05 09:30:00,121.425,50.836,0.0,71.69,46.25
2024-01-05 09:35:00,70.223,48.617,0.2754,32.09,66.78
2024-01-05 09:40:00,108.65,49.132,0.0,50.0,39.21
2024-01-05 09:45:00,88.232,35.575,0.0,47.69,66.34
2024-01-05 09:50:00,64.652,51.764,0.0,44.62,52.08
2024-01-05 09:55:00,135.292,44.704,0.0,52.49,69.05
2024-01-05 10:00:00,132.991,38.338,0.0,46.62,60.28
2024-01-05 10:05:00,125.764,50.554,0.0,69.61,51.95
2024-01-05 10:10:00,144.447,33.08,0.4025,55.38,59.82
2024-01-05 10:15:00,107.673,28.135,0.0,62.76,52.54
2024-01-05 10:20:00,125.656,43.619,0.0,53.65,54.83
2024-01-05 10:25:00,103.966,46.676,0.0,56.85,51.07
2024-01-05 10:30:00,95.972,37.77,0.0,46.11,69.59
2024-01-05 10:35:00,128.241,48.391,0.0,39.49,56.22
2024-01-05 10:40:00,128.859,41.488,0.0,52.6,56.32
2024-01-05 10:45:00,121.967,44.448,0.0,57.87,52.24
2024-01-05 10:50:00,101.522,49.038,0.0,52.26,73.24
2024-01-05 10:55:00,58.24,39.53,0.0,30.48,64.4
2024-01-05 11:00:00,112.985,39.72,0.0,70.02,56.14
2024-01-05 11:05:00,127.422,44.75,0.0,61.68,65.49
2024-01-05 11:10:00,88.334,30.593,0.2647,51.16,74.42
2024-01-05 11:15:00,140.311,54.644,0.0,61.93,66.38
2024-01-05 11:20:00,103.395,46.632,0.0,45.62,52.1
2024-01-05 11:25:00,97.997,29.484,0.0,43.27,40.27
2024-01-05 11:30:00,130.346,45.362,0.0,62.15,63.57
2024-01-05 11:35:00,120.332,38.086,0.0,69.06,72.11
2024-01-05 11:40:00,106.321,38.0,0.0,63.05,50.16
2024-01-05 11:45:00,107.966,36.507,0.0,61.01,58.87
2024-01-05 11:50:00,125.941,33.463,0.0,65.34,68.86
2024-01-05 11:55:00,108.48,42.115,0.0,46.29,60.82
2024-01-05 12:00:00,69.924,44.009,0.0,29.26,57.94
2024-01-05 12:05:00,129.413,39.37,0.0,32.96,47.85
2024-01-05 12:10:00,350.266,56.466,0.0,99.0,69.5
2024-01-05 12:15:00,131.266,42.743,0.0,47.19,71.17
2024-01-05 12:20:00,102.949,32.965,0.0,42.96,49.42
2024-01-05 12:25:00,104.043,43.826,0.0,57.45,64.49
2024-01-05 12:30:00,141.873,42.631,0.0,41.66,63.94
2024-01-05 12:35:00,101.801,40.529,0.0,48.31,51.78
2024-01-05 12:40:00,99.517,50.838,0.0,45.02,79.03
2024-01-05 12:45:00,115.341,38.951,0.0,41.02,53.62
2024-01-05 12:50:00,103.272,47.804,0.0,61.28,59.45
2024-01-05 12:55:00,85.871,42.015,0.0,43.9,54.87
2024-01-05 13:00:00,99.192,41.514,0.0,41.25,60.59
2024-01-05 13:05:00,107.666,41.277,0.0,49.57,55.52
2024-01-05 13:10:00,121.143,34.07,0.0,43.98,53.76
2024-01-05 13:15:00,113.446,36.655,0.0,68.47,71.91
2024-01-05 13:20:00,91.014,42.348,0.0,55.16,63.82
2024-01-05 13:25:00,104.529,42.255,0.0,33.67,54.66
2024-01-05 13:30:00,104.128,37.346,0.0,45.25,56.57
2024-01-05 13:35:00,125.301,45.838,0.0,50.68,74.34
2024-01-05 13:40:00,141.006,51.268,0.0,65.15,60.64
2024-01-05 13:45:00,101.313,50.362,0.4028,47.26,61.23
2024-01-05 13:50:00,91.165,29.83,0.0,47.61,41.87
2024-01-05 13:55:00,98.408,38.191,0.3908,46.9,56.71
2024-01-05 14:00:00,122.613,40.502,0.0,55.93,56.36
2024-01-05 14:05:00,62.731,45.131,0.0,50.72,62.18
2024-01-05 14:10:00,82.417,31.777,0.0,50.29,44.3
2024-01-05 14:15:00,112.673,42.02,0.0,68.06,44.14
2024-01-05 14:20:00,92.027,34.719,0.4263,62.65,47.41
2024-01-05 14:25:00,88.439,36.077,0.0,48.06,58.4
2024-01-05 14:30:00,97.991,42.654,0.0,65.77,64.91
2024-01-05 14:35:00,441.258,81.602,0.0,99.0,62.66
2024-01-05 14:40:00,115.925,43.769,0.0,84.89,51.42
2024-01-05 14:45:00,110.009,50.084,0.0,82.49,37.72
2024-01-05 14:50:00,163.33,44.089,0.0,51.8,54.99
2024-01-05 14:55:00,116.696,42.573,0.0,50.97,61.72
2024-01-05 15:00:00,105.686,39.548,0.0,63.39,55.4
2024-01-05 15:05:00,62.139,29.378,0.0,54.74,56.47
2024-01-05 15:10:00,136.597,43.508,0.0,56.4,57.21
2024-01-05 15:15:00,116.829,42.002,0.0,42.46,47.27
2024-01-05 15:20:00,152.664,42.83,0.0,45.51,58.74
2024-01-05 15:25:00,132.778,41.583,0.0,75.21,67.21
2024-01-05 15:30:00,150.653,44.959,0.0,51.94,48.4
2024-01-05 15:35:00,94.744,40.892,0.0,42.31,46.03
2024-01-05 15:40:00,115.088,37.09,0.0,47.56,64.93
2024-01-05 15:45:00,124.004,34.162,0.0,42.7,71.6
2024-01-05 15:50:00,95.822,46.584,0.0,45.75,66.76
2024-01-05 15:55:00,137.127,45.012,0.0,43.57,66.31
2024-01-05 16:00:00,108.705,41.427,0.0,42.31,73.03
2024-01-05 16:05:00,108.337,43.55,0.0,63.16,52.43
2024-01-05 16:10:00,111.038,28.988,0.0,48.81,52.43
2024-01-05 16:15:00,108.631,37.782,0.0,59.21,64.6
2024-01-05 16:20:00,98.542,41.494,0.0,92.94,61.95
2024-01-05 16:25:00,102.789,29.505,0.0,63.79,68.11
2024-01-05 16:30:00,86.604,33.748,0.0,66.02,68.74
2024-01-05 16:35:00,97.149,45.824,0.0,47.71,54.46
2024-01-05 16:40:00,114.23,42.263,0.0,32.37,52.03
2024-01-05 16:45:00,133.999,38.549,0.0,69.27,59.54
2024-01-05 16:50:00,114.932,45.108,0.0,52.36,46.91
2024-01-05 16:55:00,137.255,36.709,0.0,43.7,61.87
2024-01-05 17:00:00,105.383,30.522,0.0,37.88,58.82
2024-01-05 17:05:00,107.292,47.47,0.0,40.16,59.44
2024-01-05 17:10:00,85.944,43.045,0.0,65.29,60.02
2024-01-05 17:15:00,77.05,42.668,0.0,64.76,56.63
2024-01-05 17:20:00,89.6,26.26,0.0,34.52,66.33
2024-01-05 17:25:00,113.601,31.384,0.4503,53.02,55.52
2024-01-05 17:30:00,131.359,40.474,0.0,77.19,54.49
2024-01-05 17:35:00,77.72,36.078,0.0,32.95,58.49
2024-01-05 17:40:00,134.952,46.32,0.0,60.12,62.52
2024-01-05 17:45:00,124.444,37.531,0.0,44.83,68.07
2024-01-05 17:50:00,102.948,41.669,0.0,64.95,54.95
2024-01-05 17:55:00,111.852,32.43,0.0,70.81,50.24
2024-01-05 18:00:00,96.212,44.208,0.0,44.7,62.5
2024-01-05 18:05:00,96.304,38.229,0.1502,53.29,44.52
2024-01-05 18:10:00,103.882,40.485,0.0,61.0,75.69
2024-01-05 18:15:00,57.151,45.838,0.0,29.46,68.18
2024-01-05 18:20:00,67.722,42.74,0.0,48.74,61.97
2024-01-05 18:25:00,80.963,40.691,0.0,20.05,67.76
2024-01-05 18:30:00,134.34,35.339,0.0,69.23,65.16
2024-01-05 18:35:00,104.76,38.202,0.0,64.64,64.64
2024-01-05 18:40:00,103.886,46.877,0.0,41.11,58.65
2024-01-05 18:45:00,115.285,33.302,0.0,63.49,70.78
2024-01-05 18:50:00,126.461,41.115,0.0,51.48,49.56
2024-01-05 18:55:00,108.077,30.172,0.0,41.19,55.37
2024-01-05 19:00:00,36.812,27.299,0.0,20.9,55.76
2024-01-05 19:05:00,33.545,28.879,0.0,62.77,60.83
2024-01-05 19:10:00,34.265,25.225,0.0,48.5,56.07
2024-01-05 19:15:00,51.136,33.622,0.0,35.56,52.69
2024-01-05 19:20:00,25.703,30.816,0.0,29.09,53.5
2024-01-05 19:25:00,25.397,39.48,0.0,29.12,73.67
2024-01-05 19:30:00,29.452,18.929,0.0,30.38,65.64
2024-01-05 19:35:00,154.613,40.516,0.0,46.62,62.66
2024-01-05 19:40:00,32.251,47.767,0.0,28.43,47.73
2024-01-05 19:45:00,25.311,26.945,0.0,51.39,75.35
2024-01-05 19:50:00,21.663,33.334,0.0,55.83,50.48
2024-01-05 19:55:00,34.56,29.113,0.0,41.32,57.92
2024-01-05 20:00:00,56.359,33.481,0.0,65.55,47.22
2024-01-05 20:05:00,31.251,39.416,0.0,60.4,48.29
2024-01-05 20:10:00,45.507,34.641,0.0,56.19,64.97
2024-01-05 20:15:00,28.614,35.915,0.0,29.42,51.87
2024-01-05 20:20:00,35.624,30.304,0.0,18.14,71.31
2024-01-05 20:25:00,37.435,165.922,0.0,38.98,50.2
2024-01-05 20:30:00,96.3,52.02,0.0,36.67,54.82
2024-01-05 20:35:00,31.092,30.888,0.0,40.68,68.26
2024-01-05 20:40:00,37.122,30.765,0.0,31.44,50.59
2024-01-05 20:45:00,42.221,24.533,0.0,28.04,61.17
2024-01-05 20:50:00,41.681,44.036,0.0,42.24,70.52
2024-01-05 20:55:00,45.607,30.667,0.0,38.36,62.66
2024-01-05 21:00:00,30.396,20.344,0.0,41.37,60.7
2024-01-05 21:05:00,17.939,33.249,0.0,32.73,60.97
2024-01-05 21:10:00,42.27,41.25,0.0,53.71,64.93
2024-01-05 21:15:00,22.681,36.092,0.0,26.96,55.6
2024-01-05 21:20:00,48.076,32.408,0.0,41.99,57.75
2024-01-05 21:25:00,19.886,24.825,0.0,19.84,60.4
2024-01-05 21:30:00,26.576,34.897,0.0,48.31,60.97
2024-01-05 21:35:00,40.936,34.135,0.0,54.81,55.05
2024-01-05 21:40:00,29.172,30.994,0.0,55.26,74.66
2024-01-05 21:45:00,34.723,31.328,0.0,30.46,49.31
2024-01-05 21:50:00,30.768,23.016,0.2724,40.91,61.61
2024-01-05 21:55:00,50.788,31.209,0.0,48.78,50.47
2024-01-05 22:00:00,35.829,23.863,0.0,41.22,64.38
2024-01-05 22:05:00,30.359,33.896,0.0,36.06,69.6
2024-01-05 22:10:00,23.725,42.043,0.0,24.8,62.03
2024-01-05 22:15:00,18.44,28.105,0.0,31.3,61.74
2024-01-05 22:20:00,23.056,28.736,0.0,49.75,57.57
2024-01-05 22:25:00,24.955,35.094,0.0,24.78,57.14
2024-01-05 22:30:00,26.406,34.569,0.0,26.77,35.85
2024-01-05 22:35:00,27.378,37.701,0.0,39.17,56.48
2024-01-05 22:40:00,36.856,25.375,0.0,57.06,57.98
2024-01-05 22:45:00,37.417,33.473,0.0,42.42,68.51
2024-01-05 22:50:00,19.712,29.441,0.0,41.29,70.99
2024-01-05 22:55:00,23.246,31.254,0.0,13.99,56.92
2024-01-05 23:00:00,41.325,35.373,0.0,24.37,57.78
2024-01-05 23:05:00,27.637,27.344,0.0,36.87,63.04
2024-01-05 23:10:00,30.301,37.102,0.0,19.7,66.39
2024-01-05 23:15:00,33.341,30.133,0.0,49.87,63.24
2024-01-05 23:20:00,37.075,37.209,0.0,44.91,43.06
2024-01-05 23:25:00,24.101,31.351,0.0,25.13,47.34
2024-01-05 23:30:00,11.023,23.637,0.0,15.05,46.35
2024-01-05 23:35:00,27.56,47.284,0.0,44.6,63.51
2024-01-05 23:40:00,27.99,30.21,0.0,58.48,76.67
2024-01-05 23:45:00,16.197,36.763,0.0,31.51,65.03
2024-01-05 23:50:00,37.642,15.792,0.0,44.12,69.61
2024-01-05 23:55:00,20.434,31.815,0.0,20.43,58.72
2024-01-06 00:00:00,41.336,39.105,0.0,41.8,60.74
2024-01-06 00:05:00,36.562,24.455,0.0,38.04,55.84
2024-01-06 00:10:00,30.481,32.085,0.0,41.44,58.62
2024-01-06 00:15:00,36.45,32.168,0.0,39.32,53.02
2024-01-06 00:20:00,39.779,31.662,0.0,43.53,56.74
2024-01-06 00:25:00,32.91,35.422,0.0,31.72,52.2
2024-01-06 00:30:00,37.766,35.134,0.0,33.53,62.96
2024-01-06 00:35:00,30.226,39.151,0.0,23.33,64.02
2024-01-06 00:40:00,32.664,31.083,0.0,38.03,61.33
2024-01-06 00:45:00,23.225,22.1,0.0,38.99,55.42
2024-01-06 00:50:00,50.994,30.907,0.0,28.58,56.35
2024-01-06 00:55:00,31.934,33.464,0.0,39.83,58.92
2024-01-06 01:00:00,23.668,29.303,0.0,36.64,38.13
2024-01-06 01:05:00,31.222,32.497,0.0,26.99,61.63
2024-01-06 01:10:00,31.794,30.439,0.0,32.69,62.9
2024-01-06 01:15:00,44.996,32.494,0.0,33.44,52.77
2024-01-06 01:20:00,35.4,24.029,0.0,35.47,54.92
2024-01-06 01:25:00,17.278,24.788,0.0,56.44,63.76
2024-01-06 01:30:00,37.927,27.019,0.0,38.95,57.99
2024-01-06 01:35:00,30.024,33.233,0.0,36.81,62.22
2024-01-06 01:40:00,29.386,29.112,0.0,41.09,70.67
2024-01-06 01:45:00,31.023,36.513,0.0,29.97,64.16
2024-01-06 01:50:00,33.481,32.238,0.0,37.34,63.15
2024-01-06 01:55:00,13.62,28.393,0.0,33.06,75.8
2024-01-06 02:00:00,53.58,38.63,0.0,48.44,73.39
2024-01-06 02:05:00,29.467,23.204,0.0,40.53,43.17
2024-01-06 02:10:00,43.095,30.463,0.0,41.07,69.58
2024-01-06 02:15:00,22.435,30.635,0.0,35.62,66.51
2024-01-06 02:20:00,20.685,33.774,0.0,43.84,66.79
2024-01-06 02:25:00,36.431,29.404,0.0,41.63,48.3
2024-01-06 02:30:00,21.518,28.373,0.0,38.78,54.43
2024-01-06 02:35:00,35.766,38.29,0.0,39.8,53.57
2024-01-06 02:40:00,28.603,24.303,0.0,57.23,55.63
2024-01-06 02:45:00,33.176,35.82,0.0,53.52,46.69
2024-01-06 02:50:00,27.452,31.506,0.4244,49.63,35.25
2024-01-06 02:55:00,29.427,31.238,0.0,30.95,56.99
2024-01-06 03:00:00,31.021,26.288,0.4246,43.09,69.96
2024-01-06 03:05:00,17.876,35.309,0.0,29.92,43.84
2024-01-06 03:10:00,25.029,43.63,0.0,41.34,56.09
2024-01-06 03:15:00,28.03,31.884,0.0,42.08,51.5
2024-01-06 03:20:00,36.961,21.792,0.0,26.92,74.39
2024-01-06 03:25:00,24.566,33.721,0.0,47.79,49.76
2024-01-06 03:30:00,26.841,19.867,0.0,55.88,61.4
2024-01-06 03:35:00,47.905,38.563,0.0,27.38,44.22
2024-01-06 03:40:00,119.598,45.989,2.2617,40.86,64.08
2024-01-06 03:45:00,25.425,34.564,0.0,33.54,52.18
2024-01-06 03:50:00,39.331,27.977,0.0,33.81,64.23
2024-01-06 03:55:00,18.746,35.586,0.0,45.46,60.56
2024-01-06 04:00:00,8.748,27.689,0.0,25.16,57.58
2024-01-06 04:05:00,15.754,26.907,0.0,47.54,68.6
2024-01-06 04:10:00,41.287,36.947,0.0,46.87,64.16
2024-01-06 04:15:00,16.473,30.638,0.0,38.24,60.74
2024-01-06 04:20:00,10.806,34.352,0.0,20.39,43.63
2024-01-06 04:25:00,28.717,29.681,0.0,34.85,57.69
2024-01-06 04:30:00,30.707,33.153,0.0,19.2,43.98
2024-01-06 04:35:00,35.662,27.556,0.0,40.35,51.76
2024-01-06 04:40:00,34.406,35.862,0.0,27.94,53.91
2024-01-06 04:45:00,29.365,32.383,0.0,44.24,54.88
2024-01-06 04:50:00,33.269,32.047,0.0,32.13,63.18
2024-01-06 04:55:00,29.89,36.979,0.0,38.7,58.31
2024-01-06 05:00:00,23.298,40.511,0.4047,32.31,63.98
2024-01-06 05:05:00,31.271,35.373,0.0,46.8,60.6
2024-01-06 05:10:00,38.199,39.608,0.0,65.22,52.18
2024-01-06 05:15:00,40.248,44.18,0.0,44.74,58.31
2024-01-06 05:20:00,34.37,30.042,0.0,48.18,57.13
2024-01-06 05:25:00,27.983,24.896,0.0,59.45,51.09
2024-01-06 05:30:00,30.549,18.421,0.0,33.74,56.33
2024-01-06 05:35:00,44.772,37.791,0.0,34.6,50.0
2024-01-06 05:40:00,16.59,28.886,0.3479,24.6,56.39
2024-01-06 05:45:00,29.248,33.018,0.0,48.74,61.03
2024-01-06 05:50:00,18.982,31.15,0.0,19.42,59.19
2024-01-06 05:55:00,25.334,27.273,0.0,36.54,53.4
2024-01-06 06:00:00,18.328,28.092,0.0,46.31,64.82
2024-01-06 06:05:00,18.967,29.179,0.0,73.74,47.44
2024-01-06 06:10:00,34.634,34.344,0.0,60.12,62.49
2024-01-06 06:15:00,43.44,29.625,0.0,59.31,62.51
2024-01-06 06:20:00,30.719,29.631,0.0,28.78,62.64
2024-01-06 06:25:00,44.149,31.181,0.0,33.44,56.4
2024-01-06 06:30:00,18.136,22.366,0.0,31.69,57.33
2024-01-06 06:35:00,24.182,27.658,0.0,51.16,53.81
2024-01-06 06:40:00,30.198,41.49,0.0,64.4,48.45
2024-01-06 06:45:00,24.577,28.481,0.0,35.4,44.33
2024-01-06 06:50:00,155.993,48.7,0.0,65.31,55.01
2024-01-06 06:55:00,54.302,26.124,0.0,38.34,48.79
2024-01-06 07:00:00,34.033,29.556,0.0,18.66,62.7
2024-01-06 07:05:00,42.572,15.808,0.0,41.08,52.42
2024-01-06 07:10:00,30.294,31.179,0.0,25.9,66.71
2024-01-06 07:15:00,38.184,26.153,0.0,49.81,65.82
2024-01-06 07:20:00,36.812,36.48,0.0,51.98,70.32
2024-01-06 07:25:00,46.308,30.499,0.0,46.47,58.59
2024-01-06 07:30:00,38.122,29.291,0.0,29.06,42.05
2024-01-06 07:35:00,44.806,33.392,0.0,57.66,63.18
2024-01-06 07:40:00,43.53,48.521,0.0,40.04,60.94
2024-01-06 07:45:00,30.956,34.956,0.0,48.22,65.2
2024-01-06 07:50:00,21.551,36.545,0.0,43.04,52.5
2024-01-06 07:55:00,34.296,39.798,0.0,38.83,46.12
2024-01-06 08:00:00,8.696,22.542,0.0,35.99,63.61
2024-01-06 08:05:00,46.307,31.677,0.0,45.08,55.82
2024-01-06 08:10:00,39.12,36.605,0.0,29.75,56.52
2024-01-06 08:15:00,26.933,38.677,0.0,45.77,58.63
2024-01-06 08:20:00,34.874,44.196,0.0,28.21,65.61
2024-01-06 08:25:00,32.093,39.713,0.0,39.68,68.72
2024-01-06 08:30:00,27.835,26.528,0.0,47.49,52.89
2024-01-06 08:35:00,37.452,43.669,0.0,36.4,71.94
2024-01-06 08:40:00,20.476,28.52,0.0,30.11,54.21
2024-01-06 08:45:00,32.226,37.746,0.0,38.58,64.27
2024-01-06 08:50:00,48.744,33.598,0.0,42.28,65.88
2024-01-06 08:55:00,38.586,31.743,0.0,44.05,66.3
2024-01-06 09:00:00,20.369,26.482,0.0,34.13,59.35
2024-01-06 09:05:00,37.321,32.442,0.0,57.48,61.1
2024-01-06 09:10:00,27.052,34.578,0.0,35.76,55.67
2024-01-06 09:15:00,37.222,30.835,0.0,58.34,47.48
2024-01-06 09:20:00,27.826,27.931,0.0,35.87,54.13
2024-01-06 09:25:00,42.803,37.516,0.0,61.25,62.65
2024-01-06 09:30:00,44.509,35.307,0.0,5.71,62.16
2024-01-06 09:35:00,12.669,35.842,0.0,49.35,49.99
2024-01-06 09:40:00,19.671,22.115,0.0,63.22,53.99
2024-01-06 09:45:00,27.408,36.615,0.0,43.96,49.94
2024-01-06 09:50:00,24.49,30.975,0.0,43.35,71.95
2024-01-06 09:55:00,31.67,34.062,0.0,44.72,60.23
2024-01-06 10:00:00,39.75,27.669,0.0,34.98,59.3
2024-01-06 10:05:00,25.874,32.289,0.0,45.44,75.87
2024-01-06 10:10:00,26.025,40.923,0.0,40.51,61.19
2024-01-06 10:15:00,24.178,21.626,0.0,38.26,66.46
2024-01-06 10:20:00,16.796,31.041,0.0,44.71,55.17
2024-01-06 10:25:00,21.342,32.187,0.0,27.96,42.38
2024-01-06 10:30:00,26.225,15.762,0.0,44.35,56.73
2024-01-06 10:35:00,42.574,26.347,0.0,65.6,60.95
2024-01-06 10:40:00,36.015,30.397,0.0,21.64,61.32
2024-01-06 10:45:00,30.578,25.725,0.0,50.42,59.15
2024-01-06 10:50:00,36.07,40.786,0.0,48.0,56.74
2024-01-06 10:55:00,20.12,32.155,0.0,32.26,62.35
2024-01-06 11:00:00,37.369,25.937,0.0,40.36,55.19
2024-01-06 11:05:00,30.849,30.509,0.0,66.39,53.84
2024-01-06 11:10:00,28.364,28.497,0.0,48.95,72.36
2024-01-06 11:15:00,19.562,33.783,0.2186,36.76,61.41
2024-01-06 11:20:00,37.742,22.732,0.0,15.68,60.32
2024-01-06 11:25:00,26.923,17.171,0.0,30.47,48.67
2024-01-06 11:30:00,28.467,25.159,0.0,42.02,54.67
2024-01-06 11:35:00,23.586,23.639,0.0,58.06,71.96
2024-01-06 11:40:00,29.893,40.819,0.0,31.34,47.67
2024-01-06 11:45:00,48.832,31.581,0.0623,51.28,52.05
2024-01-06 11:50:00,32.159,30.682,0.0,57.49,65.26
2024-01-06 11:55:00,36.126,32.834,0.0,49.42,57.99
2024-01-06 12:00:00,34.071,36.167,0.0,46.27,50.84
2024-01-06 12:05:00,35.156,24.397,0.0,54.97,44.21
2024-01-06 12:10:00,40.993,36.759,0.0,51.02,49.49
2024-01-06 12:15:00,34.634,24.962,0.0,34.39,44.08
2024-01-06 12:20:00,21.332,42.318,0.0,32.0,56.64
2024-01-06 12:25:00,40.769,31.433,0.0,56.3,59.45
2024-01-06 12:30:00,28.7,31.124,0.0,70.94,67.25
2024-01-06 12:35:00,42.008,31.629,0.0,39.69,58.65
2024-01-06 12:40:00,29.906,29.155,0.0,20.87,54.18
2024-01-06 12:45:00,33.903,37.425,0.0,36.43,69.6
2024-01-06 12:50:00,17.815,24.079,0.0,40.43,60.47
2024-01-06 12:55:00,34.046,35.317,0.0,44.69,45.2
2024-01-06 13:00:00,33.032,23.273,0.0,54.74,62.8
2024-01-06 13:05:00,21.236,36.452,0.0,21.24,64.79
2024-01-06 13:10:00,32.597,27.402,0.0,44.3,58.69
2024-01-06 13:15:00,24.868,37.035,0.0,58.69,50.16
2024-01-06 13:20:00,21.697,26.323,0.0,49.39,58.4
2024-01-06 13:25:00,23.796,36.87,0.0,17.03,75.62
2024-01-06 13:30:00,33.151,34.407,0.0,36.63,57.17
2024-01-06 13:35:00,24.62,30.586,0.0,36.76,42.25
2024-01-06 13:40:00,32.926,33.724,0.0,54.5,64.59
2024-01-06 13:45:00,38.368,43.153,0.0,60.77,57.87
2024-01-06 13:50:00,39.647,31.701,0.0,51.4,53.09
2024-01-06 13:55:00,34.883,34.727,0.0,31.48,68.59
2024-01-06 14:00:00,27.54,28.675,0.0,31.86,49.35
2024-01-06 14:05:00,50.708,28.293,0.0,43.7,54.53
2024-01-06 14:10:00,45.153,35.824,0.0,42.45,63.31
2024-01-06 14:15:00,21.873,41.723,0.0,43.0,56.11
2024-01-06 14:20:00,24.729,26.151,0.0,41.07,68.81
2024-01-06 14:25:00,42.633,45.173,0.0,37.25,45.35
2024-01-06 14:30:00,33.917,22.973,0.0,24.1,68.59
2024-01-06 14:35:00,33.596,18.91,0.0,20.74,61.86
2024-01-06 14:40:00,30.736,36.252,0.0,57.62,68.12
2024-01-06 14:45:00,27.036,42.591,0.0,41.7,60.55
2024-01-06 14:50:00,39.174,33.067,0.0,56.23,40.42
2024-01-06 14:55:00,26.722,42.307,0.0,47.49,54.6
2024-01-06 15:00:00,29.777,41.872,0.0,47.05,50.95
2024-01-06 15:05:00,54.881,47.831,0.0,65.11,62.56
2024-01-06 15:10:00,43.095,27.102,0.0,38.3,63.89
2024-01-06 15:15:00,32.268,28.331,0.0,42.58,65.23
2024-01-06 15:20:00,21.855,27.305,0.0,33.05,64.97
2024-01-06 15:25:00,31.038,29.078,0.0,35.81,54.47
2024-01-06 15:30:00,30.132,18.414,0.0,45.38,68.77
2024-01-06 15:35:00,34.47,35.661,0.0,57.97,61.5
2024-01-06 15:40:00,26.439,16.682,0.0,56.92,57.63
2024-01-06 15:45:00,39.258,21.757,0.0,42.37,45.17
2024-01-06 15:50:00,30.683,35.947,0.0,26.38,50.76
2024-01-06 15:55:00,39.914,35.517,0.0,38.81,61.79
2024-01-06 16:00:00,35.838,23.191,0.0,46.84,65.93
2024-01-06 16:05:00,45.715,31.69,0.0,27.64,36.54
2024-01-06 16:10:00,111.156,53.794,0.4578,50.73,66.2
2024-01-06 16:15:00,61.424,33.42,0.0,42.31,55.59
2024-01-06 16:20:00,37.458,44.34,0.0,50.88,48.13
2024-01-06 16:25:00,20.326,32.633,0.0,32.51,58.14
2024-01-06 16:30:00,29.236,37.484,0.0,52.36,60.12
2024-01-06 16:35:00,46.618,34.092,0.0,53.7,55.43
2024-01-06 16:40:00,47.482,38.341,0.0,43.02,73.72
2024-01-06 16:45:00,54.501,204.278,0.0,19.45,53.82
2024-01-06 16:50:00,30.073,25.014,0.0,46.72,51.56
2024-01-06 16:55:00,28.673,28.649,0.0,49.45,54.62
2024-01-06 17:00:00,57.822,43.74,0.2022,55.63,49.21
2024-01-06 17:05:00,28.276,20.519,0.0,29.01,68.43
2024-01-06 17:10:00,35.254,41.803,0.0,28.44,52.15
2024-01-06 17:15:00,27.913,30.292,0.0,34.69,48.72
2024-01-06 17:20:00,36.347,22.683,0.0,45.29,73.39
2024-01-06 17:25:00,36.099,38.173,0.0,32.85,57.67
2024-01-06 17:30:00,48.063,45.237,0.0,41.64,47.44
2024-01-06 17:35:00,26.123,24.251,0.0,38.91,57.33
2024-01-06 17:40:00,34.628,36.759,0.1514,53.99,53.84
2024-01-06 17:45:00,28.442,28.474,0.0,27.38,50.83
2024-01-06 17:50:00,22.55,29.018,0.0,36.74,48.59
2024-01-06 17:55:00,30.079,30.293,0.0,51.96,53.49
2024-01-06 18:00:00,34.783,36.153,0.0,35.06,48.37
2024-01-06 18:05:00,28.68,25.163,0.0,46.33,63.11
2024-01-06 18:10:00,31.525,33.408,0.0,25.96,63.97
2024-01-06 18:15:00,32.568,39.877,0.0,53.53,66.13
2024-01-06 18:20:00,37.661,38.373,0.0,41.51,53.34
2024-01-06 18:25:00,27.563,31.421,0.0,25.56,50.12
2024-01-06 18:30:00,13.579,31.851,0.0,40.98,62.42
2024-01-06 18:35:00,47.371,28.775,0.3471,36.53,57.42
2024-01-06 18:40:00,33.773,29.127,0.0,48.61,65.5
2024-01-06 18:45:00,24.875,31.754,0.0,39.01,60.82
2024-01-06 18:50:00,38.537,38.598,0.0,27.63,51.33
2024-01-06 18:55:00,10.454,29.129,0.0,42.47,47.02
2024-01-06 19:00:00,29.954,30.122,0.0,34.84,53.93
2024-01-06 19:05:00,45.407,42.364,0.0,44.31,67.43
2024-01-06 19:10:00,36.281,22.643,0.0,28.32,66.4
2024-01-06 19:15:00,35.094,38.199,0.0,45.06,86.21
2024-01-06 19:20:00,37.678,30.357,0.0,27.74,64.52
2024-01-06 19:25:00,33.108,31.94,0.0,26.23,56.37
2024-01-06 19:30:00,17.085,28.643,0.0,41.34,52.28
2024-01-06 19:35:00,40.307,37.616,0.0,21.04,63.5
2024-01-06 19:40:00,32.388,29.954,0.0,57.99,53.99
2024-01-06 19:45:00,16.887,32.224,0.0,25.66,56.76
2024-01-06 19:50:00,42.907,42.209,0.0,36.84,52.77
2024-01-06 19:55:00,19.187,28.496,0.0,47.32,53.38
2024-01-06 20:00:00,35.484,23.068,0.0,36.47,59.26
2024-01-06 20:05:00,28.141,25.846,0.0,56.84,53.46
2024-01-06 20:10:00,21.864,32.861,0.0,16.25,66.44
2024-01-06 20:15:00,19.844,19.416,0.0,48.49,67.26
2024-01-06 20:20:00,39.466,22.826,0.0,35.43,51.29
2024-01-06 20:25:00,40.645,30.656,0.0,28.36,80.54
2024-01-06 20:30:00,38.197,28.666,0.0,36.59,69.29
2024-01-06 20:35:00,39.116,37.121,0.0,62.1,73.14
2024-01-06 20:40:00,41.169,28.727,0.0,13.44,52.38
2024-01-06 20:45:00,38.365,28.598,0.0,47.85,62.04
2024-01-06 20:50:00,27.149,30.896,0.0,95.23,59.26
2024-01-06 20:55:00,35.954,36.121,0.0,37.84,64.19
2024-01-06 21:00:00,32.178,30.955,0.0,28.96,50.45
2024-01-06 21:05:00,42.694,29.437,0.0,19.01,49.36
2024-01-06 21:10:00,24.377,33.315,0.0,54.74,56.2
2024-01-06 21:15:00,18.994,38.512,0.0,30.86,49.98
2024-01-06 21:20:00,12.216,33.033,0.0,53.44,56.98
2024-01-06 21:25:00,56.905,43.217,0.0,42.38,55.71
2024-01-06 21:30:00,33.684,24.174,0.1613,41.87,42.0
2024-01-06 21:35:00,49.773,34.504,0.0,47.53,60.69
2024-01-06 21:40:00,32.372,22.429,0.0,37.65,61.93
2024-01-06 21:45:00,45.174,33.511,0.0,51.37,66.26
2024-01-06 21:50:00,24.405,41.159,0.0,37.32,48.05
2024-01-06 21:55:00,35.951,31.822,0.0,47.23,67.33
2024-01-06 22:00:00,29.027,29.937,0.0,45.08,60.94
2024-01-06 22:05:00,25.659,34.882,0.0,50.51,52.73
2024-01-06 22:10:00,31.682,31.982,0.0,48.19,66.39
2024-01-06 22:15:00,23.212,25.116,0.0,62.85,53.21
2024-01-06 22:20:00,28.176,31.173,0.0,52.87,72.78
2024-01-06 22:25:00,42.954,24.264,0.0,44.36,35.94
2024-01-06 22:30:00,35.333,36.808,0.0,34.88,50.44
2024-01-06 22:35:00,33.584,26.479,0.0,31.19,51.15
2024-01-06 22:40:00,26.86,32.048,0.0,39.26,51.49
2024-01-06 22:45:00,34.737,22.977,0.0,46.97,48.22
2024-01-06 22:50:00,37.966,28.519,0.0,36.83,53.96
2024-01-06 22:55:00,36.628,31.871,0.0,43.03,63.51
2024-01-06 23:00:00,32.747,33.18,0.0,40.25,61.24
2024-01-06 23:05:00,37.601,28.396,0.0,68.35,61.52
2024-01-06 23:10:00,24.824,27.888,0.0,42.45,56.87
2024-01-06 23:15:00,24.678,31.202,0.0,33.42,56.72
2024-01-06 23:20:00,33.374,37.851,0.0745,37.38,62.19
2024-01-06 23:25:00,39.889,29.127,0.0,37.88,39.98
2024-01-06 23:30:00,39.674,28.335,0.1751,24.9,72.62
2024-01-06 23:35:00,42.706,30.417,0.0,56.98,60.93
2024-01-06 23:40:00,34.66,35.816,0.0,49.33,50.07
2024-01-06 23:45:00,26.392,24.177,0.0,43.52,46.62
2024-01-06 23:50:00,26.116,45.63,0.0,26.9,71.25
2024-01-06 23:55:00,39.883,30.981,0.0,74.04,73.63
2024-01-07 00:00:00,53.757,31.634,0.0,44.04,46.63
2024-01-07 00:05:00,38.0,34.884,0.0,49.72,40.71
2024-01-07 00:10:00,42.106,27.026,0.0,45.38,60.41
2024-01-07 00:15:00,28.213,26.136,0.0,60.4,61.09
2024-01-07 00:20:00,20.903,38.449,0.0,48.97,60.92
2024-01-07 00:25:00,21.611,28.382,0.0,32.86,63.97
2024-01-07 00:30:00,34.177,30.956,0.0,44.54,67.02
2024-01-07 00:35:00,25.516,35.762,0.0,57.81,70.85
2024-01-07 00:40:00,30.464,27.204,0.0,31.63,57.6
2024-01-07 00:45:00,22.979,32.562,0.0,14.86,78.57
2024-01-07 00:50:00,34.238,35.29,0.0,31.52,57.76
2024-01-07 00:55:00,29.182,39.921,0.0,23.98,49.33
2024-01-07 01:00:00,17.735,28.987,0.0,51.67,68.33
2024-01-07 01:05:00,28.951,27.71,0.0,60.25,54.96
2024-01-07 01:10:00,38.696,38.264,0.0,28.83,53.37
2024-01-07 01:15:00,23.659,30.581,0.0,35.84,62.62
2024-01-07 01:20:00,20.744,25.541,0.0,24.63,61.02
2024-01-07 01:25:00,38.735,31.939,0.0,34.42,55.85
2024-01-07 01:30:00,31.438,19.324,0.0,40.49,80.74
2024-01-07 01:35:00,14.972,27.069,0.0,45.32,60.21
2024-01-07 01:40:00,41.765,31.613,0.0,51.99,39.7
2024-01-07 01:45:00,28.495,32.387,0.0,36.54,66.47
2024-01-07 01:50:00,46.302,30.102,0.0,38.18,60.51
2024-01-07 01:55:00,29.37,28.572,0.0,68.44,57.96
2024-01-07 02:00:00,37.033,35.397,0.0,49.5,65.97
2024-01-07 02:05:00,41.777,32.465,0.0,25.69,54.91
2024-01-07 02:10:00,38.273,36.053,0.0,16.6,53.23
2024-01-07 02:15:00,34.264,26.552,0.0,12.47,71.37
2024-01-07 02:20:00,32.3,30.372,0.0,37.41,61.16
2024-01-07 02:25:00,36.916,31.481,0.0,36.34,62.65
2024-01-07 02:30:00,25.86,15.428,0.0,47.5,55.77
2024-01-07 02:35:00,35.259,29.111,0.0,46.3,49.01
2024-01-07 02:40:00,21.494,44.337,0.0,44.03,49.65
2024-01-07 02:45:00,33.04,38.307,0.0,44.46,54.51
2024-01-07 02:50:00,39.995,33.262,0.0,60.86,71.62
2024-01-07 02:55:00,44.336,38.15,0.0,53.74,70.09
2024-01-07 03:00:00,26.647,30.118,0.0,45.44,65.17
2024-01-07 03:05:00,15.7,29.197,0.0,35.01,61.77
2024-01-07 03:10:00,41.33,41.591,0.0,36.39,63.16
2024-01-07 03:15:00,18.887,31.319,0.0,19.06,54.02
2024-01-07 03:20:00,22.017,30.091,0.0,34.94,73.01
2024-01-07 03:25:00,34.566,33.955,0.0,50.21,60.82
2024-01-07 03:30:00,38.363,23.921,0.0,59.59,69.4
2024-01-07 03:35:00,33.185,34.864,0.0,28.86,45.79
2024-01-07 03:40:00,18.438,39.724,0.0,34.84,51.68
2024-01-07 03:45:00,50.037,41.952,0.0,34.71,59.47
2024-01-07 03:50:00,29.78,47.623,0.0,38.06,51.51
2024-01-07 03:55:00,37.464,32.795,0.0,40.27,67.42
2024-01-07 04:00:00,23.343,39.715,0.0,26.22,63.55
2024-01-07 04:05:00,28.752,20.922,0.0,97.46,53.31
2024-01-07 04:10:00,10.232,27.681,0.0,29.09,39.61
2024-01-07 04:15:00,25.295,26.933,0.0,36.97,55.58
2024-01-07 04:20:00,32.587,20.043,0.0,31.23,64.54
2024-01-07 04:25:00,33.684,37.309,0.0,30.73,46.26
2024-01-07 04:30:00,32.634,30.224,0.0,48.34,52.59
2024-01-07 04:35:00,19.287,36.664,0.0,47.37,62.08
2024-01-07 04:40:00,27.252,28.335,0.0,38.06,58.61
2024-01-07 04:45:00,19.361,34.252,0.2345,33.83,65.62
2024-01-07 04:50:00,43.841,23.082,0.0,54.76,48.83
2024-01-07 04:55:00,6.633,30.513,0.0,32.81,64.48
2024-01-07 05:00:00,30.9,24.558,0.0,38.23,47.17
2024-01-07 05:05:00,33.151,38.814,0.0,38.02,50.66
2024-01-07 05:10:00,30.359,26.38,0.0,53.54,62.49
2024-01-07 05:15:00,30.19,34.924,0.0,26.19,49.89
2024-01-07 05:20:00,23.14,41.767,0.4595,21.09,55.01
2024-01-07 05:25:00,49.282,39.314,0.0,47.6,62.11
2024-01-07 05:30:00,46.568,43.928,0.0,37.74,56.41
2024-01-07 05:35:00,20.283,34.554,0.4237,47.24,48.69
2024-01-07 05:40:00,33.118,30.43,0.0,31.38,65.92
2024-01-07 05:45:00,28.667,21.128,0.0,35.43,54.54
2024-01-07 05:50:00,23.989,27.234,0.0,36.28,54.94
2024-01-07 05:55:00,33.935,35.213,0.0,36.0,69.04
2024-01-07 06:00:00,27.652,30.126,0.0,42.64,69.09
2024-01-07 06:05:00,28.623,33.596,0.0,54.74,54.71
2024-01-07 06:10:00,26.353,35.51,0.0,53.91,52.21
2024-01-07 06:15:00,38.614,29.342,0.0,40.75,52.68
2024-01-07 06:20:00,31.783,38.96,0.0,25.8,65.27
2024-01-07 06:25:00,20.411,30.994,0.0,24.58,67.56
2024-01-07 06:30:00,40.942,30.958,0.0,23.91,45.82
2024-01-07 06:35:00,11.189,20.012,0.0,37.56,59.89
2024-01-07 06:40:00,36.252,36.421,0.0,48.61,49.35
2024-01-07 06:45:00,25.338,26.105,0.0,42.46,57.2
2024-01-07 06:50:00,48.461,30.67,0.0,34.43,46.73
2024-01-07 06:55:00,123.03,56.785,0.0,60.65,64.94
2024-01-07 07:00:00,35.505,33.669,0.0,39.48,59.97
2024-01-07 07:05:00,47.054,34.245,7.2618,19.24,57.22
2024-01-07 07:10:00,50.969,33.987,0.0,56.26,72.55
2024-01-07 07:15:00,32.289,30.023,0.0,42.2,59.81
2024-01-07 07:20:00,46.817,30.26,0.0,50.56,53.58
2024-01-07 07:25:00,18.533,30.352,0.23,38.39,62.96
2024-01-07 07:30:00,27.422,33.635,0.0,44.98,65.32
2024-01-07 07:35:00,25.011,29.654,0.0,62.47,66.14
2024-01-07 07:40:00,24.404,23.361,0.0,46.38,69.92
2024-01-07 07:45:00,39.429,43.491,0.0,34.89,65.39
2024-01-07 07:50:00,33.605,36.72,0.0,29.78,60.75
2024-01-07 07:55:00,33.654,31.686,0.0,53.91,50.38
2024-01-07 08:00:00,26.915,33.22,0.0,44.13,63.46
2024-01-07 08:05:00,18.397,34.995,0.0,40.66,49.25
2024-01-07 08:10:00,25.065,24.962,0.0,54.59,63.37
2024-01-07 08:15:00,26.923,29.946,0.0,40.55,58.52
2024-01-07 08:20:00,29.289,37.35,0.0,48.05,65.49
2024-01-07 08:25:00,38.174,18.837,0.0,45.18,62.35
2024-01-07 08:30:00,54.385,29.753,0.0,40.58,63.1
2024-01-07 08:35:00,34.619,23.416,0.0,38.54,63.6
2024-01-07 08:40:00,32.596,24.507,0.0,47.21,68.62
2024-01-07 08:45:00,24.946,25.92,0.0,65.85,56.69
2024-01-07 08:50:00,34.268,44.515,0.0,54.4,55.56
2024-01-07 08:55:00,42.869,25.363,0.0,46.92,52.96
2024-01-07 09:00:00,44.27,47.168,0.0,46.67,48.16
2024-01-07 09:05:00,30.383,29.688,0.0,59.34,60.99
2024-01-07 09:10:00,20.728,31.32,0.0,46.92,50.33
2024-01-07 09:15:00,38.261,30.632,0.0,40.9,47.97
2024-01-07 09:20:00,22.184,34.058,0.4788,38.85,60.58
2024-01-07 09:25:00,32.053,24.26,0.0,12.65,60.58
2024-01-07 09:30:00,36.762,29.64,0.0,43.5,58.15
2024-01-07 09:35:00,27.132,40.558,0.0,48.37,40.7
2024-01-07 09:40:00,18.474,25.09,0.0,37.8,57.86
2024-01-07 09:45:00,36.813,29.004,0.0,55.15,64.18
2024-01-07 09:50:00,23.95,25.588,0.0,33.81,51.24
2024-01-07 09:55:00,16.35,22.762,0.0,31.73,43.45
2024-01-07 10:00:00,30.546,41.346,0.0,50.56,47.5
2024-01-07 10:05:00,43.868,34.948,0.0,42.01,52.57
2024-01-07 10:10:00,58.824,33.471,0.0,23.68,66.7
2024-01-07 10:15:00,25.702,28.461,0.0,56.57,56.84
2024-01-07 10:20:00,40.169,35.358,0.0,47.67,59.88
2024-01-07 10:25:00,35.473,24.676,0.0,43.44,63.95
2024-01-07 10:30:00,28.864,20.138,1.585,49.37,72.02
2024-01-07 10:35:00,38.598,25.82,0.0,23.2,69.94
2024-01-07 10:40:00,46.696,40.915,0.0,38.82,65.65
2024-01-07 10:45:00,31.349,30.445,0.0,46.31,65.66
2024-01-07 10:50:00,34.158,40.359,0.0,64.5,55.99
2024-01-07 10:55:00,25.239,39.587,0.0,45.49,53.88
2024-01-07 11:00:00,35.784,30.233,0.0,29.79,44.57
2024-01-07 11:05:00,34.558,30.837,0.0,60.53,62.98
2024-01-07 11:10:00,36.705,28.776,0.0,39.07,59.12
2024-01-07 11:15:00,30.179,33.385,0.0,52.77,45.26
2024-01-07 11:20:00,26.666,32.286,0.0,31.41,56.4
2024-01-07 11:25:00,31.456,34.755,7.9486,21.02,62.52
2024-01-07 11:30:00,28.068,28.98,0.0,51.01,64.94
2024-01-07 11:35:00,31.556,39.448,0.0,20.61,65.43
2024-01-07 11:40:00,24.624,25.036,0.0,28.43,65.62
2024-01-07 11:45:00,39.768,23.866,0.0,50.68,62.18
2024-01-07 11:50:00,29.941,38.305,0.0,60.19,62.09
2024-01-07 11:55:00,38.688,31.316,0.0,37.53,69.65
2024-01-07 12:00:00,39.674,38.525,0.0,45.1,55.71
2024-01-07 12:05:00,33.056,39.365,0.0,54.19,54.76
2024-01-07 12:10:00,32.648,29.312,0.0,49.27,65.82
2024-01-07 12:15:00,29.75,37.041,0.0,48.67,63.02
2024-01-07 12:20:00,28.424,33.874,0.0,51.97,48.86
2024-01-07 12:25:00,24.875,30.953,0.0,30.33,53.79
2024-01-07 12:30:00,20.482,24.764,0.0,30.76,52.74
2024-01-07 12:35:00,20.747,26.179,0.0,30.42,57.89
2024-01-07 12:40:00,44.178,32.781,0.0,29.33,62.72
2024-01-07 12:45:00,29.678,30.675,0.0,26.52,55.76
2024-01-07 12:50:00,37.609,41.919,0.0,36.25,54.54
2024-01-07 12:55:00,42.317,35.969,0.0,46.81,62.72
2024-01-07 13:00:00,34.728,19.986,0.0,40.55,70.52
2024-01-07 13:05:00,30.022,30.56,0.0,54.16,63.93
2024-01-07 13:10:00,41.438,23.27,0.0,48.73,63.06
2024-01-07 13:15:00,21.842,21.693,0.4204,43.27,55.63
2024-01-07 13:20:00,41.494,23.601,0.0,59.51,60.37
2024-01-07 13:25:00,31.279,27.129,0.0,31.97,68.99
2024-01-07 13:30:00,34.907,25.744,0.0,32.13,67.66
2024-01-07 13:35:00,41.664,41.206,0.0,42.86,56.56
2024-01-07 13:40:00,26.156,35.39,0.0,27.84,58.46
2024-01-07 13:45:00,41.277,34.813,0.0,32.03,57.73
2024-01-07 13:50:00,35.687,32.08,0.0,38.11,60.96
2024-01-07 13:55:00,43.277,42.133,0.0,35.88,47.72
2024-01-07 14:00:00,49.379,25.198,0.0,63.31,56.43
2024-01-07 14:05:00,30.056,31.67,0.0,31.65,55.17
2024-01-07 14:10:00,31.4,29.969,0.0,62.32,57.53
2024-01-07 14:15:00,30.116,23.138,0.0,44.23,59.02
2024-01-07 14:20:00,31.794,29.075,0.0,35.1,50.63
2024-01-07 14:25:00,25.984,36.302,0.0,35.51,57.13
2024-01-07 14:30:00,10.747,34.863,0.0,52.54,63.26
2024-01-07 14:35:00,29.812,23.617,0.0,44.81,52.53
2024-01-07 14:40:00,16.353,31.458,0.0,39.48,35.38
2024-01-07 14:45:00,19.191,28.489,0.0,47.5,67.9
2024-01-07 14:50:00,40.997,31.885,0.0,35.43,50.19
2024-01-07 14:55:00,24.571,29.357,0.0,48.59,64.4
2024-01-07 15:00:00,43.4,33.553,0.0,42.76,44.88
2024-01-07 15:05:00,19.778,20.77,0.0,38.78,43.56
2024-01-07 15:10:00,26.495,25.363,0.0,34.38,67.15
2024-01-07 15:15:00,36.841,35.85,0.0,46.31,59.04
2024-01-07 15:20:00,38.549,28.19,0.0995,47.39,57.31
2024-01-07 15:25:00,37.454,27.347,0.0,44.51,50.11
2024-01-07 15:30:00,16.437,37.195,0.0,39.2,55.13
2024-01-07 15:35:00,54.521,32.002,0.4435,27.46,63.83
2024-01-07 15:40:00,46.782,28.929,0.0,41.81,59.26
2024-01-07 15:45:00,23.258,24.193,0.0,15.77,53.22
2024-01-07 15:50:00,31.544,38.041,0.0,33.51,53.61
2024-01-07 15:55:00,28.103,34.064,0.0,34.68,53.28
2024-01-07 16:00:00,20.553,40.238,0.0,43.0,47.62
2024-01-07 16:05:00,36.215,34.765,0.0,33.52,69.02
2024-01-07 16:10:00,39.93,32.223,0.3555,48.28,56.44
2024-01-07 16:15:00,31.87,190.91,0.0,50.98,53.9
2024-01-07 16:20:00,32.851,31.925,0.0,28.45,67.23
2024-01-07 16:25:00,39.768,42.877,0.0,31.09,58.89
2024-01-07 16:30:00,35.526,24.893,0.0,31.15,66.01
2024-01-07 16:35:00,27.291,42.397,0.0,61.77,54.89
2024-01-07 16:40:00,31.328,43.455,0.0,35.6,51.18
2024-01-07 16:45:00,11.602,221.487,0.0,43.28,58.09
2024-01-07 16:50:00,27.046,31.537,0.0,55.54,68.18
2024-01-07 16:55:00,24.963,31.652,0.0,54.52,61.76
2024-01-07 17:00:00,25.795,27.36,0.0,56.32,59.18
2024-01-07 17:05:00,25.651,37.795,0.0,44.97,67.69
2024-01-07 17:10:00,28.913,43.848,0.0,36.57,50.39
2024-01-07 17:15:00,49.228,30.23,0.0,61.17,57.11
2024-01-07 17:20:00,17.587,24.78,0.0,44.53,59.05
2024-01-07 17:25:00,27.255,28.35,0.0,27.49,63.31
2024-01-07 17:30:00,39.304,118.367,0.0,33.34,58.42
2024-01-07 17:35:00,33.772,25.175,0.0,26.59,59.51
2024-01-07 17:40:00,38.431,25.575,0.0,44.3,51.53
2024-01-07 17:45:00,35.54,36.035,0.0,46.92,63.62
2024-01-07 17:50:00,26.389,29.024,0.0,34.7,50.41
2024-01-07 17:55:00,31.7,28.385,0.0,46.69,76.85
2024-01-07 18:00:00,38.798,35.934,0.0,5.0,59.59
2024-01-07 18:05:00,24.431,40.633,0.0,44.69,66.16
2024-01-07 18:10:00,50.708,33.829,0.0,30.91,66.02
2024-01-07 18:15:00,34.124,29.628,0.1116,45.27,60.76
2024-01-07 18:20:00,30.769,29.377,0.0,19.69,61.4
2024-01-07 18:25:00,33.975,38.868,0.0,30.76,54.43
2024-01-07 18:30:00,36.613,32.143,0.0,50.83,57.82
2024-01-07 18:35:00,25.699,27.977,0.0,54.04,59.17
2024-01-07 18:40:00,38.772,33.205,0.0,57.76,65.91
2024-01-07 18:45:00,30.368,31.8,0.0,30.54,66.69
2024-01-07 18:50:00,36.951,27.853,0.0,58.09,62.32
2024-01-07 18:55:00,28.206,22.278,0.0,50.38,46.57
2024-01-07 19:00:00,39.025,27.72,0.2263,32.06,69.69
2024-01-07 19:05:00,26.626,27.103,0.0,29.64,59.9
2024-01-07 19:10:00,40.755,47.551,0.0,61.27,61.75
2024-01-07 19:15:00,19.794,28.814,0.0,50.58,70.44
2024-01-07 19:20:00,35.498,39.395,0.0,30.8,56.59
2024-01-07 19:25:00,19.864,37.207,0.0,45.8,54.8
2024-01-07 19:30:00,49.224,28.554,0.0,45.81,59.09
2024-01-07 19:35:00,43.54,32.718,2.8644,27.28,58.07
2024-01-07 19:40:00,42.415,33.515,0.0,33.79,63.37
2024-01-07 19:45:00,36.557,30.438,0.0,95.07,62.39
2024-01-07 19:50:00,27.86,38.361,0.0,42.55,63.86
2024-01-07 19:55:00,37.94,32.239,0.0,41.7,60.31
2024-01-07 20:00:00,37.216,21.184,0.0,37.03,50.06
2024-01-07 20:05:00,35.837,29.675,0.0,43.38,47.74
2024-01-07 20:10:00,22.178,27.9,0.0,48.37,62.31
2024-01-07 20:15:00,26.82,26.722,0.0,29.13,59.87
2024-01-07 20:20:00,35.445,32.228,0.0,59.93,52.62
2024-01-07 20:25:00,46.908,29.67,0.0,38.34,55.95
2024-01-07 20:30:00,21.394,28.548,0.0,40.11,52.94
2024-01-07 20:35:00,29.375,26.246,0.0,53.25,69.55
2024-01-07 20:40:00,44.772,38.166,0.0,30.08,54.2
2024-01-07 20:45:00,33.816,33.46,0.0,36.72,44.35
2024-01-07 20:50:00,22.321,24.63,0.0,35.11,55.61
2024-01-07 20:55:00,33.81,34.063,0.0,60.59,44.98
2024-01-07 21:00:00,32.26,30.198,0.0,52.21,60.33
2024-01-07 21:05:00,35.218,31.513,0.0,16.54,53.9
2024-01-07 21:10:00,25.887,32.552,0.0,56.17,52.55
2024-01-07 21:15:00,28.986,21.6,0.0,45.16,39.86
2024-01-07 21:20:00,40.781,27.716,0.0,55.81,57.95
2024-01-07 21:25:00,40.471,33.259,0.0,42.97,53.28
2024-01-07 21:30:00,27.639,32.969,0.0,22.53,57.36
2024-01-07 21:35:00,29.893,25.943,0.0,51.32,71.73
2024-01-07 21:40:00,44.355,25.875,0.0,25.3,59.75
2024-01-07 21:45:00,15.084,33.281,0.0,61.05,59.03
2024-01-07 21:50:00,32.107,37.793,0.0,44.72,57.18
2024-01-07 21:55:00,46.99,44.751,0.0,40.78,61.42
2024-01-07 22:00:00,34.647,32.227,0.0,32.87,51.6
2024-01-07 22:05:00,45.437,34.589,0.0,46.62,55.33
2024-01-07 22:10:00,26.717,27.49,0.0,45.69,60.99
2024-01-07 22:15:00,24.515,42.169,0.0,43.88,59.74
2024-01-07 22:20:00,32.081,34.13,0.0,40.51,50.6
2024-01-07 22:25:00,17.254,36.384,0.0,39.46,50.23
2024-01-07 22:30:00,42.06,29.557,0.0,19.35,56.19
2024-01-07 22:35:00,39.011,35.737,0.0,39.02,52.58
2024-01-07 22:40:00,29.83,41.304,0.0,35.24,49.59
2024-01-07 22:45:00,36.998,30.308,0.0,32.51,48.21
2024-01-07 22:50:00,26.552,28.916,0.0,57.61,53.6
2024-01-07 22:55:00,27.287,34.68,0.0,44.66,70.31
2024-01-07 23:00:00,39.365,34.605,0.0,50.34,52.88
2024-01-07 23:05:00,27.08,32.087,0.0,47.2,52.12
2024-01-07 23:10:00,25.264,34.242,0.0,57.99,47.62
2024-01-07 23:15:00,31.206,29.298,0.0,43.07,66.75
2024-01-07 23:20:00,35.203,41.562,0.0,47.83,53.95
2024-01-07 23:25:00,39.482,27.793,0.0,45.56,61.5
2024-01-07 23:30:00,26.599,19.533,0.0,55.89,46.29
2024-01-07 23:35:00,16.415,29.775,0.0,51.13,66.81
2024-01-07 23:40:00,15.589,36.154,0.0,39.27,56.0
2024-01-07 23:45:00,32.959,35.542,0.0,61.62,48.87
2024-01-07 23:50:00,37.975,35.862,0.2518,38.05,69.84
2024-01-07 23:55:00,31.236,35.544,0.0,39.86,47.44
2024-01-08 00:00:00,27.777,32.727,0.0,34.82,61.42
2024-01-08 00:05:00,38.648,30.393,0.0,44.96,55.27
2024-01-08 00:10:00,7.944,29.283,0.0,52.57,51.93
2024-01-08 00:15:00,41.84,32.193,0.0,33.53,48.31
2024-01-08 00:20:00,31.359,30.557,0.0,38.88,69.93
2024-01-08 00:25:00,22.19,32.468,0.0,43.63,51.21
2024-01-08 00:30:00,27.077,29.482,0.0,47.33,74.71
2024-01-08 00:35:00,35.276,33.056,0.0,11.07,62.25
2024-01-08 00:40:00,27.994,29.104,0.0,19.85,75.72
2024-01-08 00:45:00,26.014,30.046,2.9515,65.98,60.66
2024-01-08 00:50:00,41.901,31.39,0.0,44.87,61.04
2024-01-08 00:55:00,44.81,36.32,0.0,44.14,67.6
2024-01-08 01:00:00,33.071,35.479,0.0,28.3,60.73
2024-01-08 01:05:00,35.728,31.181,0.0,26.81,61.16
2024-01-08 01:10:00,32.915,42.972,0.0,51.23,53.25
2024-01-08 01:15:00,27.321,24.972,0.0,14.83,70.99
2024-01-08 01:20:00,49.06,39.665,0.0,44.37,54.73
2024-01-08 01:25:00,33.014,41.235,0.0,56.84,60.92
2024-01-08 01:30:00,21.275,34.478,0.0,50.24,64.52
2024-01-08 01:35:00,27.173,31.245,0.0,55.58,56.29
2024-01-08 01:40:00,47.103,24.585,0.0,66.72,61.9
2024-01-08 01:45:00,44.616,16.981,0.0,45.12,43.49
2024-01-08 01:50:00,35.337,27.302,0.0,15.6,72.77
2024-01-08 01:55:00,31.129,30.929,0.0,30.92,59.94
2024-01-08 02:00:00,35.094,35.995,0.0,34.05,47.55
2024-01-08 02:05:00,30.517,27.994,0.0,52.68,62.21
2024-01-08 02:10:00,45.676,27.265,0.0,52.21,35.87
2024-01-08 02:15:00,11.895,27.832,0.0,52.88,68.41
2024-01-08 02:20:00,48.574,29.527,0.0,28.63,58.72
2024-01-08 02:25:00,38.651,29.788,0.0,47.68,56.93
2024-01-08 02:30:00,25.825,36.024,0.0,51.53,59.08
2024-01-08 02:35:00,42.272,20.908,0.0,35.53,60.37
2024-01-08 02:40:00,82.608,40.063,0.0,60.96,48.69
2024-01-08 02:45:00,34.263,31.503,0.0,32.69,60.46
2024-01-08 02:50:00,27.665,20.361,0.0,49.46,57.11
2024-01-08 02:55:00,32.761,21.037,0.0,27.94,61.38
2024-01-08 03:00:00,26.597,34.728,0.0,41.37,55.22
2024-01-08 03:05:00,27.126,32.625,0.0,40.17,47.06
2024-01-08 03:10:00,35.949,26.869,0.0,53.6,60.42
2024-01-08 03:15:00,39.126,35.857,0.0,53.69,62.24
2024-01-08 03:20:00,12.983,23.052,0.0,40.56,46.29
2024-01-08 03:25:00,15.175,32.984,0.0,27.74,53.56
2024-01-08 03:30:00,28.299,30.45,3.6544,11.52,65.65
2024-01-08 03:35:00,40.686,21.962,0.0,35.66,55.55
2024-01-08 03:40:00,34.668,35.314,0.0,60.84,52.55
2024-01-08 03:45:00,42.038,41.782,0.0,46.65,57.33
2024-01-08 03:50:00,37.187,32.36,0.0,49.42,53.17
2024-01-08 03:55:00,17.915,36.452,0.0,43.84,54.68
2024-01-08 04:00:00,28.335,29.912,0.0,64.12,64.63
2024-01-08 04:05:00,42.22,26.608,0.0,36.74,43.85
2024-01-08 04:10:00,39.455,24.47,0.0,40.38,61.24
2024-01-08 04:15:00,21.908,33.015,0.0,36.18,50.01
2024-01-08 04:20:00,31.376,24.213,0.0,27.8,68.0
2024-01-08 04:25:00,36.908,31.52,0.0,53.79,50.95
2024-01-08 04:30:00,46.165,26.388,0.0,40.93,68.53
2024-01-08 04:35:00,31.302,36.329,0.0,56.75,48.83
2024-01-08 04:40:00,54.136,28.94,0.0,61.28,61.46
2024-01-08 04:45:00,18.418,25.928,0.0,33.14,53.16
2024-01-08 04:50:00,28.071,30.346,0.0,47.1,69.53
2024-01-08 04:55:00,42.399,36.755,0.0,33.49,51.77
2024-01-08 05:00:00,21.438,33.57,0.0,43.79,56.92
2024-01-08 05:05:00,32.666,33.656,0.0,28.35,60.39
2024-01-08 05:10:00,25.449,29.27,0.0,39.28,75.84
2024-01-08 05:15:00,25.932,35.571,0.0,50.31,62.06
2024-01-08 05:20:00,27.838,30.356,0.0,28.39,61.87
2024-01-08 05:25:00,43.401,29.993,0.0,61.45,54.23
2024-01-08 05:30:00,24.487,33.262,0.0,41.48,52.89
2024-01-08 05:35:00,30.947,27.02,0.0,45.29,51.34
2024-01-08 05:40:00,27.57,36.602,0.0,45.52,57.33
2024-01-08 05:45:00,25.085,25.788,0.0,25.51,67.47
2024-01-08 05:50:00,23.918,24.148,0.0,59.76,71.13
2024-01-08 05:55:00,13.238,27.475,0.0,34.95,57.21
2024-01-08 06:00:00,23.576,22.714,0.0,23.8,48.71
2024-01-08 06:05:00,27.607,24.168,0.0,34.18,65.02
2024-01-08 06:10:00,36.483,38.356,0.0,44.5,58.59
2024-01-08 06:15:00,23.885,31.188,0.0,26.06,52.45
2024-01-08 06:20:00,22.035,30.316,0.0,39.47,70.11
2024-01-08 06:25:00,44.366,31.52,0.0,43.52,60.66
2024-01-08 06:30:00,43.988,38.854,0.0,42.9,56.31
2024-01-08 06:35:00,30.383,19.633,0.0,25.4,60.86
2024-01-08 06:40:00,40.855,42.248,0.0,57.69,61.97
2024-01-08 06:45:00,33.758,32.085,0.0,49.23,50.53
2024-01-08 06:50:00,41.314,36.282,0.3848,53.53,67.26
2024-01-08 06:55:00,24.415,27.509,0.0,47.77,61.3
2024-01-08 07:00:00,28.454,36.211,0.0,64.38,60.43
2024-01-08 07:05:00,28.019,31.81,0.0,49.17,65.8
2024-01-08 07:10:00,40.118,39.88,0.0,46.76,50.13
2024-01-08 07:15:00,24.033,25.317,0.0,36.86,49.91
2024-01-08 07:20:00,35.611,45.72,0.0,46.38,56.27
2024-01-08 07:25:00,32.732,41.131,0.0,37.16,56.65
2024-01-08 07:30:00,34.245,34.348,0.0,43.1,60.44
2024-01-08 07:35:00,34.208,33.574,0.0,55.64,47.86
2024-01-08 07:40:00,17.283,23.592,0.0,27.38,53.25
2024-01-08 07:45:00,36.881,31.835,0.0,43.85,62.44
2024-01-08 07:50:00,21.153,27.358,0.0,30.87,53.06
2024-01-08 07:55:00,36.397,33.731,0.0,21.71,47.73
2024-01-08 08:00:00,139.199,22.561,0.0,59.19,66.17
2024-01-08 08:05:00,105.249,36.53,0.0,61.58,69.96
2024-01-08 08:10:00,87.569,45.277,0.0,31.26,65.97
2024-01-08 08:15:00,121.616,46.936,0.0,50.2,64.59
2024-01-08 08:20:00,103.927,38.725,0.0,53.62,67.18
2024-01-08 08:25:00,120.123,28.921,0.0,50.94,41.89
2024-01-08 08:30:00,108.249,41.502,0.0,52.19,62.5
2024-01-08 08:35:00,94.049,43.59,0.0,27.37,69.24
2024-01-08 08:40:00,126.831,52.09,0.0,60.91,62.18
2024-01-08 08:45:00,94.537,31.796,0.0,55.31,53.71
2024-01-08 08:50:00,112.084,38.014,0.0,60.19,48.73
2024-01-08 08:55:00,85.4,39.406,0.0,31.51,63.88
2024-01-08 09:00:00,112.063,44.493,0.0,39.5,55.73
2024-01-08 09:05:00,126.173,51.635,0.0,43.13,57.25
2024-01-08 09:10:00,116.507,46.158,0.0,63.83,61.6
2024-01-08 09:15:00,115.622,37.564,0.1335,45.94,56.43
2024-01-08 09:20:00,82.399,39.028,0.0,54.88,57.79
2024-01-08 09:25:00,79.129,45.49,0.0,51.54,59.35
2024-01-08 09:30:00,113.658,38.973,0.0,54.97,56.46
2024-01-08 09:35:00,80.38,39.213,0.0,41.29,69.15
2024-01-08 09:40:00,131.973,37.659,0.0,62.41,46.96
2024-01-08 09:45:00,133.647,48.657,0.0,51.73,52.47
2024-01-08 09:50:00,112.296,47.028,0.0,51.3,59.38
2024-01-08 09:55:00,111.863,46.714,0.0,62.77,55.6
2024-01-08 10:00:00,124.689,31.678,0.0,63.68,53.43
2024-01-08 10:05:00,135.053,46.871,0.0,33.77,58.1
2024-01-08 10:10:00,115.533,37.503,0.0,63.44,56.67
2024-01-08 10:15:00,120.8,32.026,0.0,41.37,52.4
2024-01-08 10:20:00,136.497,55.361,0.0,68.89,69.17
2024-01-08 10:25:00,97.686,51.323,0.0,46.33,67.67
2024-01-08 10:30:00,118.011,46.598,0.0,37.2,55.39
2024-01-08 10:35:00,130.452,38.495,0.3929,57.97,67.67
2024-01-08 10:40:00,96.75,49.73,0.0,40.4,51.5
2024-01-08 10:45:00,77.706,48.793,0.0,42.31,54.11
2024-01-08 10:50:00,114.093,39.231,0.0,48.61,63.2
2024-01-08 10:55:00,133.497,45.388,0.0,64.56,58.09
2024-01-08 11:00:00,125.998,48.676,0.0,45.45,46.09
2024-01-08 11:05:00,109.133,27.413,0.0,66.07,59.09
2024-01-08 11:10:00,92.202,35.656,0.0,65.01,37.05
2024-01-08 11:15:00,141.407,43.841,0.0,51.49,49.72
2024-01-08 11:20:00,82.443,35.36,0.0,57.39,55.52
2024-01-08 11:25:00,154.857,36.145,0.0,61.1,41.06
2024-01-08 11:30:00,74.359,31.702,0.0,55.12,62.55
2024-01-08 11:35:00,116.915,32.528,0.0,60.65,59.6
2024-01-08 11:40:00,68.609,27.046,0.0,46.39,63.7
2024-01-08 11:45:00,109.541,44.057,0.0,76.71,47.12
2024-01-08 11:50:00,152.735,44.284,0.2235,57.94,40.63
2024-01-08 11:55:00,66.489,35.784,0.0,38.62,51.83
2024-01-08 12:00:00,69.865,47.747,0.0,48.23,55.84
2024-01-08 12:05:00,126.899,49.041,0.0,45.26,45.68
2024-01-08 12:10:00,84.637,45.465,0.0,56.31,57.13
2024-01-08 12:15:00,95.837,34.434,0.0,44.14,63.46
2024-01-08 12:20:00,66.701,43.188,0.0,35.24,47.29
2024-01-08 12:25:00,109.159,47.531,0.0,52.7,49.67
2024-01-08 12:30:00,74.445,34.777,0.0,42.05,65.78
2024-01-08 12:35:00,106.971,41.389,0.0,42.24,66.64
2024-01-08 12:40:00,79.007,38.408,0.0,49.38,66.88
2024-01-08 12:45:00,145.432,52.29,0.0,50.77,62.43
2024-01-08 12:50:00,150.239,47.946,0.0,87.45,47.01
2024-01-08 12:55:00,112.119,41.526,0.1245,69.93,38.75
2024-01-08 13:00:00,109.898,38.867,0.0,65.5,47.1
2024-01-08 13:05:00,108.145,39.135,0.0,33.87,53.1
2024-01-08 13:10:00,85.585,35.202,0.0,35.73,67.11
2024-01-08 13:15:00,142.003,36.154,0.0,46.78,60.82
2024-01-08 13:20:00,116.433,42.179,0.0,53.35,42.5
2024-01-08 13:25:00,135.519,48.76,0.0,24.88,58.92
2024-01-08 13:30:00,84.889,39.654,0.0,55.51,50.33
2024-01-08 13:35:00,145.199,45.031,0.0,50.14,66.53
2024-01-08 13:40:00,98.559,36.604,0.0,72.2,65.58
2024-01-08 13:45:00,89.68,39.551,0.0,58.66,47.45
2024-01-08 13:50:00,114.93,30.934,0.0,42.01,56.12
2024-01-08 13:55:00,166.382,51.055,0.0,76.7,58.74
2024-01-08 14:00:00,116.514,52.378,0.0,42.73,67.54
2024-01-08 14:05:00,123.294,41.675,0.0,42.51,61.17
2024-01-08 14:10:00,80.406,45.321,0.0,56.85,56.46
2024-01-08 14:15:00,136.57,43.919,0.0,54.27,62.99
2024-01-08 14:20:00,88.948,36.306,0.0,51.48,60.54
2024-01-08 14:25:00,128.673,48.669,0.0,53.72,53.97
2024-01-08 14:30:00,128.858,39.499,0.0,64.35,59.64
2024-01-08 14:35:00,124.409,50.16,0.0,47.7,40.29
2024-01-08 14:40:00,139.781,34.234,0.0,70.33,57.25
2024-01-08 14:45:00,130.891,34.96,0.0,45.99,34.3
2024-01-08 14:50:00,93.819,36.296,0.3535,31.42,56.46
2024-01-08 14:55:00,101.069,40.276,0.0,65.08,72.16
2024-01-08 15:00:00,114.995,42.676,0.0,46.6,59.44
2024-01-08 15:05:00,53.888,33.532,0.0,47.95,52.47
2024-01-08 15:10:00,96.633,47.262,0.0,26.39,57.91
2024-01-08 15:15:00,127.041,46.337,0.0,40.13,62.47
2024-01-08 15:20:00,133.113,40.781,0.4092,63.53,64.66
2024-01-08 15:25:00,108.765,45.716,0.0,52.18,60.26
2024-01-08 15:30:00,106.601,38.379,0.0,40.7,46.23
2024-01-08 15:35:00,157.883,41.5,0.0,44.41,68.97
2024-01-08 15:40:00,101.236,35.786,0.0,32.53,51.6
2024-01-08 15:45:00,138.286,21.706,0.0,58.17,67.45
2024-01-08 15:50:00,142.511,31.232,0.0,49.4,63.95
2024-01-08 15:55:00,69.341,37.908,0.0,28.94,55.29
2024-01-08 16:00:00,133.637,38.139,0.0,64.14,56.2
2024-01-08 16:05:00,154.481,51.096,0.318,53.99,67.56
2024-01-08 16:10:00,109.003,33.397,0.0,38.03,59.56
2024-01-08 16:15:00,119.452,49.503,0.0,40.95,57.87
2024-01-08 16:20:00,105.814,44.733,0.0,79.07,60.07
2024-01-08 16:25:00,101.591,35.674,0.0,43.56,50.54
2024-01-08 16:30:00,123.852,37.033,0.0,70.59,56.97
2024-01-08 16:35:00,99.451,40.315,0.0,44.67,49.7
2024-01-08 16:40:00,99.084,34.333,0.0,66.3,63.19
2024-01-08 16:45:00,132.557,45.366,0.0,54.32,57.1
2024-01-08 16:50:00,98.694,40.985,0.0,51.85,56.39
2024-01-08 16:55:00,117.799,48.603,0.0,93.25,55.03
2024-01-08 17:00:00,114.602,30.942,0.0,47.67,60.26
2024-01-08 17:05:00,114.322,52.933,0.0,55.41,69.17
2024-01-08 17:10:00,88.559,31.427,0.0,39.43,65.2
2024-01-08 17:15:00,92.747,34.735,0.0,35.11,43.81
2024-01-08 17:20:00,107.769,41.784,0.0,56.24,50.3
2024-01-08 17:25:00,113.853,40.684,0.0,62.27,54.54
2024-01-08 17:30:00,135.888,42.829,0.0,83.91,57.6
2024-01-08 17:35:00,120.603,45.896,0.0,60.42,61.82
2024-01-08 17:40:00,104.644,49.438,0.0,35.68,59.69
2024-01-08 17:45:00,78.257,36.125,0.0,52.26,60.91
2024-01-08 17:50:00,99.676,36.083,0.0,38.76,59.38
2024-01-08 17:55:00,141.493,42.333,0.0,46.62,61.48
2024-01-08 18:00:00,128.997,36.719,0.0,53.53,67.73
2024-01-08 18:05:00,111.616,53.16,0.0,48.57,55.51
2024-01-08 18:10:00,100.36,43.991,0.0,66.7,63.78
2024-01-08 18:15:00,102.735,40.202,0.0,55.72,60.09
2024-01-08 18:20:00,118.102,44.18,0.0,61.56,60.1
2024-01-08 18:25:00,107.623,28.863,0.0,36.02,71.6
2024-01-08 18:30:00,69.612,34.444,0.0,21.94,57.77
2024-01-08 18:35:00,127.052,45.962,0.0,66.0,74.77
2024-01-08 18:40:00,121.968,42.438,0.0,85.77,72.21
2024-01-08 18:45:00,107.885,40.43,1.8671,36.67,50.33
2024-01-08 18:50:00,132.991,44.406,0.0,40.51,54.3
2024-01-08 18:55:00,102.853,30.448,0.0,41.57,58.36
2024-01-08 19:00:00,43.273,26.047,0.0,33.54,55.4
2024-01-08 19:05:00,22.807,31.781,0.0,52.45,48.55
2024-01-08 19:10:00,36.249,37.674,0.0,36.89,60.21
2024-01-08 19:15:00,79.787,39.307,0.0,39.37,50.52
2024-01-08 19:20:00,34.021,26.862,0.0,54.15,58.44
2024-01-08 19:25:00,40.232,21.621,0.0,58.72,61.64
2024-01-08 19:30:00,160.58,45.259,0.0,59.6,67.99
2024-01-08 19:35:00,33.668,41.109,0.0,34.4,53.34
2024-01-08 19:40:00,31.46,18.266,0.0,51.0,64.39
2024-01-08 19:45:00,40.089,30.662,0.0,25.32,64.38
2024-01-08 19:50:00,30.557,27.042,0.0,45.64,66.32
2024-01-08 19:55:00,37.241,37.773,0.0,33.06,52.18
2024-01-08 20:00:00,42.047,38.603,0.0,42.73,46.28
2024-01-08 20:05:00,30.709,40.481,0.0,33.52,55.7
2024-01-08 20:10:00,33.127,28.943,0.0,38.87,65.11
2024-01-08 20:15:00,26.756,16.58,0.0,30.5,49.26
2024-01-08 20:20:00,45.225,33.859,0.0,48.2,58.16
2024-01-08 20:25:00,23.666,23.495,0.0,44.13,57.15
2024-01-08 20:30:00,25.155,35.44,0.0,40.28,59.57
2024-01-08 20:35:00,28.215,22.229,0.0,62.53,58.82
2024-01-08 20:40:00,19.965,34.482,0.0,40.48,52.87
2024-01-08 20:45:00,29.122,30.795,0.0,34.47,60.89
2024-01-08 20:50:00,39.645,21.422,0.0,43.73,51.75
2024-01-08 20:55:00,31.162,36.296,0.0,5.0,59.47
2024-01-08 21:00:00,48.964,31.541,0.0,49.84,45.06
2024-01-08 21:05:00,89.657,50.086,0.0,52.14,69.21
2024-01-08 21:10:00,16.328,34.462,0.0,45.97,71.69
2024-01-08 21:15:00,29.238,36.545,0.0,44.34,68.28
2024-01-08 21:20:00,23.743,34.268,0.0,47.96,53.11
2024-01-08 21:25:00,32.927,28.429,0.0,57.71,56.56
2024-01-08 21:30:00,21.768,23.681,0.0,18.26,74.64
2024-01-08 21:35:00,29.035,17.96,0.0,61.67,53.06
2024-01-08 21:40:00,31.33,31.251,0.0,33.69,58.98
2024-01-08 21:45:00,43.168,33.948,0.0,41.95,57.8
2024-01-08 21:50:00,33.918,34.901,0.2343,55.02,55.59
2024-01-08 21:55:00,28.239,37.127,0.0,31.54,55.2
2024-01-08 22:00:00,34.41,26.633,0.0,56.47,60.66
2024-01-08 22:05:00,36.413,30.85,0.0,48.7,60.49
2024-01-08 22:10:00,48.27,37.821,0.0,57.56,61.04
2024-01-08 22:15:00,34.295,33.99,0.0,45.94,63.82
2024-01-08 22:20:00,37.87,32.847,0.0,38.73,51.33
2024-01-08 22:25:00,28.645,28.142,0.0,41.62,61.25
2024-01-08 22:30:00,36.878,34.939,0.1371,47.46,54.73
2024-01-08 22:35:00,41.184,28.244,0.0,42.45,49.29
2024-01-08 22:40:00,41.773,23.645,0.0,36.6,57.0
2024-01-08 22:45:00,41.317,26.932,0.0,49.9,47.2
2024-01-08 22:50:00,33.273,31.655,0.0,30.24,48.92
2024-01-08 22:55:00,40.113,36.596,0.0,20.83,59.56
2024-01-08 23:00:00,27.26,25.451,0.0,46.29,64.34
2024-01-08 23:05:00,48.167,41.062,0.0,48.28,57.61
2024-01-08 23:10:00,14.791,29.379,0.0,41.96,61.15
2024-01-08 23:15:00,44.084,35.079,0.0,51.31,65.68
2024-01-08 23:20:00,42.984,26.571,0.0,49.8,56.09
2024-01-08 23:25:00,40.37,32.51,0.0,47.14,51.55
2024-01-08 23:30:00,46.407,32.465,0.0,48.78,53.14
2024-01-08 23:35:00,28.675,33.211,0.0,48.85,59.16
2024-01-08 23:40:00,12.207,23.856,0.0,49.66,67.59
2024-01-08 23:45:00,42.76,27.907,0.0,57.08,47.16
2024-01-08 23:50:00,29.215,23.209,0.0,42.82,54.42
2024-01-08 23:55:00,18.302,27.735,0.0,49.45,51.27
2024-01-09 00:00:00,38.676,29.218,0.0,88.24,68.73
2024-01-09 00:05:00,17.67,31.461,0.0,55.96,44.94
2024-01-09 00:10:00,26.031,20.192,0.0,31.78,51.37
2024-01-09 00:15:00,29.603,32.5,0.0,31.17,55.3
2024-01-09 00:20:00,45.824,38.771,0.0,37.93,37.2
2024-01-09 00:25:00,32.403,32.961,0.0,36.25,73.29
2024-01-09 00:30:00,39.049,31.254,0.0,46.84,51.59
2024-01-09 00:35:00,20.262,27.197,0.1414,45.38,60.88
2024-01-09 00:40:00,30.311,32.725,0.0,15.49,71.34
2024-01-09 00:45:00,37.845,30.469,0.0,46.08,63.77
2024-01-09 00:50:00,55.194,33.379,0.0,51.84,59.39
2024-01-09 00:55:00,36.745,31.277,0.0,29.6,61.75
2024-01-09 01:00:00,36.266,29.64,0.0,34.24,67.02
2024-01-09 01:05:00,25.252,23.562,0.0,43.11,52.36
2024-01-09 01:10:00,31.957,26.728,0.0,26.15,61.52
2024-01-09 01:15:00,30.757,44.382,0.0,42.8,59.58
2024-01-09 01:20:00,35.913,41.604,0.0,29.73,52.93
2024-01-09 01:25:00,38.647,34.414,0.0,51.63,64.46
2024-01-09 01:30:00,29.436,24.795,0.0,41.59,59.88
2024-01-09 01:35:00,27.269,32.963,0.0,46.24,69.91
2024-01-09 01:40:00,23.937,22.127,0.0,30.69,56.27
2024-01-09 01:45:00,142.121,41.755,0.0,59.04,53.4
2024-01-09 01:50:00,38.489,32.52,0.0,25.06,57.04
2024-01-09 01:55:00,30.003,29.691,0.0,43.14,58.05
2024-01-09 02:00:00,21.61,36.978,0.0,60.85,56.74
2024-01-09 02:05:00,32.709,30.137,0.0,32.67,60.57
2024-01-09 02:10:00,44.216,33.256,0.0,50.83,59.51
2024-01-09 02:15:00,40.759,34.791,0.0,94.5,49.32
2024-01-09 02:20:00,28.656,32.019,0.0,23.96,45.37
2024-01-09 02:25:00,21.558,26.051,0.0,40.23,63.14
2024-01-09 02:30:00,46.312,39.779,0.0,54.98,49.39
2024-01-09 02:35:00,39.041,47.902,0.4821,37.68,50.96
2024-01-09 02:40:00,36.695,38.225,0.0,61.66,50.37
2024-01-09 02:45:00,32.042,33.887,0.1925,52.05,68.02
2024-01-09 02:50:00,26.618,27.739,0.0,39.85,52.89
2024-01-09 02:55:00,36.727,20.684,0.0,29.83,59.57
2024-01-09 03:00:00,10.617,30.364,0.0,39.99,72.5
2024-01-09 03:05:00,18.196,24.751,0.0,86.99,61.9
2024-01-09 03:10:00,24.823,36.001,0.0,22.81,41.06
2024-01-09 03:15:00,44.98,39.935,0.0,54.18,61.37
2024-01-09 03:20:00,20.637,35.655,0.0,46.88,42.62
2024-01-09 03:25:00,36.022,30.45,0.0,36.85,48.84
2024-01-09 03:30:00,39.998,19.205,0.0,55.55,57.56
2024-01-09 03:35:00,45.645,26.356,0.0,27.09,58.48
2024-01-09 03:40:00,30.978,37.541,0.226,47.22,56.89
2024-01-09 03:45:00,23.677,28.078,0.0,38.22,56.52
2024-01-09 03:50:00,24.555,31.44,0.0,48.55,57.02
2024-01-09 03:55:00,47.16,31.169,0.0,29.99,46.86
2024-01-09 04:00:00,53.717,41.741,0.0,49.49,61.64
2024-01-09 04:05:00,31.261,30.477,0.0,31.78,56.63
2024-01-09 04:10:00,30.949,27.618,0.0,5.0,58.52
2024-01-09 04:15:00,29.797,32.392,0.0,26.94,61.39
2024-01-09 04:20:00,40.212,212.992,0.0,43.58,50.24
2024-01-09 04:25:00,38.691,33.643,0.0,30.66,68.36
2024-01-09 04:30:00,49.242,32.639,0.0,90.58,59.93
2024-01-09 04:35:00,9.767,30.489,0.0,30.22,63.8
2024-01-09 04:40:00,38.327,30.077,0.0,51.62,58.8
2024-01-09 04:45:00,18.559,38.358,0.0,57.94,67.59
2024-01-09 04:50:00,25.808,27.52,0.0,55.07,59.21
2024-01-09 04:55:00,42.382,26.821,0.2614,34.45,48.71
2024-01-09 05:00:00,17.726,28.369,0.0,45.58,52.18
2024-01-09 05:05:00,28.742,34.826,0.0,55.57,59.09
2024-01-09 05:10:00,26.152,37.609,0.0,23.47,49.4
2024-01-09 05:15:00,171.683,57.753,0.0,49.01,57.34
2024-01-09 05:20:00,25.351,33.54,0.0,24.16,58.08
2024-01-09 05:25:00,33.93,38.441,0.0,31.37,64.0
2024-01-09 05:30:00,30.104,37.068,0.0,54.21,62.56
2024-01-09 05:35:00,29.479,34.622,0.0,29.32,61.48
2024-01-09 05:40:00,26.615,22.567,0.0664,33.39,55.67
2024-01-09 05:45:00,43.799,37.739,0.0,39.5,66.87
2024-01-09 05:50:00,29.229,33.825,0.0,29.98,53.37
2024-01-09 05:55:00,41.67,26.17,0.0,50.24,53.93
2024-01-09 06:00:00,45.781,20.208,0.0,22.43,65.76
2024-01-09 06:05:00,51.9,39.252,0.0,56.59,61.2
2024-01-09 06:10:00,14.247,26.685,0.123,41.39,44.97
2024-01-09 06:15:00,41.161,36.266,0.1361,47.36,73.78
2024-01-09 06:20:00,18.534,41.457,0.0,57.07,66.29
2024-01-09 06:25:00,41.415,34.302,0.0,23.61,46.84
2024-01-09 06:30:00,28.278,35.041,0.0,51.57,69.69
2024-01-09 06:35:00,34.959,28.148,0.0,48.05,61.87
2024-01-09 06:40:00,43.167,16.635,0.0,38.4,47.42
2024-01-09 06:45:00,26.014,29.537,0.0,23.4,56.71
2024-01-09 06:50:00,38.792,32.992,0.0,34.3,60.69
2024-01-09 06:55:00,22.238,34.503,0.0,46.54,63.35
2024-01-09 07:00:00,32.343,32.223,0.0,28.77,57.18
2024-01-09 07:05:00,49.139,34.048,0.1629,41.88,57.58
2024-01-09 07:10:00,36.92,38.124,0.0,64.66,51.05
2024-01-09 07:15:00,26.481,32.948,0.0,18.83,56.15
2024-01-09 07:20:00,33.188,22.443,0.0,51.35,62.05
2024-01-09 07:25:00,20.349,30.14,0.0,52.05,54.94
2024-01-09 07:30:00,43.33,32.65,0.0,49.1,67.32
2024-01-09 07:35:00,37.182,40.219,0.0,40.38,65.51
2024-01-09 07:40:00,20.727,31.332,0.0,22.25,57.34
2024-01-09 07:45:00,31.829,37.63,0.0,27.99,72.86
2024-01-09 07:50:00,47.779,28.147,0.0,32.94,41.1
2024-01-09 07:55:00,33.718,24.412,0.445,45.96,64.12
2024-01-09 08:00:00,96.815,42.925,0.0,62.81,65.7
2024-01-09 08:05:00,108.644,36.96,0.0,34.87,62.81
2024-01-09 08:10:00,109.848,44.409,0.4636,72.53,66.48
2024-01-09 08:15:00,133.33,52.637,0.0,39.6,45.19
2024-01-09 08:20:00,138.051,46.534,0.0,61.47,70.44
2024-01-09 08:25:00,115.483,38.647,0.0,52.35,50.83
2024-01-09 08:30:00,131.142,39.085,0.0,54.25,52.81
2024-01-09 08:35:00,94.447,42.212,0.0,68.83,47.98
2024-01-09 08:40:00,88.765,44.592,0.0,62.45,53.22
2024-01-09 08:45:00,126.314,47.96,0.0,66.91,60.18
2024-01-09 08:50:00,118.215,36.664,0.0,82.2,59.44
2024-01-09 08:55:00,110.416,48.232,0.0,70.93,64.05
2024-01-09 09:00:00,127.518,50.393,0.0,54.41,59.96
2024-01-09 09:05:00,113.174,49.771,0.0,57.06,60.93
2024-01-09 09:10:00,112.074,45.086,0.4877,56.36,41.7
2024-01-09 09:15:00,130.885,47.914,0.0,51.82,70.86
2024-01-09 09:20:00,143.871,264.165,0.0,56.46,63.25
2024-01-09 09:25:00,108.887,35.482,0.0,48.45,58.63
2024-01-09 09:30:00,138.517,38.474,0.0,53.57,71.81
2024-01-09 09:35:00,134.567,58.006,0.0,34.68,51.92
2024-01-09 09:40:00,102.71,43.004,0.0,75.87,52.62
2024-01-09 09:45:00,130.272,40.502,0.0,64.96,53.73
2024-01-09 09:50:00,108.467,26.901,0.0,59.52,53.32
2024-01-09 09:55:00,63.519,30.068,0.0,25.61,70.66
2024-01-09 10:00:00,131.381,46.004,0.0,79.19,47.56
2024-01-09 10:05:00,140.549,39.143,0.0,37.73,49.6
2024-01-09 10:10:00,132.418,43.111,0.0,66.28,60.21
2024-01-09 10:15:00,126.074,44.366,0.0,47.77,65.48
2024-01-09 10:20:00,178.22,49.385,0.0,61.88,74.07
2024-01-09 10:25:00,136.496,47.826,0.0,54.37,48.17
2024-01-09 10:30:00,177.257,39.509,0.0,77.91,50.73
2024-01-09 10:35:00,146.546,43.679,0.0,41.57,49.21
2024-01-09 10:40:00,178.92,61.034,0.0,53.79,63.74
2024-01-09 10:45:00,133.885,44.315,0.0,56.21,54.04
2024-01-09 10:50:00,148.735,35.701,0.0,50.62,65.42
2024-01-09 10:55:00,187.59,54.035,0.0,62.62,53.14
2024-01-09 11:00:00,153.852,41.48,0.0,54.53,55.28
2024-01-09 11:05:00,129.649,47.987,0.0,55.35,60.11
2024-01-09 11:10:00,179.347,53.351,0.4953,63.98,58.75
2024-01-09 11:15:00,140.82,38.124,0.0,56.28,65.26
2024-01-09 11:20:00,90.655,42.566,0.0,64.76,37.77
2024-01-09 11:25:00,159.017,54.804,0.0,50.83,40.12
2024-01-09 11:30:00,164.756,46.531,0.0,43.12,61.88
2024-01-09 11:35:00,140.489,45.825,0.0,79.52,77.01
2024-01-09 11:40:00,175.927,51.323,0.0,57.22,62.62
2024-01-09 11:45:00,154.09,35.154,0.0,57.83,47.05
2024-01-09 11:50:00,156.948,50.311,0.0,59.16,58.05
2024-01-09 11:55:00,169.723,52.915,0.0,58.31,52.72
2024-01-09 12:00:00,154.243,43.788,0.0,50.28,50.21
2024-01-09 12:05:00,92.383,44.257,0.0,48.97,61.57
2024-01-09 12:10:00,80.91,49.786,0.0,43.17,60.16
2024-01-09 12:15:00,161.818,46.888,0.0,88.21,57.89
2024-01-09 12:20:00,143.41,56.889,0.0,59.56,55.41
2024-01-09 12:25:00,140.346,54.476,0.0,31.72,57.51
2024-01-09 12:30:00,130.099,44.944,0.0,48.41,63.67
2024-01-09 12:35:00,79.605,35.708,0.0,70.63,55.1
2024-01-09 12:40:00,126.306,50.073,0.0,60.86,57.46
2024-01-09 12:45:00,112.332,46.746,0.0,37.32,65.74
2024-01-09 12:50:00,128.668,45.888,0.0,63.06,60.59
2024-01-09 12:55:00,127.704,47.725,0.0,61.41,64.38
2024-01-09 13:00:00,184.954,46.005,0.0,65.24,53.26
2024-01-09 13:05:00,175.848,48.195,0.0,59.66,59.46
2024-01-09 13:10:00,117.666,42.14,0.0,66.98,43.22
2024-01-09 13:15:00,148.391,40.63,0.0,51.38,69.62
2024-01-09 13:20:00,132.67,41.601,0.0,50.93,73.21
2024-01-09 13:25:00,133.128,40.625,0.0,57.06,44.22
2024-01-09 13:30:00,139.098,52.275,0.0,72.07,51.55
2024-01-09 13:35:00,128.123,50.974,0.0,35.82,60.47
2024-01-09 13:40:00,150.691,42.273,0.0,81.06,54.86
2024-01-09 13:45:00,203.894,55.064,0.0,90.89,44.03
2024-01-09 13:50:00,140.173,46.13,0.0,34.69,41.68
2024-01-09 13:55:00,106.438,37.069,0.8909,42.82,75.49
2024-01-09 14:00:00,96.429,49.948,0.0,36.12,53.17
2024-01-09 14:05:00,160.56,50.799,0.0,45.53,57.63
2024-01-09 14:10:00,139.636,39.853,0.0,40.49,55.98
2024-01-09 14:15:00,177.013,51.756,0.0,80.43,43.91
2024-01-09 14:20:00,103.039,34.724,0.0,97.12,68.44
2024-01-09 14:25:00,131.242,39.831,4.9914,45.77,52.18
2024-01-09 14:30:00,163.323,46.011,0.0,40.75,54.37
2024-01-09 14:35:00,172.41,51.196,0.0,62.54,61.42
2024-01-09 14:40:00,130.272,39.013,0.0,55.56,61.32
2024-01-09 14:45:00,97.373,33.187,0.0,42.6,56.49
2024-01-09 14:50:00,151.847,47.437,0.0,63.26,46.0
2024-01-09 14:55:00,114.188,44.179,0.0,27.49,62.1
2024-01-09 15:00:00,168.686,34.264,0.0,62.27,64.43
2024-01-09 15:05:00,144.118,47.541,0.0,50.38,67.85
2024-01-09 15:10:00,131.228,48.874,7.2337,45.95,55.28
2024-01-09 15:15:00,121.213,39.648,0.0,52.75,60.54
2024-01-09 15:20:00,121.663,37.448,0.0,50.47,57.53
2024-01-09 15:25:00,101.018,37.002,0.0,62.92,54.43
2024-01-09 15:30:00,98.959,42.392,0.0,37.7,54.27
2024-01-09 15:35:00,106.174,32.781,0.0,34.69,52.07
2024-01-09 15:40:00,86.064,27.244,0.0,43.27,64.52
2024-01-09 15:45:00,107.505,45.555,0.0,59.51,55.86
2024-01-09 15:50:00,115.952,44.03,0.0,56.23,64.52
2024-01-09 15:55:00,138.941,40.239,0.0,58.99,55.88
2024-01-09 16:00:00,107.24,52.989,0.0,55.88,64.93
2024-01-09 16:05:00,93.607,42.992,0.0,51.75,53.24
2024-01-09 16:10:00,138.635,55.728,0.0,35.79,57.04
2024-01-09 16:15:00,126.089,44.007,0.0,65.15,59.86
2024-01-09 16:20:00,88.917,39.529,0.0,49.22,63.02
2024-01-09 16:25:00,75.685,30.373,0.0,48.12,45.97
2024-01-09 16:30:00,116.672,47.813,0.4804,51.07,51.73
2024-01-09 16:35:00,104.326,48.567,0.0,54.2,53.2
2024-01-09 16:40:00,119.932,36.206,0.0,55.5,54.36
2024-01-09 16:45:00,102.275,37.745,0.0,71.54,62.04
2024-01-09 16:50:00,93.881,31.681,0.0,51.3,64.93
2024-01-09 16:55:00,120.973,51.232,0.0,47.54,51.96
2024-01-09 17:00:00,109.327,39.473,0.0,46.18,57.19
2024-01-09 17:05:00,135.285,44.829,0.0,62.11,53.49
2024-01-09 17:10:00,106.617,35.19,0.0,38.03,49.68
2024-01-09 17:15:00,123.421,48.241,0.0,63.71,60.51
2024-01-09 17:20:00,83.468,36.014,0.0,41.47,47.97
2024-01-09 17:25:00,135.112,52.447,0.0,63.53,73.5
2024-01-09 17:30:00,136.688,41.169,0.0,48.03,60.07
2024-01-09 17:35:00,109.633,34.192,0.3486,59.17,62.1
2024-01-09 17:40:00,109.022,171.195,0.0,58.47,56.41
2024-01-09 17:45:00,105.939,47.338,0.0,55.06,71.5
2024-01-09 17:50:00,142.891,50.021,0.0,76.13,54.21
2024-01-09 17:55:00,141.509,47.606,0.0,59.37,56.52
2024-01-09 18:00:00,96.584,48.842,0.0,56.73,52.99
2024-01-09 18:05:00,104.654,36.417,0.0,39.67,67.82
2024-01-09 18:10:00,142.777,40.58,0.0,69.87,55.66
2024-01-09 18:15:00,110.229,42.339,0.0,53.09,65.55
2024-01-09 18:20:00,72.216,38.01,0.0,61.44,64.78
2024-01-09 18:25:00,87.934,35.958,0.0,37.66,63.58
2024-01-09 18:30:00,110.745,46.63,0.0,56.61,58.56
2024-01-09 18:35:00,142.029,47.386,0.4036,93.11,55.19
2024-01-09 18:40:00,121.754,38.515,0.0,47.78,63.07
2024-01-09 18:45:00,119.712,49.258,0.0,58.21,49.27
2024-01-09 18:50:00,90.957,45.269,0.0,49.85,83.53
2024-01-09 18:55:00,118.943,39.326,0.0,54.72,66.44
2024-01-09 19:00:00,31.932,35.016,0.0,38.6,56.18
2024-01-09 19:05:00,31.852,42.47,0.0,63.25,55.84
2024-01-09 19:10:00,39.592,33.917,0.0,29.08,62.94
2024-01-09 19:15:00,28.909,34.145,0.0,33.92,55.07
2024-01-09 19:20:00,41.735,28.404,0.0,51.18,49.16
2024-01-09 19:25:00,42.558,40.006,0.0,58.82,50.71
2024-01-09 19:30:00,37.052,36.406,0.0,49.79,66.75
2024-01-09 19:35:00,145.311,35.051,0.0,72.56,63.09
2024-01-09 19:40:00,34.524,35.345,0.0,37.63,50.73
2024-01-09 19:45:00,36.511,34.936,0.0,43.27,62.08
2024-01-09 19:50:00,26.679,25.596,0.0,38.77,56.22
2024-01-09 19:55:00,43.314,30.194,0.0,47.38,56.56
2024-01-09 20:00:00,25.486,25.763,0.0,14.72,61.13
2024-01-09 20:05:00,34.457,20.437,0.0,33.5,62.33
2024-01-09 20:10:00,37.663,31.201,0.0,54.4,65.98
2024-01-09 20:15:00,9.257,32.243,0.0,45.8,56.77
2024-01-09 20:20:00,32.643,27.157,0.0,28.02,59.01
2024-01-09 20:25:00,28.491,29.052,0.0,50.82,56.0
2024-01-09 20:30:00,29.668,23.916,0.0,32.87,62.32
2024-01-09 20:35:00,21.489,24.538,0.0,49.09,57.5
2024-01-09 20:40:00,21.938,21.787,0.0,24.03,44.22
2024-01-09 20:45:00,30.905,17.025,0.0,47.22,62.75
2024-01-09 20:50:00,32.577,25.402,0.2273,54.85,61.5
2024-01-09 20:55:00,42.269,46.989,0.0,48.46,59.25
2024-01-09 21:00:00,31.848,35.045,0.2821,57.58,63.72
2024-01-09 21:05:00,37.584,32.269,0.0,53.9,54.6
2024-01-09 21:10:00,28.409,19.378,0.0,35.54,57.7
2024-01-09 21:15:00,35.965,34.392,0.0,49.88,64.33
2024-01-09 21:20:00,37.84,28.762,0.0,37.94,54.92
2024-01-09 21:25:00,11.853,32.467,0.0,67.09,51.76
2024-01-09 21:30:00,34.726,24.711,0.0,39.45,48.21
2024-01-09 21:35:00,23.772,32.191,0.0,98.95,42.19
2024-01-09 21:40:00,36.318,23.926,0.0,42.89,65.15
2024-01-09 21:45:00,16.692,40.827,0.0,32.71,47.66
2024-01-09 21:50:00,35.071,23.018,0.0,46.66,52.6
2024-01-09 21:55:00,18.985,34.318,0.2533,20.88,71.13
2024-01-09 22:00:00,37.513,29.836,0.0,91.58,69.94
2024-01-09 22:05:00,36.743,39.415,0.0,47.04,55.75
2024-01-09 22:10:00,100.231,40.607,0.0,73.38,61.94
2024-01-09 22:15:00,40.578,36.078,0.0,44.91,45.4
2024-01-09 22:20:00,22.676,35.794,0.0,42.29,47.25
2024-01-09 22:25:00,43.381,32.033,0.0,59.61,62.53
2024-01-09 22:30:00,32.605,26.471,0.1545,50.31,65.73
2024-01-09 22:35:00,38.615,40.903,0.0,12.28,63.69
2024-01-09 22:40:00,13.204,24.07,0.0,60.6,46.96
2024-01-09 22:45:00,42.542,38.001,0.0,44.02,59.03
2024-01-09 22:50:00,30.838,30.292,0.0,55.17,40.12
2024-01-09 22:55:00,24.653,38.904,0.0,45.35,59.99
2024-01-09 23:00:00,23.517,30.075,0.0,37.63,69.13
2024-01-09 23:05:00,23.523,33.403,0.0,54.29,58.12
2024-01-09 23:10:00,40.873,37.326,4.217,42.9,69.54
2024-01-09 23:15:00,45.284,45.258,0.0,28.05,54.16
2024-01-09 23:20:00,50.76,30.795,0.0,57.74,42.07
2024-01-09 23:25:00,29.868,28.399,0.0,49.68,69.87
2024-01-09 23:30:00,45.065,45.496,0.129,30.9,65.01
2024-01-09 23:35:00,31.726,34.94,0.0,30.38,49.07
2024-01-09 23:40:00,19.617,32.771,0.0659,30.53,52.52
2024-01-09 23:45:00,34.369,37.642,0.0,50.39,56.24
2024-01-09 23:50:00,29.662,44.36,0.0,56.14,57.8
2024-01-09 23:55:00,32.998,152.792,0.0,21.49,50.24
2024-01-10 00:00:00,32.332,30.425,0.0,36.32,44.94
2024-01-10 00:05:00,24.178,35.849,0.0,89.99,60.91
2024-01-10 00:10:00,30.037,30.076,0.0,59.57,61.6
2024-01-10 00:15:00,40.637,38.01,0.0,55.16,45.7
2024-01-10 00:20:00,28.836,27.44,0.0,22.29,69.34
2024-01-10 00:25:00,27.635,29.773,0.0,21.61,50.31
2024-01-10 00:30:00,37.168,27.57,0.0,26.28,63.54
2024-01-10 00:35:00,40.94,29.681,0.0,49.39,60.64
2024-01-10 00:40:00,15.419,16.657,0.0,39.0,50.06
2024-01-10 00:45:00,44.455,38.479,0.0,13.68,68.19
2024-01-10 00:50:00,27.882,25.408,0.0,28.19,54.77
2024-01-10 00:55:00,34.368,26.605,0.0,37.37,65.02
2024-01-10 01:00:00,21.621,28.067,0.0,31.49,56.08
2024-01-10 01:05:00,39.2,43.122,0.0,45.66,59.2
2024-01-10 01:10:00,37.086,32.804,0.0,61.5,65.68
2024-01-10 01:15:00,37.945,44.27,0.0,51.9,54.13
2024-01-10 01:20:00,35.191,32.463,0.0,26.9,59.47
2024-01-10 01:25:00,30.883,31.551,0.0,27.02,58.59
2024-01-10 01:30:00,20.551,36.264,0.0,48.01,65.25
2024-01-10 01:35:00,19.431,30.289,0.0,38.77,72.75
2024-01-10 01:40:00,27.857,42.17,0.3912,42.64,49.53
2024-01-10 01:45:00,21.039,32.009,0.0,36.56,57.01
2024-01-10 01:50:00,29.575,25.366,0.2592,41.41,61.25
2024-01-10 01:55:00,26.794,30.191,0.0,45.18,71.07
2024-01-10 02:00:00,27.336,35.138,0.1157,54.59,50.57
2024-01-10 02:05:00,31.947,37.318,0.0,36.47,68.55
2024-01-10 02:10:00,27.135,19.163,0.0,27.57,54.69
2024-01-10 02:15:00,18.213,31.87,0.0,18.36,59.61
2024-01-10 02:20:00,36.858,37.847,0.0,61.57,48.0
2024-01-10 02:25:00,20.144,26.774,0.0,29.83,55.65
2024-01-10 02:30:00,35.482,30.719,0.0,55.21,64.31
2024-01-10 02:35:00,41.198,29.118,0.0,25.5,59.77
2024-01-10 02:40:00,31.882,24.369,0.0,43.72,57.97
2024-01-10 02:45:00,16.902,24.509,0.0,38.99,58.37
2024-01-10 02:50:00,47.684,43.364,0.0,57.97,72.72
2024-01-10 02:55:00,24.473,30.695,0.0,36.82,60.73
2024-01-10 03:00:00,28.952,31.158,0.0,51.83,71.96
2024-01-10 03:05:00,30.242,34.601,0.0,33.92,49.98
2024-01-10 03:10:00,35.728,28.426,0.0,41.43,60.68
2024-01-10 03:15:00,27.299,37.79,0.0,50.26,64.51
2024-01-10 03:20:00,22.576,34.708,0.0,34.46,51.78
2024-01-10 03:25:00,33.189,30.253,0.0,51.04,54.26
2024-01-10 03:30:00,33.9,42.132,0.0,37.58,69.39
2024-01-10 03:35:00,35.972,40.489,0.0,16.58,46.97
2024-01-10 03:40:00,45.76,31.758,0.0,27.2,40.04
2024-01-10 03:45:00,35.305,35.809,0.0,43.1,57.99
2024-01-10 03:50:00,30.004,36.856,0.0,55.06,57.2
2024-01-10 03:55:00,37.329,27.723,0.0,39.14,67.8
2024-01-10 04:00:00,33.814,38.64,0.0,51.47,54.08
2024-01-10 04:05:00,28.124,33.172,0.0,14.02,48.25
2024-01-10 04:10:00,43.834,40.1,0.0,33.98,52.33
2024-01-10 04:15:00,23.736,22.302,0.3396,40.93,71.4
2024-01-10 04:20:00,23.489,21.395,0.0,24.38,45.7
2024-01-10 04:25:00,28.588,32.828,0.0,15.14,77.15
2024-01-10 04:30:00,32.45,27.395,0.0,26.91,58.6
2024-01-10 04:35:00,37.663,32.826,0.0,40.51,77.81
2024-01-10 04:40:00,30.692,26.072,0.0,63.86,63.74
2024-01-10 04:45:00,33.697,36.008,0.0,49.71,71.02
2024-01-10 04:50:00,29.432,35.382,0.0,58.42,65.13
2024-01-10 04:55:00,33.28,39.023,0.0,48.85,59.61
2024-01-10 05:00:00,24.471,32.425,0.0,40.64,59.82
2024-01-10 05:05:00,26.475,28.876,0.0,26.17,47.12
2024-01-10 05:10:00,34.436,28.956,0.0,70.46,54.29
2024-01-10 05:15:00,40.169,37.253,4.1465,37.07,54.16
2024-01-10 05:20:00,35.869,22.359,0.0,40.02,63.72
2024-01-10 05:25:00,29.32,30.703,0.0,32.03,58.98
2024-01-10 05:30:00,49.023,33.265,0.0,33.28,58.48
2024-01-10 05:35:00,20.062,21.027,0.0,40.81,62.16
2024-01-10 05:40:00,42.256,34.103,0.0,48.74,55.74
2024-01-10 05:45:00,32.022,31.952,0.0,34.26,59.38
2024-01-10 05:50:00,35.303,28.667,0.0,47.12,70.07
2024-01-10 05:55:00,30.203,33.806,0.0,33.81,61.55
2024-01-10 06:00:00,34.147,33.632,0.0,27.08,49.0
2024-01-10 06:05:00,35.61,34.138,0.0,35.73,51.54
2024-01-10 06:10:00,70.315,41.507,0.0,44.64,62.9
2024-01-10 06:15:00,28.352,27.822,0.0,45.03,54.48
2024-01-10 06:20:00,15.721,41.28,0.4847,39.35,66.31
2024-01-10 06:25:00,42.421,35.757,0.0,44.7,62.36
2024-01-10 06:30:00,29.505,40.421,0.0,29.33,50.67
2024-01-10 06:35:00,26.315,30.686,0.0,37.1,74.11
2024-01-10 06:40:00,37.796,39.56,0.0,35.53,49.09
2024-01-10 06:45:00,30.074,31.165,0.0,40.4,66.16
2024-01-10 06:50:00,12.205,36.269,0.0,36.85,68.18
2024-01-10 06:55:00,21.904,41.784,0.0,47.71,38.13
2024-01-10 07:00:00,39.69,38.375,0.0,37.6,60.74
2024-01-10 07:05:00,36.083,34.34,0.0,35.25,60.61
2024-01-10 07:10:00,48.68,26.515,0.0,5.0,62.41
2024-01-10 07:15:00,30.199,30.788,0.0,37.41,68.37
2024-01-10 07:20:00,31.161,27.117,0.0,39.04,55.11
2024-01-10 07:25:00,30.848,37.218,0.0,31.88,57.0
2024-01-10 07:30:00,38.829,23.069,0.0,60.34,50.88
2024-01-10 07:35:00,31.174,43.987,0.0,45.54,50.88
2024-01-10 07:40:00,31.432,35.708,0.0,32.72,55.71
2024-01-10 07:45:00,40.214,37.498,0.0,33.33,43.95
2024-01-10 07:50:00,21.448,27.708,0.0,49.82,62.22
2024-01-10 07:55:00,33.096,36.591,0.0,24.98,50.53
2024-01-10 08:00:00,133.63,39.837,0.0,71.79,45.0
2024-01-10 08:05:00,83.181,34.226,0.0,56.98,52.66
2024-01-10 08:10:00,108.089,33.757,0.0,53.9,45.73
2024-01-10 08:15:00,93.898,40.123,0.0,46.27,53.28
2024-01-10 08:20:00,121.995,44.68,0.0,50.55,54.52
2024-01-10 08:25:00,114.046,49.598,0.0,74.09,53.26
2024-01-10 08:30:00,110.362,35.647,0.0,65.52,51.75
2024-01-10 08:35:00,103.96,38.566,0.0,50.02,59.53
2024-01-10 08:40:00,87.201,38.987,0.0,53.06,64.18
2024-01-10 08:45:00,143.302,54.456,0.0,60.45,59.99
2024-01-10 08:50:00,94.974,37.076,0.0,51.44,66.66
2024-01-10 08:55:00,135.693,39.872,0.0,53.91,53.09
2024-01-10 09:00:00,119.259,45.75,0.0,59.67,68.65
2024-01-10 09:05:00,120.268,46.265,0.0,49.45,77.96
2024-01-10 09:10:00,74.22,45.155,3.8214,39.96,51.57
2024-01-10 09:15:00,103.915,42.454,0.0,40.93,54.37
2024-01-10 09:20:00,111.12,44.435,0.0,61.59,54.82
2024-01-10 09:25:00,87.905,46.206,0.1337,64.5,48.22
2024-01-10 09:30:00,136.752,48.074,0.0,57.99,54.62
2024-01-10 09:35:00,79.427,31.12,0.0,69.84,50.32
2024-01-10 09:40:00,116.832,51.496,0.0,70.34,51.27
2024-01-10 09:45:00,66.049,33.187,0.0,51.12,56.84
2024-01-10 09:50:00,102.842,25.151,0.0,64.74,64.63
2024-01-10 09:55:00,92.991,33.225,0.0,98.83,57.87
2024-01-10 10:00:00,167.662,54.005,0.0,53.48,55.04
2024-01-10 10:05:00,146.208,49.029,0.0,62.27,49.28
2024-01-10 10:10:00,154.136,44.705,0.0,74.91,53.74
2024-01-10 10:15:00,192.106,37.203,0.0,73.89,73.29
2024-01-10 10:20:00,192.403,52.215,0.0,52.68,53.93
2024-01-10 10:25:00,163.293,45.969,0.0,51.66,54.39
2024-01-10 10:30:00,109.074,44.989,0.0,56.07,61.16
2024-01-10 10:35:00,191.368,52.482,0.0,65.75,56.71
2024-01-10 10:40:00,94.868,29.883,0.0,50.72,53.58
2024-01-10 10:45:00,90.504,50.339,0.0,58.5,64.45
2024-01-10 10:50:00,140.735,39.107,0.0,59.68,63.4
2024-01-10 10:55:00,174.232,44.034,0.0,48.95,55.92
2024-01-10 11:00:00,220.195,62.183,0.0,63.92,61.88
2024-01-10 11:05:00,170.858,41.388,0.0,52.59,67.41
2024-01-10 11:10:00,91.941,45.741,0.0,53.51,57.18
2024-01-10 11:15:00,84.559,31.626,0.0,72.15,63.94
2024-01-10 11:20:00,146.641,45.506,0.0,63.22,68.99
2024-01-10 11:25:00,120.535,42.026,0.0,55.11,77.99
2024-01-10 11:30:00,169.926,44.735,0.0,66.11,73.85
2024-01-10 11:35:00,160.488,44.594,0.0,70.07,56.08
2024-01-10 11:40:00,158.465,49.105,0.0,56.75,55.73
2024-01-10 11:45:00,158.465,43.139,0.0,71.9,53.09
2024-01-10 11:50:00,139.344,40.134,0.0,81.29,49.88
2024-01-10 11:55:00,170.838,43.096,0.0,71.05,69.87
2024-01-10 12:00:00,114.661,46.65,0.0,43.99,52.5
2024-01-10 12:05:00,121.395,44.223,0.0,49.41,49.2
2024-01-10 12:10:00,153.89,43.161,0.0,71.1,58.07
2024-01-10 12:15:00,110.931,44.599,0.0,46.85,68.36
2024-01-10 12:20:00,80.843,39.788,0.0,53.93,66.71
2024-01-10 12:25:00,103.973,34.409,0.3237,43.27,68.88
2024-01-10 12:30:00,95.432,37.589,0.0,46.3,63.08
2024-01-10 12:35:00,205.832,54.617,0.0,47.3,47.24
2024-01-10 12:40:00,125.175,35.42,0.0,39.22,59.57
2024-01-10 12:45:00,139.301,262.212,0.0,61.45,65.61
2024-01-10 12:50:00,126.222,33.358,0.0,60.76,47.31
2024-01-10 12:55:00,128.293,43.096,0.0,41.49,44.1
2024-01-10 13:00:00,165.55,50.154,0.0,44.41,70.45
2024-01-10 13:05:00,85.474,41.497,0.0,48.55,53.6
2024-01-10 13:10:00,121.016,42.763,0.0,50.84,42.23
2024-01-10 13:15:00,133.644,49.308,0.0,72.73,48.76
2024-01-10 13:20:00,76.204,34.707,5.2443,45.45,47.83
2024-01-10 13:25:00,128.489,47.442,0.0,65.41,65.0
2024-01-10 13:30:00,146.009,45.761,0.0,72.09,57.79
2024-01-10 13:35:00,184.133,48.157,0.0,62.15,72.62
2024-01-10 13:40:00,138.604,47.191,0.0,50.69,54.38
2024-01-10 13:45:00,174.197,38.47,0.0,61.93,58.76
2024-01-10 13:50:00,148.599,43.927,0.0,50.94,56.67
2024-01-10 13:55:00,109.038,47.152,0.0,92.7,76.44
2024-01-10 14:00:00,126.5,38.246,0.0,63.62,56.17
2024-01-10 14:05:00,166.727,49.235,0.0,76.57,58.71
2024-01-10 14:10:00,139.61,43.594,0.0,65.34,46.02
2024-01-10 14:15:00,116.104,41.216,5.1991,54.36,62.99
2024-01-10 14:20:00,146.855,51.154,0.0,67.95,54.98
2024-01-10 14:25:00,120.14,41.592,0.0,73.69,54.22
2024-01-10 14:30:00,114.857,47.649,0.0,53.71,51.04
2024-01-10 14:35:00,126.33,37.481,0.0,60.87,41.87
2024-01-10 14:40:00,174.474,50.716,0.0,50.34,45.44
2024-01-10 14:45:00,128.606,45.728,0.0,52.63,51.06
2024-01-10 14:50:00,142.059,49.787,0.0,57.67,78.14
2024-01-10 14:55:00,94.577,41.276,0.0,46.35,57.08
2024-01-10 15:00:00,98.349,32.901,0.0,37.3,58.93
2024-01-10 15:05:00,79.584,39.069,0.0,34.98,63.13
2024-01-10 15:10:00,93.501,38.899,0.0,52.55,62.4
2024-01-10 15:15:00,134.802,33.146,0.0,62.44,52.36
2024-01-10 15:20:00,116.639,39.808,0.0,47.46,65.5
2024-01-10 15:25:00,99.761,42.048,0.0,48.07,49.0
2024-01-10 15:30:00,98.776,29.664,4.6491,56.33,64.03
2024-01-10 15:35:00,91.882,37.953,0.0,94.08,63.87
2024-01-10 15:40:00,117.84,45.851,0.0,56.39,69.38
2024-01-10 15:45:00,102.752,38.471,0.0,61.67,58.88
2024-01-10 15:50:00,136.346,54.721,0.0,54.83,64.61
2024-01-10 15:55:00,114.958,34.528,0.0,22.07,58.17
2024-01-10 16:00:00,91.355,47.406,0.0,67.34,51.11
2024-01-10 16:05:00,92.205,38.055,0.0,25.48,60.54
2024-01-10 16:10:00,125.909,48.087,0.0,28.43,60.76
2024-01-10 16:15:00,96.81,47.13,0.0,60.67,40.5
2024-01-10 16:20:00,96.271,32.687,0.0,39.87,32.6
2024-01-10 16:25:00,124.131,55.114,0.0,63.68,65.94
2024-01-10 16:30:00,115.373,41.096,0.0,44.98,56.69
2024-01-10 16:35:00,94.152,38.049,0.0,39.72,54.78
2024-01-10 16:40:00,135.762,45.104,0.0,70.38,63.05
2024-01-10 16:45:00,131.94,52.571,0.0,59.94,62.19
2024-01-10 16:50:00,83.867,44.77,0.0,44.77,50.75
2024-01-10 16:55:00,144.372,47.869,0.0,56.53,62.01
2024-01-10 17:00:00,87.593,36.712,0.0,50.66,60.2
2024-01-10 17:05:00,72.282,41.502,0.0,47.81,56.0
2024-01-10 17:10:00,120.258,37.239,0.0,39.61,72.33
2024-01-10 17:15:00,80.874,35.053,0.0,57.18,56.54
2024-01-10 17:20:00,174.493,56.745,0.0,59.01,52.86
2024-01-10 17:25:00,73.442,35.087,0.0,41.16,55.11
2024-01-10 17:30:00,121.74,44.916,0.0,58.75,71.51
2024-01-10 17:35:00,91.108,46.107,0.0,43.34,62.07
2024-01-10 17:40:00,106.634,43.503,0.0,46.33,64.63
2024-01-10 17:45:00,109.901,44.925,0.0,66.86,62.14
2024-01-10 17:50:00,130.71,47.63,0.0,50.71,74.41
2024-01-10 17:55:00,104.657,34.781,0.0,62.97,57.97
2024-01-10 18:00:00,113.457,45.07,0.0,65.13,47.16
2024-01-10 18:05:00,55.941,41.5,0.0,23.3,49.4
2024-01-10 18:10:00,115.498,39.395,0.0,51.34,64.97
2024-01-10 18:15:00,122.324,39.009,0.0,52.13,74.61
2024-01-10 18:20:00,86.333,43.282,0.0,57.1,66.64
2024-01-10 18:25:00,140.566,42.437,0.0,50.76,54.62
2024-01-10 18:30:00,122.462,42.825,0.0,61.63,64.37
2024-01-10 18:35:00,97.535,36.461,0.0,37.4,58.8
2024-01-10 18:40:00,92.332,51.835,0.0,54.14,63.83
2024-01-10 18:45:00,127.82,234.373,0.0,57.98,53.14
2024-01-10 18:50:00,69.84,34.813,0.0,54.35,46.18
2024-01-10 18:55:00,145.457,36.499,0.0,60.36,52.84
2024-01-10 19:00:00,40.89,37.606,0.0,55.19,67.81
2024-01-10 19:05:00,40.211,38.611,0.0,48.74,70.83
2024-01-10 19:10:00,33.537,25.505,0.0,37.67,46.85
2024-01-10 19:15:00,23.595,37.694,0.1904,41.95,62.45
2024-01-10 19:20:00,38.943,26.19,0.0,60.8,52.85
2024-01-10 19:25:00,27.718,33.309,0.0,65.14,67.32
2024-01-10 19:30:00,29.044,22.726,0.0,37.32,52.39
2024-01-10 19:35:00,40.762,30.698,0.0,43.13,65.13
2024-01-10 19:40:00,35.828,33.062,0.0,49.18,68.78
2024-01-10 19:45:00,30.481,35.258,0.0,15.27,56.17
2024-01-10 19:50:00,41.336,36.611,0.0,46.41,48.72
2024-01-10 19:55:00,26.927,35.957,0.0,62.88,62.42
2024-01-10 20:00:00,40.332,31.859,0.0,35.76,72.28
2024-01-10 20:05:00,35.27,22.78,0.0,50.19,46.14
2024-01-10 20:10:00,29.678,29.294,0.0,45.8,63.58
2024-01-10 20:15:00,32.244,24.656,0.0,68.7,71.63
2024-01-10 20:20:00,17.048,24.533,0.0,36.83,45.85
2024-01-10 20:25:00,39.358,30.027,0.0,96.47,48.93
2024-01-10 20:30:00,28.092,29.013,0.0,33.11,45.26
2024-01-10 20:35:00,38.344,39.365,0.3708,35.68,68.4
2024-01-10 20:40:00,31.562,30.885,0.0,22.86,58.1
2024-01-10 20:45:00,35.784,35.075,0.0,22.94,59.67
2024-01-10 20:50:00,25.984,26.081,0.0,35.63,56.19
2024-01-10 20:55:00,36.118,33.38,0.0,40.74,48.53
2024-01-10 21:00:00,38.862,36.363,0.1218,38.23,38.41
2024-01-10 21:05:00,35.279,33.591,0.0,13.09,52.18
2024-01-10 21:10:00,44.42,40.486,0.0,10.25,51.25
2024-01-10 21:15:00,35.151,30.847,0.0,53.99,50.06
2024-01-10 21:20:00,41.267,24.798,0.0,35.94,46.61
2024-01-10 21:25:00,14.416,37.826,0.0,20.5,47.4
2024-01-10 21:30:00,23.636,35.462,0.0,38.12,65.68
2024-01-10 21:35:00,34.632,27.422,0.0,28.49,66.93
2024-01-10 21:40:00,29.274,37.939,0.0,46.58,55.47
2024-01-10 21:45:00,34.136,27.323,0.0,38.94,68.74
2024-01-10 21:50:00,34.94,30.366,0.0,42.03,66.06
2024-01-10 21:55:00,23.714,36.338,0.0,38.47,57.47
2024-01-10 22:00:00,35.217,32.733,0.0,32.57,72.49
2024-01-10 22:05:00,30.503,35.106,0.0,28.0,68.2
2024-01-10 22:10:00,45.784,27.111,0.0,23.79,68.15
2024-01-10 22:15:00,34.568,33.578,0.0,45.9,48.4
2024-01-10 22:20:00,23.516,29.604,0.0,22.91,70.86
2024-01-10 22:25:00,48.319,23.257,0.0,58.71,70.9
2024-01-10 22:30:00,34.115,21.55,0.0,36.37,60.95
2024-01-10 22:35:00,34.796,27.914,0.0,39.36,51.64
2024-01-10 22:40:00,46.348,43.365,0.0,18.78,47.96
2024-01-10 22:45:00,41.597,31.204,0.0,34.02,78.73
2024-01-10 22:50:00,9.367,28.75,0.0,18.83,57.0
2024-01-10 22:55:00,17.272,37.899,0.0,48.41,56.38
2024-01-10 23:00:00,36.35,34.111,0.0,53.06,61.61
2024-01-10 23:05:00,0.0,22.744,0.0,40.24,48.53
2024-01-10 23:10:00,30.297,32.767,0.0,47.59,53.62
2024-01-10 23:15:00,44.882,26.412,0.0,36.02,48.96
2024-01-10 23:20:00,33.587,29.829,0.0,46.88,61.93
2024-01-10 23:25:00,38.011,31.584,0.0,50.41,56.68
2024-01-10 23:30:00,37.209,25.109,0.0,38.96,53.17
2024-01-10 23:35:00,27.185,36.611,0.0,37.55,51.82
2024-01-10 23:40:00,32.98,31.348,0.0,31.54,67.97
2024-01-10 23:45:00,20.607,33.789,0.0,44.96,56.8
2024-01-10 23:50:00,36.672,27.873,0.0,35.23,58.87
2024-01-10 23:55:00,44.588,39.072,0.0,40.28,43.69
2024-01-11 00:00:00,36.626,33.019,0.0,47.6,56.2
2024-01-11 00:05:00,30.3,34.169,0.0,30.6,76.92
2024-01-11 00:10:00,36.426,25.306,0.0,37.08,63.85
2024-01-11 00:15:00,41.091,31.558,0.0,28.48,52.39
2024-01-11 00:20:00,18.545,31.242,0.0,48.02,53.67
2024-01-11 00:25:00,44.251,26.681,0.0,24.96,57.82
2024-01-11 00:30:00,34.88,26.384,0.1054,45.59,56.9
2024-01-11 00:35:00,36.159,27.809,0.0,47.99,60.47
2024-01-11 00:40:00,35.236,24.307,0.0,41.53,71.33
2024-01-11 00:45:00,26.525,42.673,0.0,38.87,49.44
2024-01-11 00:50:00,31.872,42.004,0.0,45.51,61.04
2024-01-11 00:55:00,27.056,33.118,0.0,29.68,59.5
2024-01-11 01:00:00,34.454,36.029,0.0,36.1,64.91
2024-01-11 01:05:00,16.808,26.28,0.0,40.28,54.74
2024-01-11 01:10:00,26.617,19.768,0.0,47.03,60.35
2024-01-11 01:15:00,27.16,30.073,0.0,37.2,61.22
2024-01-11 01:20:00,32.533,32.144,0.0,42.87,57.25
2024-01-11 01:25:00,36.627,37.23,0.0,58.2,48.35
2024-01-11 01:30:00,45.958,29.846,0.179,17.37,54.18
2024-01-11 01:35:00,32.314,33.654,0.0,38.47,67.29
2024-01-11 01:40:00,38.631,36.754,0.0,48.32,45.75
2024-01-11 01:45:00,39.291,37.236,0.0,50.25,58.81
2024-01-11 01:50:00,38.135,27.076,0.0,38.83,68.4
2024-01-11 01:55:00,38.57,33.22,0.0,39.15,69.61
2024-01-11 02:00:00,45.362,25.634,0.0,55.17,54.31
2024-01-11 02:05:00,35.079,30.314,0.0,57.49,70.13
2024-01-11 02:10:00,29.069,34.059,0.0,24.78,57.38
2024-01-11 02:15:00,17.71,29.242,0.0,25.49,68.34
2024-01-11 02:20:00,29.271,34.08,0.0,46.95,59.01
2024-01-11 02:25:00,30.343,29.023,0.3472,33.45,47.51
2024-01-11 02:30:00,30.172,29.183,0.0,31.11,42.93
2024-01-11 02:35:00,17.201,27.822,0.0,45.19,53.95
2024-01-11 02:40:00,34.311,26.533,0.0,28.05,51.41
2024-01-11 02:45:00,35.102,37.596,0.0,32.16,54.35
2024-01-11 02:50:00,38.45,24.376,0.0,41.23,62.58
2024-01-11 02:55:00,35.584,35.023,0.0,37.95,50.18
2024-01-11 03:00:00,28.678,25.827,0.0,45.33,61.16
2024-01-11 03:05:00,14.549,18.452,0.0,29.65,66.76
2024-01-11 03:10:00,33.028,36.954,0.0857,40.92,61.03
2024-01-11 03:15:00,183.339,40.834,0.0,50.07,44.26
2024-01-11 03:20:00,43.346,43.915,0.0,59.6,58.79
2024-01-11 03:25:00,39.461,32.07,0.0,54.81,58.68
2024-01-11 03:30:00,40.622,39.553,0.0,27.21,64.1
2024-01-11 03:35:00,42.008,43.694,0.0,42.01,43.44
2024-01-11 03:40:00,31.465,32.57,0.0,56.42,62.01
2024-01-11 03:45:00,41.556,37.559,0.0,27.31,64.89
2024-01-11 03:50:00,10.195,35.08,0.3796,18.29,65.79
2024-01-11 03:55:00,40.433,41.133,0.0,32.37,53.23
2024-01-11 04:00:00,20.927,21.312,0.0,39.29,61.2
2024-01-11 04:05:00,27.999,42.508,0.0,46.71,63.67
2024-01-11 04:10:00,39.604,22.894,0.0,49.12,58.52
2024-01-11 04:15:00,26.335,22.03,0.0,54.22,46.09
2024-01-11 04:20:00,31.778,36.231,0.0,25.29,61.34
2024-01-11 04:25:00,35.371,159.233,0.0,58.68,60.58
2024-01-11 04:30:00,25.037,28.784,0.0,40.06,68.62
2024-01-11 04:35:00,16.581,34.795,0.0,18.97,56.28
2024-01-11 04:40:00,17.156,29.158,0.0,37.0,56.89
2024-01-11 04:45:00,47.896,37.65,0.0,35.98,41.04
2024-01-11 04:50:00,37.429,46.324,0.0,53.79,64.26
2024-01-11 04:55:00,29.171,29.861,0.0,28.78,68.92
2024-01-11 05:00:00,28.93,32.675,0.1131,52.25,66.09
2024-01-11 05:05:00,34.336,33.394,0.0,28.43,47.78
2024-01-11 05:10:00,41.656,21.644,0.0,45.25,59.63
2024-01-11 05:15:00,40.015,35.653,0.0,37.06,55.2
2024-01-11 05:20:00,37.759,29.967,0.0,56.95,58.72
2024-01-11 05:25:00,22.615,27.079,0.0,43.2,60.42
2024-01-11 05:30:00,25.341,34.245,0.0,5.0,66.23
2024-01-11 05:35:00,24.917,2.391,0.0,36.21,75.47
2024-01-11 05:40:00,35.938,22.204,0.0,35.2,71.18
2024-01-11 05:45:00,40.737,31.666,0.0,36.25,66.63
2024-01-11 05:50:00,25.192,37.028,0.0,41.73,59.25
2024-01-11 05:55:00,31.829,33.728,0.4491,53.23,50.04
2024-01-11 06:00:00,31.951,30.337,0.0,17.0,57.76
2024-01-11 06:05:00,40.645,21.452,0.0,38.04,54.06
2024-01-11 06:10:00,34.434,23.779,0.0,25.33,60.23
2024-01-11 06:15:00,51.369,38.92,0.0,72.75,57.53
2024-01-11 06:20:00,28.663,28.837,0.0,44.54,60.63
2024-01-11 06:25:00,8.212,26.805,0.0,51.51,47.41
2024-01-11 06:30:00,36.366,32.425,0.2189,57.64,59.65
2024-01-11 06:35:00,32.773,14.946,0.0,43.0,55.29
2024-01-11 06:40:00,35.098,27.015,0.0,32.42,55.93
2024-01-11 06:45:00,33.882,35.351,0.0,20.45,52.78
2024-01-11 06:50:00,35.93,35.478,0.0,43.61,51.81
2024-01-11 06:55:00,24.396,25.377,0.0,27.09,55.18
2024-01-11 07:00:00,41.082,39.048,0.0,37.28,41.57
2024-01-11 07:05:00,32.697,35.421,0.0,43.32,48.01
2024-01-11 07:10:00,31.673,30.167,0.391,35.13,64.2
2024-01-11 07:15:00,31.879,33.813,0.0,40.35,57.65
2024-01-11 07:20:00,29.367,29.612,0.0,39.24,58.02
2024-01-11 07:25:00,43.236,36.012,0.0,15.77,68.49
2024-01-11 07:30:00,37.177,29.559,0.0,30.43,58.54
2024-01-11 07:35:00,23.93,35.676,0.0,42.79,63.23
2024-01-11 07:40:00,22.316,29.107,0.0,47.79,55.99
2024-01-11 07:45:00,28.369,32.272,0.0,39.34,44.7
2024-01-11 07:50:00,30.658,30.464,0.0,37.58,63.45
2024-01-11 07:55:00,22.873,31.191,0.0,62.72,55.94
2024-01-11 08:00:00,84.751,32.834,0.0,66.92,60.07
2024-01-11 08:05:00,67.799,28.5,0.0,49.19,64.67
2024-01-11 08:10:00,123.558,44.424,0.0,47.34,57.99
2024-01-11 08:15:00,115.741,45.061,0.0,46.35,50.78
2024-01-11 08:20:00,149.956,45.801,0.0,53.69,65.04
2024-01-11 08:25:00,102.948,37.478,0.0,43.57,53.86
2024-01-11 08:30:00,131.015,50.254,0.0,47.0,64.53
2024-01-11 08:35:00,125.938,42.966,0.0,81.9,60.02
2024-01-11 08:40:00,137.507,39.9,0.0,61.65,64.85
2024-01-11 08:45:00,87.926,41.703,0.0,74.14,60.45
2024-01-11 08:50:00,85.646,46.639,0.0,57.02,55.14
2024-01-11 08:55:00,116.315,44.86,0.0,68.46,48.02
2024-01-11 09:00:00,96.771,45.938,0.0,61.08,67.13
2024-01-11 09:05:00,122.901,39.879,0.0,51.86,58.52
2024-01-11 09:10:00,110.787,39.921,0.0,93.28,48.26
2024-01-11 09:15:00,120.939,36.899,0.0,57.34,58.77
2024-01-11 09:20:00,94.45,39.24,0.3264,61.35,56.66
2024-01-11 09:25:00,110.444,41.23,0.0,57.64,52.15
2024-01-11 09:30:00,164.363,44.002,0.0,68.04,51.95
2024-01-11 09:35:00,595.999,97.725,0.0,99.0,65.88
2024-01-11 09:40:00,140.846,44.126,0.0,72.14,46.88
2024-01-11 09:45:00,110.923,35.197,0.0,55.61,58.37
2024-01-11 09:50:00,100.158,30.333,0.1739,62.47,44.92
2024-01-11 09:55:00,120.555,43.627,0.0,44.47,50.03
2024-01-11 10:00:00,93.151,34.408,0.0,45.56,56.01
2024-01-11 10:05:00,115.158,40.867,0.0,50.53,65.48
2024-01-11 10:10:00,78.749,29.654,0.0,38.32,60.83
2024-01-11 10:15:00,102.894,36.398,1.2305,61.9,58.39
2024-01-11 10:20:00,484.742,83.541,0.0,99.0,62.36
2024-01-11 10:25:00,132.564,43.18,0.0,71.46,46.32
2024-01-11 10:30:00,70.526,30.162,0.0,38.97,71.83
2024-01-11 10:35:00,138.103,37.692,0.0,58.86,59.32
2024-01-11 10:40:00,108.44,41.149,0.0,59.0,63.46
2024-01-11 10:45:00,122.922,50.896,0.0,73.3,55.26
2024-01-11 10:50:00,153.171,42.682,0.0,63.06,66.47
2024-01-11 10:55:00,142.519,40.706,3.9941,55.68,49.55
2024-01-11 11:00:00,133.221,54.018,0.2197,66.27,61.93
2024-01-11 11:05:00,129.8,61.881,0.0,65.18,57.32
2024-01-11 11:10:00,135.739,47.143,0.0,58.35,47.63
2024-01-11 11:15:00,93.27,32.449,0.0,67.33,64.75
2024-01-11 11:20:00,137.364,42.124,0.0,59.52,49.66
2024-01-11 11:25:00,106.642,47.314,0.0,77.16,53.0
2024-01-11 11:30:00,134.183,51.057,0.0,53.2,51.96
2024-01-11 11:35:00,131.18,40.595,0.0,63.13,62.49
2024-01-11 11:40:00,97.318,41.435,0.0,46.5,57.1
2024-01-11 11:45:00,83.481,44.415,0.0,42.86,62.89
2024-01-11 11:50:00,77.184,34.445,0.0,49.7,51.63
2024-01-11 11:55:00,84.713,41.805,0.0,58.8,47.02
2024-01-11 12:00:00,96.473,35.736,0.0,52.98,45.83
2024-01-11 12:05:00,118.017,37.729,0.0,65.54,62.0
2024-01-11 12:10:00,86.993,49.507,0.0,54.88,65.62
2024-01-11 12:15:00,118.338,42.152,0.0,60.21,66.33
2024-01-11 12:20:00,112.691,28.934,0.0,55.85,56.0
2024-01-11 12:25:00,106.971,43.473,0.0,38.42,58.89
2024-01-11 12:30:00,86.326,32.311,0.0,54.7,57.39
2024-01-11 12:35:00,115.456,42.116,0.1532,56.73,58.59
2024-01-11 12:40:00,121.173,36.377,0.0,61.17,59.88
2024-01-11 12:45:00,98.144,44.157,0.0,67.88,60.87
2024-01-11 12:50:00,558.971,97.332,0.0,99.0,54.63
2024-01-11 12:55:00,132.103,43.882,0.4991,48.09,62.42
2024-01-11 13:00:00,129.909,31.242,0.0,50.25,40.27
2024-01-11 13:05:00,100.429,47.586,0.0,93.28,61.07
2024-01-11 13:10:00,142.094,50.809,0.0,66.14,63.04
2024-01-11 13:15:00,135.861,49.871,0.0,59.87,45.78
2024-01-11 13:20:00,136.778,42.721,0.0,66.22,47.46
2024-01-11 13:25:00,83.358,35.243,0.0,27.59,53.95
2024-01-11 13:30:00,116.052,39.939,0.0,53.31,45.17
2024-01-11 13:35:00,96.29,37.376,0.0,46.41,70.69
2024-01-11 13:40:00,87.2,40.815,0.0,43.22,57.58
2024-01-11 13:45:00,137.226,38.943,0.0,50.93,66.17
2024-01-11 13:50:00,128.042,43.293,0.0,47.07,58.33
2024-01-11 13:55:00,88.688,33.566,0.0,32.04,57.89
2024-01-11 14:00:00,106.657,38.82,0.0,40.38,41.7
2024-01-11 14:05:00,82.498,49.805,0.0,63.61,36.22
2024-01-11 14:10:00,107.036,47.386,0.0,69.1,70.48
2024-01-11 14:15:00,116.815,41.111,0.0,52.79,58.96
2024-01-11 14:20:00,129.54,45.11,0.0,44.19,47.11
2024-01-11 14:25:00,143.328,37.736,0.0,59.94,54.21
2024-01-11 14:30:00,128.495,30.948,0.0,55.98,53.86
2024-01-11 14:35:00,98.857,31.883,0.0,57.6,65.83
2024-01-11 14:40:00,100.357,45.59,0.0,39.47,65.8
2024-01-11 14:45:00,106.406,45.956,1.088,58.92,54.3
2024-01-11 14:50:00,73.35,31.358,0.0,34.41,59.86
2024-01-11 14:55:00,83.995,47.526,0.0,57.23,59.42
2024-01-11 15:00:00,88.35,32.283,0.0,34.11,52.87
2024-01-11 15:05:00,144.48,49.783,0.0,63.85,52.31
2024-01-11 15:10:00,139.187,43.158,0.0,48.71,48.49
2024-01-11 15:15:00,128.295,47.978,0.2031,71.01,46.31
2024-01-11 15:20:00,141.51,43.744,0.0,65.16,64.85
2024-01-11 15:25:00,126.71,53.412,0.0,70.67,60.09
2024-01-11 15:30:00,52.608,37.971,0.0,52.07,71.08
2024-01-11 15:35:00,78.56,42.9,0.0,54.11,59.68
2024-01-11 15:40:00,87.667,37.406,0.0,56.84,48.49
2024-01-11 15:45:00,117.186,40.509,0.1227,43.53,55.57
2024-01-11 15:50:00,88.486,45.48,0.0,59.27,38.35
2024-01-11 15:55:00,88.77,33.08,0.2954,48.81,59.64
2024-01-11 16:00:00,126.559,39.168,0.0,54.13,45.75
2024-01-11 16:05:00,111.991,34.703,0.0,49.4,54.72
2024-01-11 16:10:00,153.952,56.432,0.0,59.12,65.58
2024-01-11 16:15:00,112.635,50.783,0.0,57.56,53.76
2024-01-11 16:20:00,119.778,38.448,0.4336,31.97,53.24
2024-01-11 16:25:00,103.682,45.475,0.0,53.48,56.93
2024-01-11 16:30:00,86.84,34.124,0.0,44.01,56.93
2024-01-11 16:35:00,143.072,36.733,0.0,90.2,60.23
2024-01-11 16:40:00,122.305,45.291,0.0,76.0,59.59
2024-01-11 16:45:00,111.86,47.379,0.0,53.74,69.08
2024-01-11 16:50:00,98.788,45.509,0.0,35.27,68.24
2024-01-11 16:55:00,87.181,42.05,0.0,31.35,49.05
2024-01-11 17:00:00,128.484,21.31,0.0,61.91,72.61
2024-01-11 17:05:00,102.281,30.312,0.0,61.43,63.01
2024-01-11 17:10:00,137.491,41.128,0.0,74.73,63.21
2024-01-11 17:15:00,113.581,43.213,0.0,37.18,39.05
2024-01-11 17:20:00,105.876,33.872,0.0,56.95,59.87
2024-01-11 17:25:00,100.784,36.369,0.0,50.72,58.84
2024-01-11 17:30:00,95.329,44.224,0.0,55.1,55.64
2024-01-11 17:35:00,124.415,46.019,0.0,34.99,65.0
2024-01-11 17:40:00,59.374,24.586,0.0,62.74,61.0
2024-01-11 17:45:00,97.421,43.35,0.0,48.76,52.58
2024-01-11 17:50:00,109.225,38.836,0.396,62.23,49.77
2024-01-11 17:55:00,92.995,32.381,0.0,78.21,46.37
2024-01-11 18:00:00,101.828,26.573,0.0,52.32,48.53
2024-01-11 18:05:00,90.893,40.008,0.0,33.45,70.57
2024-01-11 18:10:00,105.359,40.553,0.0,53.2,63.77
2024-01-11 18:15:00,84.46,33.184,0.0,62.85,62.06
2024-01-11 18:20:00,131.745,49.306,0.0,57.33,57.9
2024-01-11 18:25:00,136.671,38.657,0.0,50.6,67.46
2024-01-11 18:30:00,139.002,38.464,0.0,49.14,55.9
2024-01-11 18:35:00,102.367,31.449,0.0,59.22,45.1
2024-01-11 18:40:00,90.69,41.137,0.0,52.34,72.76
2024-01-11 18:45:00,110.872,33.389,0.0,54.09,58.7
2024-01-11 18:50:00,137.508,36.938,0.0,63.0,71.0
2024-01-11 18:55:00,124.447,51.516,0.0,53.48,56.05
2024-01-11 19:00:00,21.502,24.848,0.0,24.42,62.0
2024-01-11 19:05:00,33.759,34.991,0.0,63.25,51.18
2024-01-11 19:10:00,28.522,32.913,0.0,36.66,59.3
2024-01-11 19:15:00,30.405,26.684,0.0,37.77,50.07
2024-01-11 19:20:00,28.051,18.716,0.0,56.67,69.83
2024-01-11 19:25:00,31.892,34.99,0.0,30.02,47.83
2024-01-11 19:30:00,38.645,26.811,0.0,40.65,68.0
2024-01-11 19:35:00,30.748,27.332,0.0,55.95,65.76
2024-01-11 19:40:00,27.436,30.23,0.0,47.76,58.88
2024-01-11 19:45:00,30.566,41.284,3.0986,15.27,57.6
2024-01-11 19:50:00,44.57,30.141,0.0,32.52,41.62
2024-01-11 19:55:00,27.957,29.186,0.0,35.03,71.41
2024-01-11 20:00:00,31.487,27.173,0.0,37.62,57.28
2024-01-11 20:05:00,29.625,37.964,0.0,56.29,58.87
2024-01-11 20:10:00,35.756,27.197,0.0,38.47,51.84
2024-01-11 20:15:00,27.352,31.552,0.0,21.09,54.55
2024-01-11 20:20:00,12.126,40.655,0.0948,37.14,58.57
2024-01-11 20:25:00,20.205,24.318,0.0,30.71,67.06
2024-01-11 20:30:00,46.533,26.306,0.0,53.01,67.81
2024-01-11 20:35:00,30.78,28.786,0.0,34.82,60.99
2024-01-11 20:40:00,28.476,25.966,0.0,65.32,49.1
2024-01-11 20:45:00,29.222,42.22,0.0,30.66,60.03
2024-01-11 20:50:00,24.448,33.325,0.0,42.56,60.64
2024-01-11 20:55:00,35.255,26.377,0.0,16.66,58.36
2024-01-11 21:00:00,26.408,28.021,0.0,20.88,53.53
2024-01-11 21:05:00,33.029,27.954,0.0,13.16,64.77
2024-01-11 21:10:00,21.539,33.666,0.0,33.37,48.85
2024-01-11 21:15:00,21.359,23.86,0.0,24.36,54.89
2024-01-11 21:20:00,21.14,29.377,0.0,16.35,68.66
2024-01-11 21:25:00,31.002,34.743,0.0,40.47,47.3
2024-01-11 21:30:00,26.592,27.344,0.0,53.37,54.42
2024-01-11 21:35:00,28.836,37.577,0.0,34.85,53.7
2024-01-11 21:40:00,29.058,27.495,0.0,42.79,70.89
2024-01-11 21:45:00,22.832,43.401,0.0,31.48,62.32
2024-01-11 21:50:00,34.558,36.227,0.0,50.78,59.2
2024-01-11 21:55:00,29.36,23.839,0.0,24.58,69.76
2024-01-11 22:00:00,22.112,23.811,0.0,39.41,55.85
2024-01-11 22:05:00,24.699,28.162,0.0,98.03,58.23
2024-01-11 22:10:00,25.147,34.991,0.0,48.89,64.5
2024-01-11 22:15:00,43.737,29.224,0.0,55.72,44.43
2024-01-11 22:20:00,44.156,36.968,0.0,46.3,61.12
2024-01-11 22:25:00,21.679,38.323,0.0,35.89,61.08
2024-01-11 22:30:00,40.312,34.996,0.0,48.7,56.35
2024-01-11 22:35:00,28.601,33.47,0.0,54.22,43.06
2024-01-11 22:40:00,24.2,28.126,0.0,51.87,57.53
2024-01-11 22:45:00,42.826,36.956,0.0,26.43,55.37
2024-01-11 22:50:00,47.087,32.751,0.0,46.5,63.28
2024-01-11 22:55:00,28.687,45.494,0.0,51.48,61.8
2024-01-11 23:00:00,37.042,37.645,0.0536,26.4,48.99
2024-01-11 23:05:00,36.516,17.766,0.0,51.84,56.2
2024-01-11 23:10:00,24.831,26.316,0.0,31.27,58.56
2024-01-11 23:15:00,44.235,35.984,0.0,38.41,53.83
2024-01-11 23:20:00,21.85,23.6,0.0,27.18,60.56
2024-01-11 23:25:00,16.632,36.541,0.0,32.37,54.79
2024-01-11 23:30:00,24.179,32.581,0.0,32.13,51.01
2024-01-11 23:35:00,20.241,38.762,0.0,18.79,57.33
2024-01-11 23:40:00,47.965,39.626,0.0,29.4,50.97
2024-01-11 23:45:00,21.992,35.462,0.0,40.88,49.7
2024-01-11 23:50:00,37.802,36.254,0.0,52.42,70.34
2024-01-11 23:55:00,32.581,30.239,0.0,26.84,46.28
2024-01-12 00:00:00,27.664,28.854,0.2491,28.76,68.13
2024-01-12 00:05:00,33.102,38.711,0.0,31.56,65.7
2024-01-12 00:10:00,29.127,28.74,0.0,26.1,48.17
2024-01-12 00:15:00,43.253,26.603,0.0,61.08,57.17
2024-01-12 00:20:00,43.752,36.717,0.0,37.8,48.62
2024-01-12 00:25:00,42.581,30.675,0.0,36.65,63.87
2024-01-12 00:30:00,24.237,31.386,0.0,50.97,76.66
2024-01-12 00:35:00,37.023,33.886,0.0,41.04,68.86
2024-01-12 00:40:00,34.0,25.769,0.0,46.57,61.81
2024-01-12 00:45:00,29.368,23.986,0.0,26.56,48.74
2024-01-12 00:50:00,48.703,34.722,0.0,67.92,57.03
2024-01-12 00:55:00,21.452,36.492,0.0,39.09,63.39
2024-01-12 01:00:00,22.901,25.641,0.0,43.49,64.96
2024-01-12 01:05:00,26.205,28.431,0.0,32.24,60.09
2024-01-12 01:10:00,34.525,34.969,3.8255,39.06,48.59
2024-01-12 01:15:00,40.743,22.558,0.0,26.95,43.37
2024-01-12 01:20:00,30.705,36.04,0.0,49.9,56.91
2024-01-12 01:25:00,24.484,35.541,0.0,36.65,70.09
2024-01-12 01:30:00,22.901,37.358,0.0,39.79,55.07
2024-01-12 01:35:00,32.64,33.491,0.0,60.82,62.74
2024-01-12 01:40:00,29.707,31.451,0.0,45.62,64.82
2024-01-12 01:45:00,35.956,25.384,0.0,47.64,61.35
2024-01-12 01:50:00,28.064,33.971,0.0,36.76,61.71
2024-01-12 01:55:00,38.714,25.802,0.0,53.28,42.63
2024-01-12 02:00:00,34.893,31.437,0.0,51.54,74.76
2024-01-12 02:05:00,49.053,39.537,0.0,47.87,48.84
2024-01-12 02:10:00,30.42,39.073,0.0,62.42,71.92
2024-01-12 02:15:00,37.193,33.813,0.0,31.06,55.59
2024-01-12 02:20:00,26.023,36.361,0.0,37.8,56.17
2024-01-12 02:25:00,23.33,26.9,0.0,37.92,51.42
2024-01-12 02:30:00,38.869,35.058,0.0,44.46,45.08
2024-01-12 02:35:00,46.617,42.265,0.0,37.39,38.89
2024-01-12 02:40:00,28.411,24.112,0.0,26.99,67.12
2024-01-12 02:45:00,18.122,33.98,0.0,5.75,64.59
2024-01-12 02:50:00,18.084,33.584,0.0,40.29,54.07
2024-01-12 02:55:00,33.582,30.8,0.0,46.13,41.22
2024-01-12 03:00:00,32.597,26.292,0.0,22.2,31.19
2024-01-12 03:05:00,36.82,39.012,0.0,50.79,44.48
2024-01-12 03:10:00,33.354,29.182,0.0,48.82,54.86
2024-01-12 03:15:00,32.709,29.151,0.0,67.42,52.38
2024-01-12 03:20:00,32.237,21.855,0.0,28.44,54.7
2024-01-12 03:25:00,30.013,28.273,0.0,38.84,51.05
2024-01-12 03:30:00,27.528,29.509,0.0,42.37,66.79
2024-01-12 03:35:00,27.699,26.732,0.0,57.47,69.57
2024-01-12 03:40:00,41.963,21.128,0.0,47.59,70.6
2024-01-12 03:45:00,35.852,21.165,0.0,23.06,61.25
2024-01-12 03:50:00,31.148,24.849,0.0,36.79,50.03
2024-01-12 03:55:00,40.464,35.384,0.0,42.27,54.51
2024-01-12 04:00:00,51.456,34.864,0.0,58.06,57.4
2024-01-12 04:05:00,36.413,34.32,0.0,18.58,53.2
2024-01-12 04:10:00,49.056,30.095,0.0525,17.23,64.11
2024-01-12 04:15:00,17.786,31.674,0.0,38.22,70.47
2024-01-12 04:20:00,50.597,31.955,0.0,50.18,62.6
2024-01-12 04:25:00,30.259,37.976,0.0,48.05,54.44
2024-01-12 04:30:00,33.824,21.372,0.0,42.51,51.72
2024-01-12 04:35:00,22.356,27.61,0.0,32.9,69.23
2024-01-12 04:40:00,15.719,21.878,0.0,47.13,60.85
2024-01-12 04:45:00,28.891,24.711,0.0,53.42,56.27
2024-01-12 04:50:00,23.871,31.05,0.0,57.23,59.49
2024-01-12 04:55:00,43.474,36.702,0.0,40.18,51.55
2024-01-12 05:00:00,45.343,36.363,0.0,12.59,58.31
2024-01-12 05:05:00,41.896,37.025,0.0,40.14,52.96
2024-01-12 05:10:00,23.246,20.334,0.0,41.57,52.03
2024-01-12 05:15:00,29.333,22.242,0.0,47.11,47.93
2024-01-12 05:20:00,39.192,28.266,0.0,27.66,60.77
2024-01-12 05:25:00,38.977,33.962,0.0,50.62,53.09
2024-01-12 05:30:00,39.707,32.247,0.0,37.71,54.26
2024-01-12 05:35:00,56.156,32.975,0.0,45.54,61.67
2024-01-12 05:40:00,35.539,36.576,0.0,46.35,63.69
2024-01-12 05:45:00,17.179,44.812,0.0,53.01,57.76
2024-01-12 05:50:00,38.265,40.95,0.0,36.45,65.49
2024-01-12 05:55:00,26.956,21.346,0.0,33.48,72.39
2024-01-12 06:00:00,37.578,39.893,0.0,48.17,60.41
2024-01-12 06:05:00,119.0,41.639,0.0,45.01,56.26
2024-01-12 06:10:00,34.48,28.09,0.0,38.32,41.7
2024-01-12 06:15:00,23.096,33.615,0.0,26.75,60.92
2024-01-12 06:20:00,47.414,32.668,0.0,51.94,46.76
2024-01-12 06:25:00,31.295,27.486,0.0,35.43,44.31
2024-01-12 06:30:00,37.536,29.17,0.0,39.97,61.14
2024-01-12 06:35:00,29.698,32.174,0.0,27.51,56.45
2024-01-12 06:40:00,32.684,32.542,0.0,42.27,61.99
2024-01-12 06:45:00,28.533,38.524,0.0,37.99,60.24
2024-01-12 06:50:00,38.232,37.878,0.0,37.07,55.09
2024-01-12 06:55:00,29.529,20.812,0.4524,26.38,45.52
2024-01-12 07:00:00,50.892,36.704,0.0,50.07,55.05
2024-01-12 07:05:00,40.024,24.785,0.0,56.11,57.05
2024-01-12 07:10:00,39.016,39.045,0.0,46.19,77.21
2024-01-12 07:15:00,32.02,38.501,0.0,50.47,55.04
2024-01-12 07:20:00,21.1,29.645,0.0,13.13,64.91
2024-01-12 07:25:00,33.677,20.951,0.0,32.21,53.2
2024-01-12 07:30:00,32.405,30.234,0.0,41.31,52.3
2024-01-12 07:35:00,20.43,24.861,4.798,37.3,70.32
2024-01-12 07:40:00,9.101,36.082,0.0,27.33,59.53
2024-01-12 07:45:00,32.189,33.402,0.0,33.18,53.68
2024-01-12 07:50:00,27.262,35.229,0.0,67.03,54.34
2024-01-12 07:55:00,34.073,33.395,0.0,28.25,46.96
2024-01-12 08:00:00,108.62,52.205,0.1398,47.05,46.37
2024-01-12 08:05:00,109.65,58.763,0.0,59.84,60.15
2024-01-12 08:10:00,127.22,46.25,0.0,44.13,53.36
2024-01-12 08:15:00,113.49,53.126,0.0,63.35,74.38
2024-01-12 08:20:00,93.069,51.125,0.0,32.84,60.4
2024-01-12 08:25:00,120.326,39.47,0.0,36.46,57.28
2024-01-12 08:30:00,568.163,99.001,0.0,99.0,47.91
2024-01-12 08:35:00,145.35,48.563,0.0,68.1,62.02
2024-01-12 08:40:00,141.242,36.952,0.0,53.15,69.49
2024-01-12 08:45:00,113.708,41.791,0.0,50.03,55.42
2024-01-12 08:50:00,156.371,53.723,0.3813,63.47,54.15
2024-01-12 08:55:00,77.807,36.35,0.0,73.21,58.01
2024-01-12 09:00:00,124.736,44.229,0.0,51.53,57.85
2024-01-12 09:05:00,160.347,56.325,0.1497,56.19,55.79
2024-01-12 09:10:00,117.959,36.447,0.0,34.68,48.42
2024-01-12 09:15:00,78.214,43.404,0.0,55.58,65.2
2024-01-12 09:20:00,84.165,39.726,0.0,43.48,61.84
2024-01-12 09:25:00,107.193,41.088,0.0,48.67,52.57
2024-01-12 09:30:00,103.403,48.894,0.0,58.67,47.71
2024-01-12 09:35:00,150.415,41.052,0.0,79.93,57.83
2024-01-12 09:40:00,92.996,46.712,0.0,47.75,45.13
2024-01-12 09:45:00,111.722,47.676,0.0,45.96,48.78
2024-01-12 09:50:00,129.46,40.281,0.0,60.96,49.45
2024-01-12 09:55:00,83.869,30.769,0.0,74.36,49.83
2024-01-12 10:00:00,73.301,38.548,0.0,61.89,44.97
2024-01-12 10:05:00,101.794,48.81,0.0,64.71,57.29
2024-01-12 10:10:00,117.146,42.146,0.0,44.73,61.92
2024-01-12 10:15:00,105.911,46.279,0.0,63.86,50.75
2024-01-12 10:20:00,129.122,44.8,0.0,55.35,69.26
2024-01-12 10:25:00,95.449,36.867,0.0,60.95,62.02
2024-01-12 10:30:00,72.763,28.916,0.0,44.62,66.57
2024-01-12 10:35:00,133.383,32.318,0.0,70.65,58.82
2024-01-12 10:40:00,108.56,35.475,0.0,49.8,53.46
2024-01-12 10:45:00,107.322,47.604,0.0,47.85,48.15
2024-01-12 10:50:00,138.772,42.938,0.0,64.05,68.1
2024-01-12 10:55:00,97.179,37.565,0.0,58.85,66.38
2024-01-12 11:00:00,78.843,49.282,0.0,52.57,63.97
2024-01-12 11:05:00,137.638,34.874,0.0,82.88,67.48
2024-01-12 11:10:00,111.109,47.25,0.0,55.6,64.02
2024-01-12 11:15:00,128.974,36.228,0.0,49.84,56.93
2024-01-12 11:20:00,121.691,34.029,0.0,67.43,61.08
2024-01-12 11:25:00,103.186,42.208,0.0,39.1,66.96
2024-01-12 11:30:00,91.423,51.384,0.0,66.81,47.44
2024-01-12 11:35:00,133.459,46.418,0.0,48.69,62.5
2024-01-12 11:40:00,83.479,35.161,0.0,53.65,51.91
2024-01-12 11:45:00,126.823,44.775,0.0,56.87,56.79
2024-01-12 11:50:00,88.482,38.479,0.0,75.9,62.06
2024-01-12 11:55:00,128.498,31.572,0.0,51.27,55.61
2024-01-12 12:00:00,92.338,34.344,0.0,30.7,61.61
2024-01-12 12:05:00,121.389,42.512,0.0,59.98,56.57
2024-01-12 12:10:00,99.072,37.531,0.0,46.35,59.74
2024-01-12 12:15:00,122.296,42.122,0.0,65.24,54.38
2024-01-12 12:20:00,67.628,30.79,0.0,37.1,59.35
2024-01-12 12:25:00,101.959,44.19,0.0,37.86,58.82
2024-01-12 12:30:00,99.801,40.055,0.0,45.14,64.78
2024-01-12 12:35:00,119.7,40.298,0.0,46.11,46.63
2024-01-12 12:40:00,87.48,35.427,0.0,53.77,61.55
2024-01-12 12:45:00,118.37,44.554,0.0,41.46,53.06
2024-01-12 12:50:00,101.624,31.811,0.0,54.12,62.72
2024-01-12 12:55:00,63.39,40.539,0.0,36.45,55.7
2024-01-12 13:00:00,83.128,39.674,0.0,35.79,62.5
2024-01-12 13:05:00,116.771,36.812,0.0,43.24,76.1
2024-01-12 13:10:00,117.952,41.353,0.0,54.67,58.27
2024-01-12 13:15:00,56.988,34.928,0.0,43.96,45.75
2024-01-12 13:20:00,617.856,88.395,0.0,99.0,57.61
2024-01-12 13:25:00,123.602,36.894,0.0,67.56,47.94
2024-01-12 13:30:00,96.257,49.955,0.0,52.44,57.35
2024-01-12 13:35:00,107.574,55.602,0.0,57.23,56.2
2024-01-12 13:40:00,113.34,42.35,0.0,35.33,52.32
2024-01-12 13:45:00,150.158,50.171,0.0,71.81,47.85
2024-01-12 13:50:00,118.441,38.98,0.0,70.57,51.88
2024-01-12 13:55:00,158.479,49.92,0.0,62.97,61.13
2024-01-12 14:00:00,92.492,34.58,0.0,43.4,57.03
2024-01-12 14:05:00,105.037,62.573,0.0,63.08,62.96
2024-01-12 14:10:00,105.412,38.296,0.0,55.77,53.52
2024-01-12 14:15:00,132.143,47.683,0.0,53.86,55.3
2024-01-12 14:20:00,64.546,33.347,0.0,51.9,50.81
2024-01-12 14:25:00,98.562,29.063,0.2382,62.86,53.95
2024-01-12 14:30:00,104.68,37.817,0.0,41.89,48.17
2024-01-12 14:35:00,123.005,42.064,0.0,76.64,53.06
2024-01-12 14:40:00,128.534,41.452,0.0,47.4,59.87
2024-01-12 14:45:00,101.113,42.287,0.0,39.93,51.37
2024-01-12 14:50:00,117.587,32.38,0.0,66.74,41.19
2024-01-12 14:55:00,131.613,49.169,0.0,47.53,64.27
2024-01-12 15:00:00,77.857,28.688,0.0,42.34,69.76
2024-01-12 15:05:00,122.072,33.945,0.0,55.45,48.69
2024-01-12 15:10:00,79.086,39.195,0.0,48.81,70.72
2024-01-12 15:15:00,106.413,43.094,0.3883,52.86,48.45
2024-01-12 15:20:00,97.709,32.748,0.0,41.15,66.09
2024-01-12 15:25:00,99.928,45.922,0.0,59.92,50.59
2024-01-12 15:30:00,92.658,54.666,0.0,58.22,65.62
2024-01-12 15:35:00,157.253,47.83,0.0527,60.03,56.3
2024-01-12 15:40:00,147.563,47.599,0.0,57.63,65.51
2024-01-12 15:45:00,123.046,43.954,0.0,64.46,58.66
2024-01-12 15:50:00,151.631,46.444,0.0,56.31,62.66
2024-01-12 15:55:00,107.466,58.003,0.0,48.61,58.17
2024-01-12 16:00:00,120.94,41.912,0.0,67.58,61.44
2024-01-12 16:05:00,101.239,40.541,0.0,51.92,64.34
2024-01-12 16:10:00,121.901,32.053,0.0,66.4,58.99
2024-01-12 16:15:00,127.401,43.034,0.0,68.98,63.5
2024-01-12 16:20:00,83.098,47.233,0.0,37.72,67.48
2024-01-12 16:25:00,125.558,48.506,0.0,49.77,42.1
2024-01-12 16:30:00,113.364,36.099,0.0,61.77,63.13
2024-01-12 16:35:00,149.079,38.009,0.0,57.87,63.7
2024-01-12 16:40:00,148.083,43.426,0.0,58.82,51.89
2024-01-12 16:45:00,123.278,47.036,0.0,56.76,49.05
2024-01-12 16:50:00,93.435,44.687,0.0,60.08,60.65
2024-01-12 16:55:00,108.673,47.049,0.0,66.33,64.35
2024-01-12 17:00:00,102.815,43.191,0.0,92.88,58.13
2024-01-12 17:05:00,130.967,36.297,0.0,59.25,64.3
2024-01-12 17:10:00,119.5,49.346,0.0,63.16,69.79
2024-01-12 17:15:00,115.489,30.081,0.0,58.0,66.88
2024-01-12 17:20:00,67.711,38.822,0.4464,50.51,51.19
2024-01-12 17:25:00,104.565,41.541,0.0,70.89,50.62
2024-01-12 17:30:00,92.509,36.105,0.0,50.17,61.66
2024-01-12 17:35:00,93.904,36.595,0.0,41.34,50.04
2024-01-12 17:40:00,114.836,38.316,0.0,58.08,56.73
2024-01-12 17:45:00,127.149,39.205,0.0,54.88,54.57
2024-01-12 17:50:00,100.981,34.83,0.1168,43.49,60.95
2024-01-12 17:55:00,490.464,90.824,0.0,99.0,53.43
2024-01-12 18:00:00,97.289,37.891,0.0,63.36,55.61
2024-01-12 18:05:00,135.917,45.919,0.0,61.33,69.34
2024-01-12 18:10:00,75.822,40.78,0.0,36.84,63.93
2024-01-12 18:15:00,133.143,43.488,0.0,52.68,50.31
2024-01-12 18:20:00,98.336,39.871,0.3031,52.19,56.28
2024-01-12 18:25:00,67.615,37.406,0.0,44.8,62.57
2024-01-12 18:30:00,90.48,38.699,0.0,58.36,60.33
2024-01-12 18:35:00,100.716,54.012,0.0,41.84,71.97
2024-01-12 18:40:00,155.299,60.504,0.0,51.95,65.19
2024-01-12 18:45:00,369.472,74.225,0.0,99.0,65.81
2024-01-12 18:50:00,71.636,42.094,0.0,35.27,69.15
2024-01-12 18:55:00,123.076,50.244,0.0,58.49,65.41
2024-01-12 19:00:00,25.461,19.586,0.0,32.8,54.41
2024-01-12 19:05:00,25.08,26.407,0.0,39.0,48.83
2024-01-12 19:10:00,36.25,35.823,0.0,23.47,71.45
2024-01-12 19:15:00,29.782,32.127,0.0,47.45,65.43
2024-01-12 19:20:00,31.518,35.887,0.0,32.97,71.74
2024-01-12 19:25:00,29.188,36.439,0.0,49.3,72.21
2024-01-12 19:30:00,34.552,28.022,0.0,50.41,54.58
2024-01-12 19:35:00,28.035,38.585,0.0,55.86,56.74
2024-01-12 19:40:00,110.952,44.665,0.0,44.15,62.64
2024-01-12 19:45:00,31.611,35.917,0.0,61.72,64.38
2024-01-12 19:50:00,27.997,36.159,0.0,34.16,60.42
2024-01-12 19:55:00,17.254,37.073,0.0,93.48,58.8
2024-01-12 20:00:00,32.949,26.202,0.0,19.74,74.39
2024-01-12 20:05:00,30.358,37.139,0.0,28.07,62.01
2024-01-12 20:10:00,33.442,36.196,0.0,36.1,58.2
2024-01-12 20:15:00,27.167,34.064,0.0,42.87,55.19
2024-01-12 20:20:00,36.781,30.422,0.0,78.37,56.08
2024-01-12 20:25:00,35.849,33.84,0.0,63.7,50.04
2024-01-12 20:30:00,42.667,33.218,0.0,26.01,49.44
2024-01-12 20:35:00,31.426,39.911,0.0,28.09,55.94
2024-01-12 20:40:00,29.49,35.839,0.0,44.58,48.05
2024-01-12 20:45:00,27.595,33.355,0.3114,35.36,54.06
2024-01-12 20:50:00,29.156,21.063,0.0,48.48,47.74
2024-01-12 20:55:00,35.497,35.303,0.0,31.66,70.67
2024-01-12 21:00:00,41.393,32.352,0.0,53.94,55.01
2024-01-12 21:05:00,37.065,33.212,0.0,72.4,60.42
2024-01-12 21:10:00,29.477,34.176,0.0,38.66,60.47
2024-01-12 21:15:00,30.409,35.225,0.0,48.97,60.1
2024-01-12 21:20:00,27.218,27.05,0.0,96.06,60.3
2024-01-12 21:25:00,48.583,25.185,0.0,63.72,48.97
2024-01-12 21:30:00,6.335,22.621,0.0,51.2,54.45
2024-01-12 21:35:00,38.299,35.736,0.0,30.84,67.77
2024-01-12 21:40:00,43.572,29.483,0.0,47.15,51.84
2024-01-12 21:45:00,24.771,32.762,0.0,32.82,62.07
2024-01-12 21:50:00,34.403,23.155,0.0,69.94,69.17
2024-01-12 21:55:00,14.92,31.707,0.0,33.0,72.7
2024-01-12 22:00:00,41.449,34.079,0.0,54.56,62.7
2024-01-12 22:05:00,41.063,34.871,0.0,37.83,62.24
2024-01-12 22:10:00,34.446,27.004,0.0,25.68,51.25
2024-01-12 22:15:00,19.622,28.157,0.0,44.42,45.58
2024-01-12 22:20:00,36.32,31.585,0.4242,25.71,49.65
2024-01-12 22:25:00,41.255,28.645,0.0,34.14,49.16
2024-01-12 22:30:00,22.706,29.128,0.0,21.04,47.81
2024-01-12 22:35:00,26.279,41.971,0.0,27.85,52.14
2024-01-12 22:40:00,37.795,28.569,0.0,60.71,59.49
2024-01-12 22:45:00,29.341,34.297,0.0,36.03,66.35
2024-01-12 22:50:00,26.941,35.1,0.0,24.12,55.8
2024-01-12 22:55:00,30.752,26.67,0.0,53.04,52.81
2024-01-12 23:00:00,26.371,16.037,0.0,34.21,53.14
2024-01-12 23:05:00,32.71,31.236,0.0,46.27,64.1
2024-01-12 23:10:00,27.845,28.989,0.0,45.19,45.94
2024-01-12 23:15:00,34.585,41.576,0.0,45.71,54.85
2024-01-12 23:20:00,24.602,29.542,0.1883,44.44,48.19
2024-01-12 23:25:00,26.033,25.86,0.0,50.43,49.05
2024-01-12 23:30:00,14.528,34.494,0.0,44.27,76.1
2024-01-12 23:35:00,44.72,30.061,0.0,38.69,52.95
2024-01-12 23:40:00,43.618,38.677,0.0,38.41,72.53
2024-01-12 23:45:00,90.863,39.428,0.0,49.66,50.47
2024-01-12 23:50:00,30.141,20.233,0.0,29.51,70.91
2024-01-12 23:55:00,15.115,38.254,0.0,60.39,67.33
2024-01-13 00:00:00,45.07,44.277,0.0,38.68,58.22
2024-01-13 00:05:00,26.905,15.976,0.0,20.47,54.85
2024-01-13 00:10:00,32.645,39.429,0.0,47.76,49.39
2024-01-13 00:15:00,34.877,38.726,0.0,57.45,54.9
2024-01-13 00:20:00,24.408,32.658,0.0,34.24,58.18
2024-01-13 00:25:00,27.287,24.156,0.0,40.05,54.14
2024-01-13 00:30:00,19.571,41.793,0.0,26.14,62.34
2024-01-13 00:35:00,33.905,30.594,0.0,33.32,72.49
2024-01-13 00:40:00,33.48,34.357,0.0,42.39,59.92
2024-01-13 00:45:00,28.752,34.867,0.0,46.14,39.74
2024-01-13 00:50:00,28.456,30.317,0.0,44.39,49.26
2024-01-13 00:55:00,39.511,30.352,0.0,42.76,59.1
2024-01-13 01:00:00,22.232,40.181,0.0,28.96,59.91
2024-01-13 01:05:00,19.348,30.303,0.0,42.42,54.27
2024-01-13 01:10:00,20.189,27.739,0.0,50.39,60.24
2024-01-13 01:15:00,39.164,42.361,0.0,44.02,55.7
2024-01-13 01:20:00,44.015,44.409,0.0,50.06,61.15
2024-01-13 01:25:00,28.677,33.018,0.0,53.42,61.45
2024-01-13 01:30:00,29.167,20.731,0.0,15.53,63.65
2024-01-13 01:35:00,46.023,41.617,0.0,43.61,55.37
2024-01-13 01:40:00,24.704,19.719,0.0,42.96,56.4
2024-01-13 01:45:00,22.468,31.063,0.0,37.35,57.68
2024-01-13 01:50:00,52.741,43.763,0.0,57.66,54.82
2024-01-13 01:55:00,28.412,31.107,0.0,23.54,57.04
2024-01-13 02:00:00,48.29,30.43,0.0,31.54,60.74
2024-01-13 02:05:00,30.803,25.888,0.0,45.03,70.91
2024-01-13 02:10:00,26.295,26.742,0.0,45.28,65.09
2024-01-13 02:15:00,24.918,34.735,0.0,44.47,62.24
2024-01-13 02:20:00,39.814,46.905,0.0,29.24,61.43
2024-01-13 02:25:00,32.554,36.1,0.0,47.43,43.16
2024-01-13 02:30:00,21.82,37.999,0.0,33.0,63.32
2024-01-13 02:35:00,33.303,35.103,0.0,50.34,59.94
2024-01-13 02:40:00,34.902,29.16,0.0,46.83,62.96
2024-01-13 02:45:00,39.496,31.267,0.0,62.13,53.04
2024-01-13 02:50:00,40.864,39.324,0.0,48.47,56.67
2024-01-13 02:55:00,32.924,15.951,0.0,28.87,58.23
2024-01-13 03:00:00,44.14,33.201,0.0,38.25,55.57
2024-01-13 03:05:00,29.754,39.796,0.0,37.58,55.12
2024-01-13 03:10:00,29.037,24.553,0.0,48.5,63.15
2024-01-13 03:15:00,31.818,39.341,0.0,39.12,44.26
2024-01-13 03:20:00,38.841,26.837,0.0,69.59,51.03
2024-01-13 03:25:00,44.563,29.078,0.0,37.31,65.11
2024-01-13 03:30:00,32.642,36.331,0.0,42.36,58.98
2024-01-13 03:35:00,29.966,35.94,0.0,93.91,66.56
2024-01-13 03:40:00,32.148,33.435,0.0,17.54,54.71
2024-01-13 03:45:00,33.557,27.06,0.0,23.89,66.73
2024-01-13 03:50:00,21.785,22.281,0.0,67.14,67.82
2024-01-13 03:55:00,55.547,39.737,0.0,28.41,48.24
2024-01-13 04:00:00,27.42,17.578,0.0,66.86,68.11
2024-01-13 04:05:00,29.639,31.172,0.0,32.69,52.05
2024-01-13 04:10:00,27.104,25.153,0.0,36.23,52.9
2024-01-13 04:15:00,32.064,35.93,0.0,39.96,60.88
2024-01-13 04:20:00,30.367,33.801,0.0,48.55,61.46
2024-01-13 04:25:00,22.05,28.814,0.2825,36.68,60.8
2024-01-13 04:30:00,50.304,31.563,0.0,65.72,48.57
2024-01-13 04:35:00,15.16,23.761,0.0,31.25,54.87
2024-01-13 04:40:00,26.195,22.339,0.0,30.03,69.25
2024-01-13 04:45:00,49.398,27.591,0.0,55.79,60.79
2024-01-13 04:50:00,38.602,36.329,0.0,38.66,36.42
2024-01-13 04:55:00,25.251,30.837,0.0,30.7,56.25
2024-01-13 05:00:00,17.425,21.755,0.0,62.59,62.69
2024-01-13 05:05:00,30.4,25.844,0.0,65.46,66.8
2024-01-13 05:10:00,19.007,23.455,0.0,53.41,54.6
2024-01-13 05:15:00,29.082,245.755,0.0,47.93,35.76
2024-01-13 05:20:00,29.323,43.176,0.0,38.47,48.03
2024-01-13 05:25:00,31.394,36.77,0.0,49.06,49.63
2024-01-13 05:30:00,28.955,24.743,0.0,33.14,51.4
2024-01-13 05:35:00,30.227,26.747,0.0,42.49,56.52
2024-01-13 05:40:00,37.501,31.996,0.0,46.67,52.2
2024-01-13 05:45:00,32.943,23.281,0.0,37.67,56.44
2024-01-13 05:50:00,35.181,31.028,0.0,52.14,56.51
2024-01-13 05:55:00,27.67,29.072,0.0,48.76,55.31
2024-01-13 06:00:00,37.0,29.606,0.3224,29.59,51.37
2024-01-13 06:05:00,20.358,31.259,0.0,28.33,88.65
2024-01-13 06:10:00,24.529,30.648,0.0,31.38,54.64
2024-01-13 06:15:00,34.992,37.789,0.0,43.36,62.9
2024-01-13 06:20:00,28.364,32.448,0.0,36.56,54.52
2024-01-13 06:25:00,30.507,28.172,0.0,22.33,57.47
2024-01-13 06:30:00,41.779,32.828,0.0,62.4,42.64
2024-01-13 06:35:00,41.85,34.388,0.0,45.04,58.97
2024-01-13 06:40:00,35.061,30.672,0.0,39.66,54.22
2024-01-13 06:45:00,18.623,32.216,0.0,39.64,64.05
2024-01-13 06:50:00,32.783,41.913,0.0,57.86,50.34
2024-01-13 06:55:00,36.825,31.233,0.0,35.9,59.65
2024-01-13 07:00:00,34.789,31.713,0.0,48.09,68.16
2024-01-13 07:05:00,39.78,37.145,0.0,27.34,64.52
2024-01-13 07:10:00,40.944,19.094,0.0,58.05,53.31
2024-01-13 07:15:00,31.654,30.439,0.0,42.1,61.61
2024-01-13 07:20:00,18.178,23.26,0.0,52.62,54.23
2024-01-13 07:25:00,17.486,25.496,0.0,29.54,61.89
2024-01-13 07:30:00,42.153,38.859,0.0,33.01,64.24
2024-01-13 07:35:00,26.941,31.125,0.0,28.47,52.27
2024-01-13 07:40:00,38.376,33.601,0.0,40.45,54.85
2024-01-13 07:45:00,27.423,31.502,0.0,25.71,57.09
2024-01-13 07:50:00,15.493,30.075,1.5687,32.48,60.93
2024-01-13 07:55:00,15.841,35.584,0.0,55.43,57.5
2024-01-13 08:00:00,23.58,34.871,0.0,44.88,54.09
2024-01-13 08:05:00,44.794,32.611,0.1267,41.61,58.86
2024-01-13 08:10:00,30.5,33.464,0.0,31.73,58.66
2024-01-13 08:15:00,22.564,27.685,0.0,38.24,52.48
2024-01-13 08:20:00,26.621,32.19,0.0,41.54,67.71
2024-01-13 08:25:00,36.027,40.268,0.0,41.27,56.19
2024-01-13 08:30:00,54.501,32.783,0.0,35.35,58.65
2024-01-13 08:35:00,60.818,22.682,0.0,43.87,50.51
2024-01-13 08:40:00,38.153,35.152,0.0,46.44,62.21
2024-01-13 08:45:00,31.532,31.643,0.0,60.2,62.6
2024-01-13 08:50:00,18.094,44.258,0.0,34.49,63.9
2024-01-13 08:55:00,31.5,27.835,0.0,31.21,66.74
2024-01-13 09:00:00,44.962,28.692,0.0,58.55,58.7
2024-01-13 09:05:00,17.53,32.546,0.0,57.52,50.48
2024-01-13 09:10:00,35.207,27.431,0.3847,47.33,47.14
2024-01-13 09:15:00,42.228,28.761,0.0,38.32,58.0
2024-01-13 09:20:00,31.724,25.215,0.0,27.07,51.09
2024-01-13 09:25:00,39.326,34.424,0.0,51.22,71.41
2024-01-13 09:30:00,30.834,23.763,0.0,41.6,61.39
2024-01-13 09:35:00,42.027,33.789,0.0,44.37,63.19
2024-01-13 09:40:00,24.41,34.146,0.0,33.71,68.4
2024-01-13 09:45:00,25.456,26.447,0.0,48.94,56.65
2024-01-13 09:50:00,29.744,33.002,0.0,34.3,53.41
2024-01-13 09:55:00,23.788,28.114,0.0,42.08,62.77
2024-01-13 10:00:00,39.517,40.724,0.0,45.91,54.49
2024-01-13 10:05:00,41.338,36.181,0.0,49.32,58.46
2024-01-13 10:10:00,45.73,38.627,0.0,54.61,52.06
2024-01-13 10:15:00,37.413,39.381,0.0,24.03,66.6
2024-01-13 10:20:00,34.097,16.039,0.0,46.01,59.63
2024-01-13 10:25:00,32.128,39.69,0.0,23.06,58.37
2024-01-13 10:30:00,28.252,33.622,0.0,47.27,70.01
2024-01-13 10:35:00,32.104,28.179,0.0,43.74,58.65
2024-01-13 10:40:00,37.15,36.337,0.0,39.08,52.77
2024-01-13 10:45:00,19.828,33.336,0.0,55.81,74.96
2024-01-13 10:50:00,30.873,28.279,0.3598,46.54,54.22
2024-01-13 10:55:00,43.749,30.75,0.0,61.38,58.39
2024-01-13 11:00:00,43.164,36.641,0.4369,38.48,54.64
2024-01-13 11:05:00,12.399,27.746,0.0,39.95,66.5
2024-01-13 11:10:00,28.604,25.286,0.0,37.05,50.98
2024-01-13 11:15:00,35.962,31.782,0.0,49.69,61.81
2024-01-13 11:20:00,26.557,34.121,0.0,39.49,57.26
2024-01-13 11:25:00,32.427,24.585,0.0,33.12,55.05
2024-01-13 11:30:00,30.61,42.299,0.0,75.35,56.77
2024-01-13 11:35:00,42.215,29.464,0.0,39.61,60.15
2024-01-13 11:40:00,26.283,16.598,0.2231,41.38,60.14
2024-01-13 11:45:00,32.7,29.005,0.0,28.5,65.85
2024-01-13 11:50:00,34.409,36.067,0.0,31.63,51.93
2024-01-13 11:55:00,33.962,32.493,0.0,31.49,67.27
2024-01-13 12:00:00,32.666,37.193,0.0,35.95,58.67
2024-01-13 12:05:00,36.004,27.67,0.0,44.29,75.05
2024-01-13 12:10:00,42.772,38.163,0.0,29.93,55.26
2024-01-13 12:15:00,28.052,33.77,0.0,49.72,61.29
2024-01-13 12:20:00,36.174,22.273,0.0,50.02,59.07
2024-01-13 12:25:00,24.711,34.907,0.0,41.39,56.93
2024-01-13 12:30:00,34.528,29.651,0.0,56.16,52.12
2024-01-13 12:35:00,40.579,25.63,0.0,46.22,49.98
2024-01-13 12:40:00,39.699,30.122,0.0,28.7,62.44
2024-01-13 12:45:00,39.33,22.715,0.0,44.33,74.26
2024-01-13 12:50:00,39.302,35.744,0.0,49.64,68.91
2024-01-13 12:55:00,30.882,35.453,0.0,61.32,50.6
2024-01-13 13:00:00,28.251,28.973,0.0,49.96,62.63
2024-01-13 13:05:00,33.665,23.969,0.0,38.45,53.85
2024-01-13 13:10:00,30.111,43.299,0.0,52.19,60.83
2024-01-13 13:15:00,21.807,29.07,0.4578,26.0,42.32
2024-01-13 13:20:00,27.541,33.796,0.0,27.57,60.77
2024-01-13 13:25:00,30.423,33.413,1.0038,40.46,44.09
2024-01-13 13:30:00,10.142,38.952,0.0,15.87,46.84
2024-01-13 13:35:00,28.236,20.318,0.0,48.78,51.65
2024-01-13 13:40:00,28.967,23.709,0.0,47.98,57.58
2024-01-13 13:45:00,6.663,33.762,0.0,42.62,53.83
2024-01-13 13:50:00,33.985,41.655,0.0,31.45,36.8
2024-01-13 13:55:00,22.821,26.113,0.0,26.32,63.47
2024-01-13 14:00:00,34.582,31.787,0.0,62.09,66.27
2024-01-13 14:05:00,36.101,39.139,0.0,49.47,70.37
2024-01-13 14:10:00,46.887,42.157,0.0,48.47,66.25
2024-01-13 14:15:00,32.452,35.014,0.0,51.72,70.28
2024-01-13 14:20:00,19.051,29.762,0.0,47.83,57.36
2024-01-13 14:25:00,40.562,30.943,0.0,42.63,54.89
2024-01-13 14:30:00,30.361,27.507,0.0,46.79,50.36
2024-01-13 14:35:00,41.419,30.759,0.0,27.36,72.82
2024-01-13 14:40:00,45.483,33.202,0.0,45.33,61.01
2024-01-13 14:45:00,43.554,273.466,0.0,37.96,55.47
2024-01-13 14:50:00,35.63,25.282,0.1179,44.4,59.11
2024-01-13 14:55:00,26.993,35.097,0.0,34.6,60.81
2024-01-13 15:00:00,29.087,38.688,0.0,31.86,61.16
2024-01-13 15:05:00,41.296,35.388,0.0,49.49,63.12
2024-01-13 15:10:00,39.978,36.192,0.0,36.75,62.2
2024-01-13 15:15:00,27.204,28.233,0.0,23.26,48.0
2024-01-13 15:20:00,28.439,20.93,0.0,28.68,68.35
2024-01-13 15:25:00,33.337,33.589,0.0,33.36,55.52
2024-01-13 15:30:00,40.041,33.578,0.0,7.9,60.86
2024-01-13 15:35:00,51.758,31.526,0.0,26.21,74.9
2024-01-13 15:40:00,20.075,27.529,0.0,40.55,64.73
2024-01-13 15:45:00,33.109,28.471,0.0,53.24,66.03
2024-01-13 15:50:00,50.347,32.448,0.0,52.54,56.32
2024-01-13 15:55:00,31.673,23.529,0.0,28.28,64.17
2024-01-13 16:00:00,30.353,38.532,0.0,38.88,65.64
2024-01-13 16:05:00,30.183,35.329,0.0,45.21,44.55
2024-01-13 16:10:00,23.358,34.444,0.0,34.29,64.03
2024-01-13 16:15:00,28.389,41.186,0.0,25.71,46.82
2024-01-13 16:20:00,44.765,29.703,0.0,44.03,48.03
2024-01-13 16:25:00,23.924,30.912,0.0,51.6,64.1
2024-01-13 16:30:00,32.636,30.771,0.0,31.61,68.35
2024-01-13 16:35:00,29.371,28.631,0.0,25.93,53.81
2024-01-13 16:40:00,36.776,32.532,0.0,37.53,66.86
2024-01-13 16:45:00,10.309,30.947,0.0,16.79,52.6
2024-01-13 16:50:00,24.725,20.456,0.0,29.62,72.54
2024-01-13 16:55:00,17.047,29.818,0.0,40.74,51.85
2024-01-13 17:00:00,33.663,37.528,0.0,31.95,63.14
2024-01-13 17:05:00,29.149,34.075,0.0,54.93,60.55
2024-01-13 17:10:00,24.183,24.028,0.0,41.98,48.89
2024-01-13 17:15:00,28.035,32.477,0.0,46.58,59.8
2024-01-13 17:20:00,31.608,28.048,0.0,40.94,58.98
2024-01-13 17:25:00,32.514,43.537,0.0,43.0,52.8
2024-01-13 17:30:00,36.3,25.743,0.4332,38.68,53.37
2024-01-13 17:35:00,31.233,27.055,0.0,43.32,59.86
2024-01-13 17:40:00,39.123,45.025,0.0,22.89,64.43
2024-01-13 17:45:00,35.412,26.996,0.0,63.0,66.95
2024-01-13 17:50:00,19.383,27.69,0.0,47.98,56.66
2024-01-13 17:55:00,22.001,39.299,0.0,29.09,51.86
2024-01-13 18:00:00,30.612,28.048,0.0,37.04,61.89
2024-01-13 18:05:00,12.219,38.981,0.0,35.18,54.67
2024-01-13 18:10:00,36.571,24.838,0.0,46.27,67.52
2024-01-13 18:15:00,37.166,26.929,0.0,58.08,53.74
2024-01-13 18:20:00,41.38,39.382,0.0,15.89,59.08
2024-01-13 18:25:00,106.088,38.264,0.0,51.23,65.71
2024-01-13 18:30:00,36.401,21.572,0.1292,37.9,59.68
2024-01-13 18:35:00,25.7,30.149,0.0,41.31,56.78
2024-01-13 18:40:00,44.808,22.032,0.0,43.76,56.96
2024-01-13 18:45:00,28.395,30.542,0.0,43.75,36.37
2024-01-13 18:50:00,33.249,25.236,0.0,46.94,64.4
2024-01-13 18:55:00,43.307,28.893,0.0,40.58,49.65
2024-01-13 19:00:00,38.831,28.481,0.4837,40.21,74.08
2024-01-13 19:05:00,41.401,30.669,0.0,92.29,49.73
2024-01-13 19:10:00,37.53,35.679,0.0,46.85,57.11
2024-01-13 19:15:00,26.858,28.122,0.2242,34.63,50.94
2024-01-13 19:20:00,55.719,44.043,0.0,16.68,60.09
2024-01-13 19:25:00,49.99,35.644,0.0,44.32,71.28
2024-01-13 19:30:00,34.465,25.633,0.0,41.84,50.9
2024-01-13 19:35:00,13.364,29.123,0.0,50.48,49.96
2024-01-13 19:40:00,25.835,34.158,0.0,59.27,68.02
2024-01-13 19:45:00,30.125,33.4,0.0,39.81,58.0
2024-01-13 19:50:00,24.02,34.573,0.0,56.5,61.28
2024-01-13 19:55:00,34.9,17.57,0.0,43.82,59.2
2024-01-13 20:00:00,26.336,22.129,0.0,13.78,57.98
2024-01-13 20:05:00,39.708,38.623,0.0,27.21,56.17
2024-01-13 20:10:00,31.072,16.85,0.0,39.58,57.82
2024-01-13 20:15:00,18.798,15.49,0.0,62.42,41.67
2024-01-13 20:20:00,36.777,36.741,0.0,50.0,48.37
2024-01-13 20:25:00,36.12,33.168,0.0,46.4,65.85
2024-01-13 20:30:00,41.314,35.185,0.0,24.04,54.08
2024-01-13 20:35:00,26.804,31.763,0.0,31.43,48.22
2024-01-13 20:40:00,36.043,37.83,0.0,29.61,43.22
2024-01-13 20:45:00,25.243,23.684,0.0,30.51,64.79
2024-01-13 20:50:00,31.467,25.837,0.0,24.84,49.68
2024-01-13 20:55:00,42.931,28.439,0.0,49.23,54.69
2024-01-13 21:00:00,38.451,36.299,0.4201,48.81,61.38
2024-01-13 21:05:00,33.088,29.375,0.0,40.77,61.49
2024-01-13 21:10:00,29.622,30.79,0.0,21.62,71.25
2024-01-13 21:15:00,36.271,34.512,0.0,56.57,66.45
2024-01-13 21:20:00,26.736,36.521,0.0,34.33,59.0
2024-01-13 21:25:00,39.277,33.483,0.0,53.39,59.01
2024-01-13 21:30:00,19.796,16.465,0.0,57.16,51.34
2024-01-13 21:35:00,23.998,36.489,0.0,32.64,45.84
2024-01-13 21:40:00,42.123,31.596,0.0,52.82,60.41
2024-01-13 21:45:00,27.385,35.232,0.0,30.71,72.84
2024-01-13 21:50:00,39.217,37.503,0.0,52.1,46.27
2024-01-13 21:55:00,15.688,41.264,0.0,31.5,50.01
2024-01-13 22:00:00,23.506,29.147,0.0,69.4,61.76
2024-01-13 22:05:00,39.459,30.378,0.0,31.14,60.08
2024-01-13 22:10:00,46.541,30.893,0.0,47.92,54.35
2024-01-13 22:15:00,40.424,23.833,0.0,33.67,55.78
2024-01-13 22:20:00,32.04,37.209,0.0,34.86,69.87
2024-01-13 22:25:00,27.286,29.178,0.0,42.14,56.77
2024-01-13 22:30:00,33.397,42.913,0.0,36.16,48.41
2024-01-13 22:35:00,28.197,33.756,0.2238,53.16,48.79
2024-01-13 22:40:00,25.5,30.016,0.0,45.03,57.42
2024-01-13 22:45:00,34.297,32.761,0.0,25.77,57.37
2024-01-13 22:50:00,32.262,39.351,0.0,39.09,67.96
2024-01-13 22:55:00,32.39,24.96,0.0,36.61,59.11
2024-01-13 23:00:00,30.961,20.432,0.0,37.31,61.99
2024-01-13 23:05:00,33.964,38.342,0.0,37.13,61.86
2024-01-13 23:10:00,44.577,30.963,0.0,42.62,51.15
2024-01-13 23:15:00,25.691,37.199,0.0,41.44,54.35
2024-01-13 23:20:00,38.685,40.83,0.0,28.66,63.83
2024-01-13 23:25:00,18.248,29.201,0.4443,41.78,55.95
2024-01-13 23:30:00,41.396,24.369,0.0,51.22,58.64
2024-01-13 23:35:00,34.08,27.59,0.0,38.9,67.7
2024-01-13 23:40:00,28.925,41.842,0.0,61.05,55.29
2024-01-13 23:45:00,19.322,32.091,0.0,43.12,59.13
2024-01-13 23:50:00,45.989,35.065,0.0,21.83,50.48
2024-01-13 23:55:00,19.637,28.732,0.0,39.15,44.74
2024-01-14 00:00:00,32.229,23.733,0.0,38.28,56.09
2024-01-14 00:05:00,29.914,21.9,0.0,47.54,47.56
2024-01-14 00:10:00,35.025,20.866,0.0,30.03,62.59
2024-01-14 00:15:00,38.147,35.125,0.0,35.16,46.31
2024-01-14 00:20:00,19.583,36.254,0.0,38.24,60.26
2024-01-14 00:25:00,36.035,27.592,0.0,43.55,56.61
2024-01-14 00:30:00,17.588,30.83,0.0,43.7,51.19
2024-01-14 00:35:00,21.15,38.053,0.0,57.33,52.67
2024-01-14 00:40:00,26.923,27.595,0.0,53.58,66.26
2024-01-14 00:45:00,24.911,40.739,0.0,29.33,57.04
2024-01-14 00:50:00,41.14,29.203,0.0,8.04,53.44
2024-01-14 00:55:00,41.761,32.196,3.7135,47.74,76.83
2024-01-14 01:00:00,37.189,18.489,0.0,55.54,68.32
2024-01-14 01:05:00,40.648,30.924,0.0,51.71,70.15
2024-01-14 01:10:00,22.022,23.626,0.0,30.79,42.03
2024-01-14 01:15:00,26.848,31.74,0.0,18.73,64.27
2024-01-14 01:20:00,26.519,37.992,0.0,44.69,67.38
2024-01-14 01:25:00,40.793,34.164,0.0,50.53,57.46
2024-01-14 01:30:00,33.637,26.965,0.0,43.67,47.73
2024-01-14 01:35:00,47.844,44.134,0.0,57.39,52.28
2024-01-14 01:40:00,22.311,28.622,0.0,35.62,66.84
2024-01-14 01:45:00,28.118,28.902,0.0,34.64,66.82
2024-01-14 01:50:00,25.328,38.141,0.3949,34.47,57.39
2024-01-14 01:55:00,38.069,35.366,0.0,49.78,51.79
2024-01-14 02:00:00,25.472,31.27,0.0,22.73,57.28
2024-01-14 02:05:00,36.536,35.818,0.0,36.52,53.55
2024-01-14 02:10:00,35.765,28.221,0.0,38.66,56.63
2024-01-14 02:15:00,27.001,32.232,0.0,26.76,61.69
2024-01-14 02:20:00,38.076,39.397,0.0,53.64,63.32
2024-01-14 02:25:00,35.55,33.163,0.0,54.39,57.61
2024-01-14 02:30:00,30.643,27.163,0.0,47.61,51.07
2024-01-14 02:35:00,26.627,41.901,0.0,46.64,59.49
2024-01-14 02:40:00,34.459,29.742,0.0,55.46,59.14
2024-01-14 02:45:00,30.073,33.013,0.0,46.27,59.98
2024-01-14 02:50:00,25.739,30.388,0.0,9.33,62.8
2024-01-14 02:55:00,30.396,31.278,0.0,48.57,53.49
2024-01-14 03:00:00,16.89,30.758,0.0,49.04,48.3
2024-01-14 03:05:00,32.589,32.959,0.0,18.72,66.99
2024-01-14 03:10:00,20.293,24.306,0.0,37.26,38.05
2024-01-14 03:15:00,12.427,26.507,0.0,24.16,61.92
2024-01-14 03:20:00,37.353,37.934,0.0,60.43,57.97
2024-01-14 03:25:00,30.92,32.84,0.0,51.17,52.21
2024-01-14 03:30:00,30.812,31.164,0.0,59.77,64.72
2024-01-14 03:35:00,31.628,33.302,0.0,44.5,54.3
2024-01-14 03:40:00,14.698,33.307,0.0,43.88,59.04
2024-01-14 03:45:00,25.544,22.277,0.0,36.0,60.93
2024-01-14 03:50:00,43.633,35.278,0.0,43.67,55.36
2024-01-14 03:55:00,40.663,25.095,0.2989,49.26,55.84
2024-01-14 04:00:00,36.222,38.422,0.0,43.86,54.74
2024-01-14 04:05:00,20.304,25.329,0.0,62.7,58.26
2024-01-14 04:10:00,26.982,32.129,0.0,20.77,48.0
2024-01-14 04:15:00,44.184,32.052,0.0,53.45,59.92
2024-01-14 04:20:00,31.479,41.629,0.0,51.38,68.38
2024-01-14 04:25:00,29.662,40.74,0.0,59.01,65.95
2024-01-14 04:30:00,29.875,24.965,0.0,38.45,55.65
2024-01-14 04:35:00,17.81,29.768,0.0,44.97,66.0
2024-01-14 04:40:00,28.81,37.846,0.0,25.65,52.85
2024-01-14 04:45:00,43.142,30.559,0.0,59.73,63.23
2024-01-14 04:50:00,40.08,33.998,0.0,56.16,52.96
2024-01-14 04:55:00,46.991,38.312,0.0,31.03,66.57
2024-01-14 05:00:00,20.446,37.826,0.0,28.2,53.17
2024-01-14 05:05:00,47.213,26.196,0.0,46.39,68.48
2024-01-14 05:10:00,24.099,30.532,0.0,35.17,48.8
2024-01-14 05:15:00,24.783,26.595,0.0,43.71,70.69
2024-01-14 05:20:00,37.189,46.543,0.0,52.96,66.61
2024-01-14 05:25:00,24.463,33.553,0.0,57.51,47.53
2024-01-14 05:30:00,21.99,23.782,0.0,53.93,63.69
2024-01-14 05:35:00,28.21,38.622,0.0,64.4,51.92
2024-01-14 05:40:00,37.761,32.683,0.0,50.49,64.03
2024-01-14 05:45:00,112.208,41.439,0.0,44.27,54.16
2024-01-14 05:50:00,35.268,32.649,0.0,42.38,64.79
2024-01-14 05:55:00,43.204,39.435,0.0,59.1,51.58
2024-01-14 06:00:00,34.238,28.432,0.0,28.03,70.09
2024-01-14 06:05:00,33.412,35.695,0.0,40.08,60.52
2024-01-14 06:10:00,29.679,39.536,0.0,30.6,64.02
2024-01-14 06:15:00,31.334,23.594,0.0,34.45,54.97
2024-01-14 06:20:00,17.014,28.303,0.0,27.84,68.67
2024-01-14 06:25:00,29.463,31.396,0.0,38.55,61.18
2024-01-14 06:30:00,41.677,30.934,0.0,22.75,54.21
2024-01-14 06:35:00,43.993,31.704,0.0,35.58,45.55
2024-01-14 06:40:00,34.312,29.768,0.0,30.48,57.16
2024-01-14 06:45:00,20.503,36.298,0.0,57.52,63.52
2024-01-14 06:50:00,31.83,38.34,0.0,19.65,64.26
2024-01-14 06:55:00,44.736,28.551,0.0,37.95,72.04
2024-01-14 07:00:00,40.641,44.969,0.0,20.74,58.4
2024-01-14 07:05:00,19.421,29.664,7.2938,44.92,58.24
2024-01-14 07:10:00,23.723,29.827,0.0,33.12,58.58
2024-01-14 07:15:00,33.819,35.339,0.0,50.91,50.79
2024-01-14 07:20:00,45.585,35.067,0.0,56.24,53.93
2024-01-14 07:25:00,37.407,29.588,0.0,56.21,61.68
2024-01-14 07:30:00,19.987,25.119,0.0,54.17,52.6
2024-01-14 07:35:00,31.585,37.533,0.0,39.43,52.0
2024-01-14 07:40:00,44.541,40.97,0.0,37.81,55.77
2024-01-14 07:45:00,58.071,39.909,0.0,98.0,50.25
2024-01-14 07:50:00,24.348,45.099,0.0,50.4,55.62
2024-01-14 07:55:00,47.766,31.024,0.0,36.85,64.01
2024-01-14 08:00:00,34.088,46.54,0.0,49.92,64.14
2024-01-14 08:05:00,32.948,31.302,0.0,38.84,82.58
2024-01-14 08:10:00,29.265,173.849,0.0,63.93,53.38
2024-01-14 08:15:00,20.226,37.057,0.0,51.82,59.05
2024-01-14 08:20:00,23.615,19.204,0.0,17.85,51.97
2024-01-14 08:25:00,20.258,29.105,0.0,62.84,53.5
2024-01-14 08:30:00,29.048,42.564,0.0,48.29,46.43
2024-01-14 08:35:00,22.883,34.606,0.0,48.84,64.65
2024-01-14 08:40:00,20.667,32.74,0.0,17.82,57.37
2024-01-14 08:45:00,27.686,33.755,0.0,35.78,62.69
2024-01-14 08:50:00,37.389,29.724,0.0,31.67,50.48
2024-01-14 08:55:00,38.645,31.418,0.0,30.58,58.06
2024-01-14 09:00:00,40.801,38.73,0.0,61.39,59.37
2024-01-14 09:05:00,36.656,19.022,0.0,40.72,58.51
2024-01-14 09:10:00,16.746,23.427,0.0,31.15,58.37
2024-01-14 09:15:00,37.354,30.559,0.4909,37.27,60.02
2024-01-14 09:20:00,33.221,31.635,0.0,26.06,48.8
2024-01-14 09:25:00,36.402,38.985,0.0,32.86,59.08
2024-01-14 09:30:00,43.94,29.355,0.0,37.9,67.77
2024-01-14 09:35:00,27.373,31.06,0.0,26.63,58.28
2024-01-14 09:40:00,27.493,29.614,0.0,35.4,60.76
2024-01-14 09:45:00,36.066,37.9,0.0,41.95,70.04
2024-01-14 09:50:00,21.115,34.52,0.0,28.32,58.58
2024-01-14 09:55:00,25.019,26.875,0.0,29.27,72.59
2024-01-14 10:00:00,27.23,24.105,0.0,38.96,54.25
2024-01-14 10:05:00,22.078,32.345,0.0,42.02,45.33
2024-01-14 10:10:00,28.881,42.325,0.0,33.63,65.07
2024-01-14 10:15:00,28.55,22.546,0.0,32.77,52.63
2024-01-14 10:20:00,35.118,41.405,0.0,25.79,61.24
2024-01-14 10:25:00,42.173,24.334,0.0,43.8,59.13
2024-01-14 10:30:00,29.066,32.387,0.0,37.79,47.04
2024-01-14 10:35:00,25.395,32.217,0.0,23.89,65.16
2024-01-14 10:40:00,37.015,27.878,0.0,63.01,52.63
2024-01-14 10:45:00,45.652,29.815,0.0,42.66,69.57
2024-01-14 10:50:00,16.224,41.116,0.0,35.95,52.58
2024-01-14 10:55:00,31.386,33.21,0.0,27.79,40.31
2024-01-14 11:00:00,28.093,40.211,0.0,30.01,51.0
2024-01-14 11:05:00,32.476,28.043,0.0,27.16,73.92
2024-01-14 11:10:00,23.869,21.186,0.0,40.57,53.39
2024-01-14 11:15:00,21.608,25.743,0.0,35.2,60.9
2024-01-14 11:20:00,34.781,24.917,0.0,37.78,68.64
2024-01-14 11:25:00,32.775,37.119,0.0,41.04,63.86
2024-01-14 11:30:00,9.675,31.215,0.0,29.32,55.35
2024-01-14 11:35:00,35.686,36.785,0.0,62.31,68.75
2024-01-14 11:40:00,26.383,34.312,0.0,47.53,34.85
2024-01-14 11:45:00,22.844,32.322,0.0,35.95,75.65
2024-01-14 11:50:00,8.942,31.899,0.0,33.4,60.98
2024-01-14 11:55:00,29.434,12.702,0.0,19.96,44.13
2024-01-14 12:00:00,24.556,27.581,0.0,44.07,57.12
2024-01-14 12:05:00,31.458,29.372,0.0,34.8,54.21
2024-01-14 12:10:00,27.809,32.74,0.0,44.56,67.22
2024-01-14 12:15:00,30.926,35.535,0.0,50.05,37.44
2024-01-14 12:20:00,22.211,31.535,0.0,43.98,40.17
2024-01-14 12:25:00,32.599,24.394,0.0,10.41,49.75
2024-01-14 12:30:00,38.351,19.046,0.0,24.72,66.04
2024-01-14 12:35:00,28.748,29.826,0.0,45.58,69.27
2024-01-14 12:40:00,39.117,32.578,0.0,30.42,58.42
2024-01-14 12:45:00,15.27,26.796,0.0,40.8,50.79
2024-01-14 12:50:00,17.33,35.312,0.0,45.47,48.76
2024-01-14 12:55:00,27.418,32.161,0.0,49.49,53.88
2024-01-14 13:00:00,40.105,26.559,0.0,79.22,56.73
2024-01-14 13:05:00,37.441,35.105,0.0,52.03,57.58
2024-01-14 13:10:00,34.099,28.501,0.0,40.69,53.31
2024-01-14 13:15:00,27.687,28.665,0.0,51.93,51.65
2024-01-14 13:20:00,36.197,20.019,0.0,28.22,67.72
2024-01-14 13:25:00,17.971,34.518,0.0,37.24,44.97
2024-01-14 13:30:00,32.996,22.695,0.0,44.33,61.28
2024-01-14 13:35:00,40.789,26.137,0.0,50.27,50.29
2024-01-14 13:40:00,21.472,31.064,0.0,20.72,54.77
2024-01-14 13:45:00,19.808,24.225,0.0,48.13,72.93
2024-01-14 13:50:00,29.171,22.738,0.0,20.52,57.59
2024-01-14 13:55:00,38.021,39.147,0.0,36.91,41.6
2024-01-14 14:00:00,26.35,28.056,0.0,50.45,57.9
2024-01-14 14:05:00,28.094,234.157,0.0,36.41,52.26
2024-01-14 14:10:00,32.433,35.642,0.0,47.53,54.39
2024-01-14 14:15:00,34.678,34.281,0.0,23.76,72.53
2024-01-14 14:20:00,30.461,36.299,0.0,27.73,61.94
2024-01-14 14:25:00,16.667,26.084,0.0,22.66,57.4
2024-01-14 14:30:00,26.122,28.046,0.0,63.19,61.02
2024-01-14 14:35:00,37.707,31.708,0.0,37.24,62.77
2024-01-14 14:40:00,40.395,36.669,0.0,46.21,51.77
2024-01-14 14:45:00,19.512,19.535,0.0,25.32,61.24
2024-01-14 14:50:00,30.761,30.335,0.0,50.27,54.16
2024-01-14 14:55:00,38.46,20.501,0.0,34.16,69.92
2024-01-14 15:00:00,23.154,27.789,0.0,45.19,58.82
2024-01-14 15:05:00,37.458,35.378,0.0,53.42,65.41
2024-01-14 15:10:00,44.182,37.563,0.0,67.01,60.23
2024-01-14 15:15:00,28.707,31.981,0.0,44.07,61.7
2024-01-14 15:20:00,42.139,32.492,0.0,32.44,74.38
2024-01-14 15:25:00,52.01,32.294,0.0,63.71,66.4
2024-01-14 15:30:00,32.923,32.393,0.0,43.67,54.07
2024-01-14 15:35:00,43.277,31.934,0.0,43.0,63.95
2024-01-14 15:40:00,35.077,33.368,0.0,66.03,47.01
2024-01-14 15:45:00,50.325,35.608,0.0,44.73,57.3
2024-01-14 15:50:00,26.902,31.698,0.0,31.57,47.2
2024-01-14 15:55:00,19.199,35.691,0.0,54.45,48.7
2024-01-14 16:00:00,24.193,34.158,0.0,42.72,59.33
2024-01-14 16:05:00,52.443,29.745,0.0,36.05,61.7
2024-01-14 16:10:00,32.151,26.075,0.0,50.13,58.67
2024-01-14 16:15:00,17.421,29.707,0.0,34.58,47.91
2024-01-14 16:20:00,24.704,34.709,0.0,47.21,41.4
2024-01-14 16:25:00,20.492,35.159,0.0,43.27,73.59
2024-01-14 16:30:00,39.521,29.77,0.4491,54.46,58.02
2024-01-14 16:35:00,25.827,35.316,0.0,64.16,61.68
2024-01-14 16:40:00,27.943,29.151,0.0,38.01,64.8
2024-01-14 16:45:00,23.109,30.376,0.0,35.34,59.49
2024-01-14 16:50:00,35.124,32.85,0.0,31.19,62.54
2024-01-14 16:55:00,36.992,30.262,0.0,40.73,61.72
2024-01-14 17:00:00,20.741,32.046,0.0,35.77,55.55
2024-01-14 17:05:00,27.258,36.638,0.0,39.23,61.35
2024-01-14 17:10:00,29.132,34.963,0.0,23.4,55.38
2024-01-14 17:15:00,49.691,32.762,0.0,53.28,41.18
2024-01-14 17:20:00,41.683,30.916,0.0,33.47,55.95
2024-01-14 17:25:00,19.068,18.911,0.0,55.01,66.15
2024-01-14 17:30:00,21.67,33.277,0.0,22.1,51.1
2024-01-14 17:35:00,24.462,25.073,0.0,51.16,51.6
2024-01-14 17:40:00,31.739,27.647,0.0,41.13,64.4
2024-01-14 17:45:00,44.338,28.484,0.0,36.79,51.65
2024-01-14 17:50:00,15.798,25.329,0.0,48.48,57.22
2024-01-14 17:55:00,36.546,36.165,0.0,34.17,63.66
2024-01-14 18:00:00,26.726,29.719,0.0,42.23,55.63
2024-01-14 18:05:00,27.319,21.78,0.0,38.53,63.48
2024-01-14 18:10:00,28.995,30.809,0.0,28.25,61.23
2024-01-14 18:15:00,53.578,29.459,0.0,25.23,69.51
2024-01-14 18:20:00,36.343,35.117,0.4591,50.9,46.3
2024-01-14 18:25:00,21.8,36.642,0.0,39.25,51.57
2024-01-14 18:30:00,21.804,28.73,0.0,37.66,66.27
2024-01-14 18:35:00,45.352,30.764,0.0,42.69,60.82
2024-01-14 18:40:00,43.699,30.461,0.0,43.32,53.82
2024-01-14 18:45:00,39.004,29.565,0.0,42.97,48.14
2024-01-14 18:50:00,38.025,31.123,0.0,50.88,64.36
2024-01-14 18:55:00,26.333,35.163,0.0,46.86,48.09
2024-01-14 19:00:00,17.045,31.216,0.0,28.78,52.5
2024-01-14 19:05:00,5.641,28.622,0.1162,34.18,50.31
2024-01-14 19:10:00,44.754,27.138,0.0,35.24,65.4
2024-01-14 19:15:00,38.135,24.569,0.0,35.58,37.79
2024-01-14 19:20:00,28.238,35.407,0.0,28.88,44.14
2024-01-14 19:25:00,162.645,53.089,0.0,55.26,49.63
2024-01-14 19:30:00,30.581,34.655,0.0,38.88,48.57
2024-01-14 19:35:00,41.338,21.368,0.0,59.07,77.11
2024-01-14 19:40:00,52.752,33.298,0.0,64.88,48.61
2024-01-14 19:45:00,30.27,16.837,0.0,31.94,59.07
2024-01-14 19:50:00,28.852,34.915,0.0,33.43,58.56
2024-01-14 19:55:00,23.836,33.482,0.0,36.88,70.54
2024-01-14 20:00:00,48.337,30.067,0.0,45.62,64.23
2024-01-14 20:05:00,41.857,34.359,0.0,92.42,57.08
2024-01-14 20:10:00,33.889,27.351,0.0,64.19,59.52
2024-01-14 20:15:00,15.322,25.903,0.0,36.56,65.36
2024-01-14 20:20:00,32.166,35.5,0.0,60.69,53.06
2024-01-14 20:25:00,28.12,43.9,0.0,32.6,44.89
2024-01-14 20:30:00,29.314,23.584,0.0,36.22,61.05
2024-01-14 20:35:00,36.796,35.059,0.0,34.35,41.21
2024-01-14 20:40:00,23.501,30.369,0.0,38.36,54.55
2024-01-14 20:45:00,27.85,24.604,0.0,35.3,50.14
2024-01-14 20:50:00,34.012,32.362,0.0,47.11,55.18
2024-01-14 20:55:00,15.887,38.979,0.0,39.01,62.93
2024-01-14 21:00:00,34.65,25.588,0.0,45.74,56.95
2024-01-14 21:05:00,53.524,28.576,0.0,29.67,54.35
2024-01-14 21:10:00,31.022,34.867,0.0,21.99,63.51
2024-01-14 21:15:00,44.207,34.201,0.0,24.77,43.54
2024-01-14 21:20:00,32.074,29.965,0.0,66.06,62.67
2024-01-14 21:25:00,23.535,42.956,0.0,40.78,51.96
2024-01-14 21:30:00,35.512,30.668,0.0,48.35,58.66
2024-01-14 21:35:00,36.217,29.018,0.0,12.75,52.6
2024-01-14 21:40:00,17.134,32.545,0.0,41.05,56.39
2024-01-14 21:45:00,39.037,28.781,0.0,47.69,53.47
2024-01-14 21:50:00,42.085,19.599,0.0,56.03,53.57
2024-01-14 21:55:00,16.355,30.175,0.1487,39.03,63.47
2024-01-14 22:00:00,48.382,32.516,0.0,54.97,50.36
2024-01-14 22:05:00,34.22,28.355,0.0,36.0,54.05
2024-01-14 22:10:00,31.024,39.594,0.0,38.13,72.27
2024-01-14 22:15:00,31.037,16.051,0.0,36.14,65.14
2024-01-14 22:20:00,41.129,33.571,0.0,50.88,48.89
2024-01-14 22:25:00,17.513,33.935,0.0,21.63,48.16
2024-01-14 22:30:00,31.25,30.838,0.0,54.73,54.95
2024-01-14 22:35:00,28.201,20.094,0.0,47.58,55.32
2024-01-14 22:40:00,34.377,39.319,0.0,24.77,61.82
2024-01-14 22:45:00,29.508,28.5,0.0,19.45,60.98
2024-01-14 22:50:00,40.591,213.454,0.0,27.84,62.08
2024-01-14 22:55:00,23.482,37.187,0.0,53.59,56.54
2024-01-14 23:00:00,29.05,34.574,0.0,37.42,51.62
2024-01-14 23:05:00,27.615,34.139,0.0,26.26,42.72
2024-01-14 23:10:00,30.377,37.12,0.0,24.03,61.84
2024-01-14 23:15:00,27.754,34.877,0.0,57.46,44.76
2024-01-14 23:20:00,28.495,36.284,0.0,43.41,54.29
2024-01-14 23:25:00,31.236,23.865,0.0,22.35,56.26
2024-01-14 23:30:00,28.531,35.534,0.0,29.71,60.94
2024-01-14 23:35:00,25.513,35.803,0.0,31.18,69.27
2024-01-14 23:40:00,22.628,43.365,0.0,41.34,53.23
2024-01-14 23:45:00,22.804,20.288,0.0,55.65,61.74
2024-01-14 23:50:00,24.465,31.811,0.0,9.63,51.43
2024-01-14 23:55:00,25.701,25.122,0.1795,54.78,67.01
2024-01-15 00:00:00,32.677,21.531,0.0,41.23,69.25
2024-01-15 00:05:00,31.241,29.899,0.0,30.25,46.09
2024-01-15 00:10:00,37.918,39.029,0.0,47.45,54.05
2024-01-15 00:15:00,11.545,33.571,0.0,18.49,63.69
2024-01-15 00:20:00,38.694,37.775,0.1229,50.65,62.88
2024-01-15 00:25:00,21.195,42.514,0.0,42.11,62.78
2024-01-15 00:30:00,35.612,37.446,0.0,38.82,56.17
2024-01-15 00:35:00,33.206,34.982,0.0,31.27,43.48
2024-01-15 00:40:00,16.235,30.545,0.0,34.79,63.32
2024-01-15 00:45:00,29.118,29.606,0.0,53.62,62.43
2024-01-15 00:50:00,39.61,34.984,0.0,17.88,60.92
2024-01-15 00:55:00,18.372,20.824,0.3577,46.85,38.18
2024-01-15 01:00:00,38.634,27.627,0.0,72.75,44.62
2024-01-15 01:05:00,24.118,34.505,0.0,38.34,42.83
2024-01-15 01:10:00,31.712,30.13,0.0,43.1,62.31
2024-01-15 01:15:00,21.159,37.403,0.0,58.85,61.49
2024-01-15 01:20:00,41.704,32.627,0.0,27.63,65.01
2024-01-15 01:25:00,28.442,25.452,0.0,55.6,52.39
2024-01-15 01:30:00,35.436,34.589,0.0,38.95,60.52
2024-01-15 01:35:00,17.485,42.177,0.0,10.12,67.82
2024-01-15 01:40:00,39.195,24.626,0.4484,44.81,65.1
2024-01-15 01:45:00,22.793,18.097,0.0,50.41,66.63
2024-01-15 01:50:00,33.313,26.926,0.0,41.89,61.96
2024-01-15 01:55:00,16.946,234.169,0.0,56.63,54.5
2024-01-15 02:00:00,26.964,33.257,0.0,43.77,56.19
2024-01-15 02:05:00,28.618,34.372,0.0,41.26,73.98
2024-01-15 02:10:00,14.027,29.618,0.0,65.65,43.87
2024-01-15 02:15:00,44.809,34.512,0.0,28.35,55.17
2024-01-15 02:20:00,42.348,44.317,0.0,25.64,55.95
2024-01-15 02:25:00,34.586,30.042,0.0,50.68,64.12
2024-01-15 02:30:00,32.568,30.092,0.0,25.32,62.5
2024-01-15 02:35:00,28.62,34.854,0.39,48.08,67.53
2024-01-15 02:40:00,22.32,27.725,0.0,59.54,65.52
2024-01-15 02:45:00,12.528,23.317,0.0,31.38,48.08
2024-01-15 02:50:00,43.043,35.937,0.0,48.12,56.33
2024-01-15 02:55:00,33.739,38.698,0.0,49.11,55.51
2024-01-15 03:00:00,31.314,31.721,0.0,28.7,63.68
2024-01-15 03:05:00,39.634,27.901,0.0,48.2,54.83
2024-01-15 03:10:00,24.06,41.281,0.0,38.73,40.76
2024-01-15 03:15:00,31.27,19.678,0.0,31.15,57.37
2024-01-15 03:20:00,32.806,37.237,0.0,40.64,64.16
2024-01-15 03:25:00,41.877,24.515,0.0,56.89,52.3
2024-01-15 03:30:00,36.819,26.904,0.0,31.28,51.79
2024-01-15 03:35:00,50.792,185.407,0.0,28.8,51.78
2024-01-15 03:40:00,42.721,32.047,0.0,35.62,58.6
2024-01-15 03:45:00,40.499,30.817,0.0,38.19,60.04
2024-01-15 03:50:00,44.957,31.346,0.0,27.4,63.49
2024-01-15 03:55:00,33.53,23.714,0.0,31.61,64.37
2024-01-15 04:00:00,24.832,35.292,0.3115,43.25,55.31
2024-01-15 04:05:00,24.136,34.368,0.0,42.93,72.12
2024-01-15 04:10:00,28.196,37.068,0.0,18.44,70.58
2024-01-15 04:15:00,29.046,29.682,0.0,40.13,52.71
2024-01-15 04:20:00,23.511,26.422,0.0,41.14,52.78
2024-01-15 04:25:00,33.273,26.184,0.3788,22.47,45.96
2024-01-15 04:30:00,44.706,44.16,0.0,46.91,50.81
2024-01-15 04:35:00,37.6,27.248,0.0,45.26,66.64
2024-01-15 04:40:00,37.838,38.511,0.0,44.43,49.38
2024-01-15 04:45:00,42.026,44.135,0.0,35.6,47.89
2024-01-15 04:50:00,27.823,38.069,0.0,35.16,58.4
2024-01-15 04:55:00,33.689,27.404,0.0,39.23,62.73
2024-01-15 05:00:00,44.872,23.092,0.0,38.53,55.73
2024-01-15 05:05:00,39.959,38.685,0.0,53.35,67.21
2024-01-15 05:10:00,42.998,29.853,0.0,38.15,63.22
2024-01-15 05:15:00,31.485,34.214,0.0,43.62,63.54
2024-01-15 05:20:00,44.262,37.124,0.0,49.47,56.73
2024-01-15 05:25:00,47.436,32.03,0.0,33.5,57.86
2024-01-15 05:30:00,36.969,31.392,0.0,21.02,68.79
2024-01-15 05:35:00,37.541,41.079,0.0,58.71,69.25
2024-01-15 05:40:00,26.992,34.566,0.0,33.17,52.9
2024-01-15 05:45:00,28.991,33.822,0.0,29.15,50.53
2024-01-15 05:50:00,35.901,28.787,0.0,35.63,52.72
2024-01-15 05:55:00,29.179,30.499,0.0,38.52,39.65
2024-01-15 06:00:00,38.329,27.145,0.0,20.18,55.29
2024-01-15 06:05:00,49.574,29.291,0.0,39.49,64.07
2024-01-15 06:10:00,47.759,39.496,0.0,40.11,61.14
2024-01-15 06:15:00,49.232,23.222,0.0,19.15,61.77
2024-01-15 06:20:00,53.042,32.363,0.0,53.73,54.78
2024-01-15 06:25:00,35.489,38.009,0.0,52.87,65.35
2024-01-15 06:30:00,22.622,24.317,0.0,36.39,47.95
2024-01-15 06:35:00,24.717,34.892,0.0,21.35,42.91
2024-01-15 06:40:00,39.044,29.273,0.0,32.65,61.27
2024-01-15 06:45:00,16.544,27.834,0.0,64.39,50.66
2024-01-15 06:50:00,12.005,39.92,0.0,39.06,42.81
2024-01-15 06:55:00,36.066,31.386,0.0,47.05,52.48
2024-01-15 07:00:00,44.089,33.775,0.0,51.23,65.75
2024-01-15 07:05:00,36.118,27.827,0.0772,49.07,58.95
2024-01-15 07:10:00,29.207,33.644,4.3196,40.35,62.15
2024-01-15 07:15:00,31.715,33.68,0.0,57.74,49.59
2024-01-15 07:20:00,115.261,30.157,0.0,56.38,57.23
2024-01-15 07:25:00,41.409,30.83,0.0,51.77,53.73
2024-01-15 07:30:00,35.452,40.264,0.0,57.73,59.38
2024-01-15 07:35:00,25.645,23.79,0.0,47.11,51.35
2024-01-15 07:40:00,27.21,22.46,0.0,22.33,50.77
2024-01-15 07:45:00,24.508,28.783,0.0,30.34,63.33
2024-01-15 07:50:00,19.333,23.05,0.0,46.2,64.15
2024-01-15 07:55:00,36.807,29.692,0.0,50.57,51.45
2024-01-15 08:00:00,91.78,34.317,0.0,40.3,48.83
2024-01-15 08:05:00,103.793,50.304,0.0,56.71,60.14
2024-01-15 08:10:00,98.797,33.767,0.0,64.84,49.51
2024-01-15 08:15:00,116.625,48.624,0.0,54.04,53.23
2024-01-15 08:20:00,123.308,44.811,0.0,54.86,65.03
2024-01-15 08:25:00,157.308,46.424,0.0,51.96,61.31
2024-01-15 08:30:00,132.495,43.587,0.0,50.33,49.09
2024-01-15 08:35:00,116.622,36.646,0.0,49.88,65.54
2024-01-15 08:40:00,89.03,46.809,0.0,43.39,45.88
2024-01-15 08:45:00,107.288,49.364,0.0,52.26,59.28
2024-01-15 08:50:00,122.027,35.165,0.0,75.56,51.88
2024-01-15 08:55:00,81.364,40.252,0.0,34.94,71.02
2024-01-15 09:00:00,90.742,41.807,0.395,35.58,58.96
2024-01-15 09:05:00,92.825,41.83,0.0,38.54,61.92
2024-01-15 09:10:00,112.646,44.568,0.0,47.2,46.73
2024-01-15 09:15:00,122.928,34.711,0.0,62.74,62.0
2024-01-15 09:20:00,130.418,54.104,0.0,53.78,53.99
2024-01-15 09:25:00,120.137,45.6,0.0,55.05,59.44
2024-01-15 09:30:00,97.396,39.713,0.0,57.29,56.36
2024-01-15 09:35:00,83.635,34.322,0.0,43.39,50.66
2024-01-15 09:40:00,144.54,41.94,0.0,60.7,52.29
2024-01-15 09:45:00,69.533,35.16,0.0,39.92,55.31
2024-01-15 09:50:00,102.864,36.318,0.0,44.25,45.94
2024-01-15 09:55:00,115.34,46.51,0.0,62.7,54.26
2024-01-15 10:00:00,95.053,29.812,0.0,56.71,40.0
2024-01-15 10:05:00,102.66,44.568,0.3201,38.72,58.78
2024-01-15 10:10:00,99.765,29.336,0.0,42.81,72.35
2024-01-15 10:15:00,121.79,48.23,0.0,59.99,59.56
2024-01-15 10:20:00,103.483,36.729,0.0,66.35,65.36
2024-01-15 10:25:00,117.274,49.558,0.0,52.61,54.43
2024-01-15 10:30:00,107.484,44.306,0.0,53.14,37.35
2024-01-15 10:35:00,65.517,35.97,0.0,77.08,54.68
2024-01-15 10:40:00,111.445,50.875,0.0,54.44,53.44
2024-01-15 10:45:00,116.137,48.483,0.0,60.93,50.6
2024-01-15 10:50:00,120.853,48.885,0.0,79.43,64.38
2024-01-15 10:55:00,92.408,32.927,0.0,61.67,76.0
2024-01-15 11:00:00,72.995,38.127,0.0,50.3,71.02
2024-01-15 11:05:00,119.357,36.896,0.0,51.99,42.64
2024-01-15 11:10:00,129.744,41.162,0.0,52.16,69.95
2024-01-15 11:15:00,126.276,43.802,0.0,52.26,58.04
2024-01-15 11:20:00,131.841,39.407,0.0,69.05,59.03
2024-01-15 11:25:00,91.88,39.206,0.0,45.45,67.64
2024-01-15 11:30:00,118.52,56.287,0.0,67.72,51.29
2024-01-15 11:35:00,94.957,43.159,0.0,56.18,61.55
2024-01-15 11:40:00,103.427,38.483,0.0,67.76,65.76
2024-01-15 11:45:00,132.379,48.467,0.0,56.83,61.84
2024-01-15 11:50:00,78.018,36.704,0.0,56.92,46.94
2024-01-15 11:55:00,125.251,29.015,0.0,36.5,42.62
2024-01-15 12:00:00,83.335,36.58,0.0,39.98,59.98
2024-01-15 12:05:00,105.668,41.255,0.0,67.81,63.52
2024-01-15 12:10:00,115.539,26.21,0.0,40.77,46.27
2024-01-15 12:15:00,110.924,47.168,0.0,40.75,59.59
2024-01-15 12:20:00,122.956,33.231,0.0,56.97,59.71
2024-01-15 12:25:00,88.708,33.893,0.0,45.17,54.28
2024-01-15 12:30:00,133.135,46.884,0.0,61.43,64.94
2024-01-15 12:35:00,107.28,45.067,0.0,54.97,60.7
2024-01-15 12:40:00,108.51,34.59,0.0,27.23,58.93
2024-01-15 12:45:00,103.485,44.097,0.0,64.02,59.17
2024-01-15 12:50:00,94.942,49.275,0.0,69.51,65.86
2024-01-15 12:55:00,151.086,38.566,0.0,72.11,59.26
2024-01-15 13:00:00,104.029,40.254,0.0,42.95,48.99
2024-01-15 13:05:00,322.237,64.822,0.0,96.14,67.63
2024-01-15 13:10:00,131.823,33.833,0.0,52.6,62.87
2024-01-15 13:15:00,69.132,32.488,0.0,41.29,43.59
2024-01-15 13:20:00,158.047,50.2,0.0,51.87,73.55
2024-01-15 13:25:00,112.917,52.897,0.0,62.42,51.27
2024-01-15 13:30:00,89.611,43.059,0.0,55.3,57.56
2024-01-15 13:35:00,53.024,34.459,0.0,56.61,45.21
2024-01-15 13:40:00,128.456,45.247,0.0,46.58,55.99
2024-01-15 13:45:00,85.312,42.695,0.0,42.0,59.15
2024-01-15 13:50:00,84.887,28.681,0.0,54.38,67.24
2024-01-15 13:55:00,92.735,36.377,0.0,47.04,50.29
2024-01-15 14:00:00,130.399,35.558,0.0,60.6,66.85
2024-01-15 14:05:00,125.743,40.451,0.0,32.01,53.81
2024-01-15 14:10:00,77.163,42.244,0.0,56.61,51.54
2024-01-15 14:15:00,114.31,52.724,0.0,64.02,55.74
2024-01-15 14:20:00,137.513,43.959,0.0,47.82,48.31
2024-01-15 14:25:00,102.526,33.664,0.0,51.83,72.68
2024-01-15 14:30:00,103.824,37.327,0.0,58.09,58.25
2024-01-15 14:35:00,100.293,43.046,0.0,46.6,61.32
2024-01-15 14:40:00,152.05,36.079,0.0,69.72,42.5
2024-01-15 14:45:00,104.06,40.457,0.0,66.3,69.22
2024-01-15 14:50:00,97.39,45.927,0.0,61.39,72.97
2024-01-15 14:55:00,137.398,39.616,0.0,48.61,59.7
2024-01-15 15:00:00,94.641,153.608,0.0,45.49,72.07
2024-01-15 15:05:00,78.335,39.072,0.0,55.5,60.45
2024-01-15 15:10:00,135.269,41.613,0.0,67.29,56.24
2024-01-15 15:15:00,104.071,39.681,0.0,48.28,53.52
2024-01-15 15:20:00,83.772,42.178,0.1194,62.31,56.06
2024-01-15 15:25:00,85.295,41.364,0.0,60.06,64.43
2024-01-15 15:30:00,113.241,37.848,0.0,37.54,69.4
2024-01-15 15:35:00,69.443,32.131,0.0,59.66,57.97
2024-01-15 15:40:00,121.932,34.643,0.0,35.07,54.78
2024-01-15 15:45:00,102.981,46.829,0.2964,19.02,61.59
2024-01-15 15:50:00,106.933,49.951,0.0,45.75,63.16
2024-01-15 15:55:00,91.246,186.028,0.0,52.53,71.51
2024-01-15 16:00:00,145.349,44.504,0.0,69.0,66.44
2024-01-15 16:05:00,57.828,33.327,0.0,56.42,57.75
2024-01-15 16:10:00,100.973,40.331,0.0,57.58,66.53
2024-01-15 16:15:00,142.434,42.575,0.0,35.85,50.61
2024-01-15 16:20:00,112.699,45.425,0.0,56.27,39.91
2024-01-15 16:25:00,95.564,49.237,0.0,34.73,58.14
2024-01-15 16:30:00,140.066,42.023,0.0,65.75,64.64
2024-01-15 16:35:00,123.695,39.544,0.0,37.35,52.97
2024-01-15 16:40:00,44.995,29.439,0.0,6.72,52.7
2024-01-15 16:45:00,128.685,31.445,0.4968,63.55,59.55
2024-01-15 16:50:00,441.928,85.686,0.0,99.0,61.89
2024-01-15 16:55:00,97.229,38.441,0.0,49.57,57.17
2024-01-15 17:00:00,103.402,45.531,0.0,49.35,66.98
2024-01-15 17:05:00,125.184,33.739,0.0,71.21,56.27
2024-01-15 17:10:00,113.936,37.378,0.0,41.07,68.07
2024-01-15 17:15:00,132.534,44.239,0.0,53.4,34.17
2024-01-15 17:20:00,126.07,35.624,0.0,59.05,49.95
2024-01-15 17:25:00,119.9,50.905,0.0,52.6,59.05
2024-01-15 17:30:00,86.046,26.168,0.0,34.13,54.92
2024-01-15 17:35:00,126.24,38.63,0.0,52.71,40.97
2024-01-15 17:40:00,109.982,41.879,0.3062,52.93,55.63
2024-01-15 17:45:00,99.375,30.098,0.0,64.71,49.91
2024-01-15 17:50:00,98.556,24.602,0.0,60.39,49.33
2024-01-15 17:55:00,103.875,43.274,0.0,56.47,56.49
2024-01-15 18:00:00,81.271,39.482,0.0,49.97,50.41
2024-01-15 18:05:00,63.352,32.453,0.0,71.49,56.41
2024-01-15 18:10:00,66.163,41.855,0.0,39.4,65.4
2024-01-15 18:15:00,96.998,33.107,0.0,59.08,56.43
2024-01-15 18:20:00,90.333,41.428,0.0,51.72,48.52
2024-01-15 18:25:00,95.654,30.949,0.2547,50.02,56.81
2024-01-15 18:30:00,65.846,38.825,0.0,47.83,67.49
2024-01-15 18:35:00,129.692,45.729,0.0,66.45,44.07
2024-01-15 18:40:00,72.57,32.985,0.0,59.01,58.33
2024-01-15 18:45:00,120.233,35.256,0.0,52.59,65.17
2024-01-15 18:50:00,115.961,50.14,0.0,32.57,63.6
2024-01-15 18:55:00,76.375,38.388,0.0,66.71,63.99
2024-01-15 19:00:00,27.875,34.53,0.0,45.48,64.12
2024-01-15 19:05:00,42.237,33.054,0.0,51.8,50.46
2024-01-15 19:10:00,45.231,19.044,0.0,41.03,54.59
2024-01-15 19:15:00,146.855,45.9,0.0,83.58,65.28
2024-01-15 19:20:00,37.981,38.448,0.0,38.19,62.79
2024-01-15 19:25:00,36.76,23.764,0.0,32.59,74.62
2024-01-15 19:30:00,18.229,30.447,0.0,37.65,65.29
2024-01-15 19:35:00,35.343,34.902,0.0,30.79,43.81
2024-01-15 19:40:00,23.713,27.787,0.0,39.26,45.72
2024-01-15 19:45:00,23.052,18.117,0.0,46.9,55.98
2024-01-15 19:50:00,34.824,33.832,0.4767,28.03,63.12
2024-01-15 19:55:00,36.479,23.901,0.0,63.85,46.77
2024-01-15 20:00:00,17.768,34.419,0.0,25.83,56.21
2024-01-15 20:05:00,28.485,38.694,0.0,41.78,53.24
2024-01-15 20:10:00,26.412,34.545,0.0,64.01,49.54
2024-01-15 20:15:00,17.781,31.536,0.0,35.92,52.9
2024-01-15 20:20:00,34.945,21.917,0.0,30.83,61.14
2024-01-15 20:25:00,27.484,35.13,0.0,22.3,65.13
2024-01-15 20:30:00,29.379,33.095,0.0,30.39,56.28
2024-01-15 20:35:00,35.124,44.66,0.0,39.86,53.33
2024-01-15 20:40:00,22.733,34.291,0.0,34.51,67.34
2024-01-15 20:45:00,25.58,33.978,0.0,57.92,50.25
2024-01-15 20:50:00,29.082,31.567,0.0,36.04,46.23
2024-01-15 20:55:00,41.018,23.459,0.0,51.51,64.18
2024-01-15 21:00:00,27.303,25.28,0.0,53.09,53.62
2024-01-15 21:05:00,26.885,36.689,0.0,35.4,62.47
2024-01-15 21:10:00,48.676,34.273,0.0,42.7,67.52
2024-01-15 21:15:00,37.653,36.313,0.0,38.53,55.73
2024-01-15 21:20:00,39.515,30.531,0.0,25.91,71.23
2024-01-15 21:25:00,34.272,34.845,0.0,32.88,58.43
2024-01-15 21:30:00,32.082,32.657,0.0,51.41,69.9
2024-01-15 21:35:00,28.089,34.353,0.0,45.71,60.26
2024-01-15 21:40:00,33.714,27.122,0.0,52.35,48.74
2024-01-15 21:45:00,46.245,31.76,0.0,61.74,43.45
2024-01-15 21:50:00,25.884,36.855,0.0,23.75,68.43
2024-01-15 21:55:00,34.139,33.299,0.0,13.43,66.46
2024-01-15 22:00:00,37.773,35.212,0.0,34.86,59.58
2024-01-15 22:05:00,22.343,22.757,0.0,26.11,53.8
2024-01-15 22:10:00,23.502,36.375,0.0,6.62,67.0
2024-01-15 22:15:00,27.175,28.569,0.0,31.47,43.14
2024-01-15 22:20:00,28.903,31.886,0.0,30.64,49.24
2024-01-15 22:25:00,53.273,41.865,0.0,30.34,60.93
2024-01-15 22:30:00,36.727,27.714,0.0,47.57,62.48
2024-01-15 22:35:00,28.925,34.636,0.0,48.92,58.78
2024-01-15 22:40:00,33.005,41.892,0.0,55.01,58.82
2024-01-15 22:45:00,49.169,45.028,0.0,35.2,65.47
2024-01-15 22:50:00,39.206,40.476,0.0,34.54,69.5
2024-01-15 22:55:00,9.651,38.408,0.0,28.17,66.52
2024-01-15 23:00:00,22.019,31.231,0.0,30.94,61.44
2024-01-15 23:05:00,20.392,23.992,0.0,37.0,55.26
2024-01-15 23:10:00,28.607,32.874,0.0,35.77,59.95
2024-01-15 23:15:00,21.343,27.943,0.0,21.72,54.79
2024-01-15 23:20:00,26.282,42.011,0.0,16.3,63.73
2024-01-15 23:25:00,24.522,17.794,0.0,44.21,70.45
2024-01-15 23:30:00,26.392,32.497,0.0,43.52,43.22
2024-01-15 23:35:00,31.976,38.893,0.0,33.61,50.8
2024-01-15 23:40:00,36.597,40.566,0.0,44.98,54.47
2024-01-15 23:45:00,31.358,33.83,0.0,37.0,51.85
2024-01-15 23:50:00,48.229,23.221,0.0,44.53,55.88
2024-01-15 23:55:00,17.415,23.553,0.0,16.41,59.94
2024-01-16 00:00:00,24.661,25.291,0.0,18.98,67.8
2024-01-16 00:05:00,42.463,23.104,0.0,31.53,69.21
2024-01-16 00:10:00,37.064,31.246,0.0,44.97,53.08
2024-01-16 00:15:00,27.107,39.754,0.0,27.22,55.34
2024-01-16 00:20:00,56.318,34.033,0.0,36.31,62.4
2024-01-16 00:25:00,28.675,33.272,0.0,36.32,57.08
2024-01-16 00:30:00,26.92,29.27,0.0,49.36,60.38
2024-01-16 00:35:00,27.108,23.235,0.0,54.52,71.07
2024-01-16 00:40:00,48.864,34.342,0.0,57.22,52.55
2024-01-16 00:45:00,32.335,30.855,0.0,48.8,56.51
2024-01-16 00:50:00,26.502,35.316,0.0,40.89,56.37
2024-01-16 00:55:00,26.21,31.794,0.0,62.84,64.18
2024-01-16 01:00:00,48.874,35.112,0.1462,21.32,60.9
2024-01-16 01:05:00,38.89,30.231,0.0,36.42,46.09
2024-01-16 01:10:00,36.845,38.818,0.0,35.2,52.44
2024-01-16 01:15:00,23.825,30.907,0.0,49.88,48.81
2024-01-16 01:20:00,33.041,20.586,0.0,59.41,53.37
2024-01-16 01:25:00,17.427,30.106,0.3145,43.98,56.15
2024-01-16 01:30:00,40.653,30.522,0.0,45.42,65.59
2024-01-16 01:35:00,36.657,30.84,0.0,38.87,60.3
2024-01-16 01:40:00,44.554,26.605,0.0,28.39,64.3
2024-01-16 01:45:00,32.428,27.009,0.0,40.34,59.89
2024-01-16 01:50:00,40.109,50.499,0.0,41.75,56.65
2024-01-16 01:55:00,32.425,36.732,0.0,36.14,46.95
2024-01-16 02:00:00,57.337,36.94,0.0,48.52,60.62
2024-01-16 02:05:00,26.356,38.311,0.0,41.17,62.49
2024-01-16 02:10:00,42.304,25.948,0.0,46.93,54.41
2024-01-16 02:15:00,29.215,30.796,0.0,65.37,42.2
2024-01-16 02:20:00,37.793,39.915,0.0,42.61,57.39
2024-01-16 02:25:00,46.638,24.67,0.267,37.39,61.4
2024-01-16 02:30:00,38.24,34.729,0.0,28.39,54.19
2024-01-16 02:35:00,36.745,32.728,0.0,56.7,51.47
2024-01-16 02:40:00,35.774,29.133,0.0,47.15,77.57
2024-01-16 02:45:00,34.168,40.054,0.0,63.99,48.33
2024-01-16 02:50:00,44.487,41.192,0.0,45.74,48.1
2024-01-16 02:55:00,30.54,30.563,0.0,38.7,61.5
2024-01-16 03:00:00,40.803,37.071,0.0,44.82,62.68
2024-01-16 03:05:00,21.067,21.849,0.0,10.53,58.0
2024-01-16 03:10:00,41.063,39.958,0.0,37.14,63.3
2024-01-16 03:15:00,24.793,38.93,0.0,57.74,57.59
2024-01-16 03:20:00,39.179,28.692,0.0,30.64,43.61
2024-01-16 03:25:00,25.096,31.518,0.0,31.29,69.15
2024-01-16 03:30:00,36.424,33.903,0.0,50.57,56.66
2024-01-16 03:35:00,20.159,30.225,0.0,43.37,42.51
2024-01-16 03:40:00,27.789,28.56,0.0,47.56,49.64
2024-01-16 03:45:00,35.237,50.521,0.0,38.4,46.38
2024-01-16 03:50:00,21.888,23.852,0.0,13.62,57.96
2024-01-16 03:55:00,33.233,38.754,0.0,41.65,42.77
2024-01-16 04:00:00,14.431,28.665,0.0,40.48,58.4
2024-01-16 04:05:00,29.835,38.185,0.0,36.43,61.77
2024-01-16 04:10:00,34.001,31.408,0.0,45.22,57.76
2024-01-16 04:15:00,34.152,29.037,0.0,29.74,45.85
2024-01-16 04:20:00,37.952,26.928,0.0,42.46,62.22
2024-01-16 04:25:00,36.567,29.084,0.0,42.99,66.42
2024-01-16 04:30:00,56.383,27.19,0.0,58.63,44.69
2024-01-16 04:35:00,32.835,28.622,0.0,35.11,50.82
2024-01-16 04:40:00,27.345,29.254,0.0,54.2,43.84
2024-01-16 04:45:00,34.443,23.625,0.0,38.51,62.72
2024-01-16 04:50:00,32.933,25.41,0.0,56.62,56.93
2024-01-16 04:55:00,33.139,32.272,0.0,61.37,67.25
2024-01-16 05:00:00,39.289,25.82,0.0,45.15,70.95
2024-01-16 05:05:00,40.924,26.264,0.0,21.18,49.17
2024-01-16 05:10:00,19.843,18.497,0.0,44.94,65.05
2024-01-16 05:15:00,44.674,34.963,0.0,38.7,60.62
2024-01-16 05:20:00,36.79,46.324,0.0,41.65,68.1
2024-01-16 05:25:00,28.341,19.796,0.0,46.03,47.05
2024-01-16 05:30:00,24.12,28.27,0.0,26.51,58.78
2024-01-16 05:35:00,34.174,27.399,0.0,38.77,61.73
2024-01-16 05:40:00,29.256,180.282,0.0,50.06,79.23
2024-01-16 05:45:00,34.776,38.538,0.3944,60.59,48.62
2024-01-16 05:50:00,30.738,29.545,0.0,27.63,55.22
2024-01-16 05:55:00,29.229,37.262,0.0,52.21,42.61
2024-01-16 06:00:00,24.821,32.319,0.0,32.05,54.38
2024-01-16 06:05:00,30.159,28.847,0.0,33.27,59.89
2024-01-16 06:10:00,34.238,40.045,0.0,56.04,64.2
2024-01-16 06:15:00,42.351,33.051,0.0,46.76,51.8
2024-01-16 06:20:00,20.451,30.724,0.0,31.52,65.23
2024-01-16 06:25:00,26.371,32.971,0.0,60.97,51.46
2024-01-16 06:30:00,37.694,33.395,0.0,54.93,54.57
2024-01-16 06:35:00,34.26,32.203,0.0,37.86,60.78
2024-01-16 06:40:00,23.415,33.96,0.0,57.27,38.73
2024-01-16 06:45:00,30.313,23.908,0.0,50.6,69.1
2024-01-16 06:50:00,34.641,26.716,0.0,33.04,64.2
2024-01-16 06:55:00,29.743,24.016,0.0,41.99,54.0
2024-01-16 07:00:00,30.031,21.919,0.0,34.52,51.49
2024-01-16 07:05:00,18.333,30.56,0.0,30.22,53.07
2024-01-16 07:10:00,39.49,34.596,0.0,23.84,57.6
2024-01-16 07:15:00,31.991,25.356,0.0,27.2,48.99
2024-01-16 07:20:00,27.702,25.17,0.0,42.6,50.75
2024-01-16 07:25:00,42.482,32.543,0.3732,20.51,66.97
2024-01-16 07:30:00,39.047,21.913,0.0,49.83,64.7
2024-01-16 07:35:00,33.405,29.564,0.0,43.39,56.41
2024-01-16 07:40:00,37.28,36.994,0.0,48.44,59.49
2024-01-16 07:45:00,52.75,32.628,0.1712,61.43,57.24
2024-01-16 07:50:00,25.321,31.879,0.0,32.27,69.05
2024-01-16 07:55:00,22.445,29.397,0.0,18.87,53.64
2024-01-16 08:00:00,99.977,55.275,0.0,55.09,47.73
2024-01-16 08:05:00,137.275,47.334,0.0,46.53,40.93
2024-01-16 08:10:00,98.383,37.135,0.0,45.72,59.48
2024-01-16 08:15:00,99.181,44.039,0.0,53.31,73.3
2024-01-16 08:20:00,132.91,42.786,0.0,38.5,68.02
2024-01-16 08:25:00,92.831,42.985,0.0,60.56,60.82
2024-01-16 08:30:00,108.839,43.261,0.0,36.53,59.49
2024-01-16 08:35:00,128.863,36.736,0.0,56.95,64.68
2024-01-16 08:40:00,118.397,36.526,0.0,34.21,64.78
2024-01-16 08:45:00,123.358,51.04,0.0,50.18,64.11
2024-01-16 08:50:00,175.329,62.109,0.0,51.25,53.88
2024-01-16 08:55:00,130.331,52.475,0.0,46.67,65.52
2024-01-16 09:00:00,94.411,36.167,0.0,43.05,51.13
2024-01-16 09:05:00,92.27,41.41,0.0,50.34,54.49
2024-01-16 09:10:00,106.937,45.814,0.0,55.5,52.23
2024-01-16 09:15:00,115.2,36.937,0.0,57.91,62.17
2024-01-16 09:20:00,99.096,36.84,0.0,57.37,58.66
2024-01-16 09:25:00,99.253,41.912,0.0,66.71,57.06
2024-01-16 09:30:00,112.871,44.705,0.0,57.77,47.2
2024-01-16 09:35:00,67.914,29.999,0.0,25.61,52.08
2024-01-16 09:40:00,122.704,42.769,0.0,52.68,52.8
2024-01-16 09:45:00,105.54,37.048,0.1886,56.07,50.88
2024-01-16 09:50:00,130.766,36.065,0.0,40.31,56.91
2024-01-16 09:55:00,65.596,29.37,0.0,63.39,57.53
2024-01-16 10:00:00,144.51,51.032,0.2013,55.31,47.76
2024-01-16 10:05:00,82.485,32.142,0.0626,29.94,55.08
2024-01-16 10:10:00,184.041,48.071,0.0,83.58,53.56
2024-01-16 10:15:00,119.036,36.16,0.0,54.66,63.9
2024-01-16 10:20:00,167.886,65.645,0.0,51.71,51.81
2024-01-16 10:25:00,136.4,42.265,0.0,59.83,52.63
2024-01-16 10:30:00,169.471,43.82,0.0,66.91,59.12
2024-01-16 10:35:00,182.865,43.6,0.0,42.41,69.45
2024-01-16 10:40:00,185.034,65.575,0.0,75.34,73.36
2024-01-16 10:45:00,160.035,49.68,0.0,60.39,46.42
2024-01-16 10:50:00,157.381,36.186,0.0,66.79,61.87
2024-01-16 10:55:00,128.634,25.543,0.0,57.64,64.28
2024-01-16 11:00:00,158.281,37.386,0.0,90.62,45.21
2024-01-16 11:05:00,148.198,49.402,0.0,75.33,58.83
2024-01-16 11:10:00,99.187,41.686,0.0,40.63,67.21
2024-01-16 11:15:00,172.833,41.593,0.0,65.2,70.31
2024-01-16 11:20:00,101.74,40.402,0.0,44.22,60.51
2024-01-16 11:25:00,638.847,98.344,0.0,99.0,56.73
2024-01-16 11:30:00,106.551,47.622,0.0,59.89,52.12
2024-01-16 11:35:00,151.893,50.264,0.0,51.49,53.01
2024-01-16 11:40:00,134.594,146.359,0.0,43.16,67.92
2024-01-16 11:45:00,158.85,50.286,0.0,74.4,66.43
2024-01-16 11:50:00,160.666,36.53,0.0,71.19,48.14
2024-01-16 11:55:00,144.152,44.257,0.427,57.11,49.07
2024-01-16 12:00:00,82.936,33.945,0.0,37.83,51.45
2024-01-16 12:05:00,178.039,49.786,0.0,75.63,53.07
2024-01-16 12:10:00,129.463,41.821,0.1918,63.7,38.36
2024-01-16 12:15:00,125.135,35.929,0.0,57.04,49.17
2024-01-16 12:20:00,135.926,55.106,0.0,51.28,48.72
2024-01-16 12:25:00,146.398,47.091,0.0,62.09,61.94
2024-01-16 12:30:00,119.877,42.424,0.0,80.95,54.2
2024-01-16 12:35:00,137.954,35.254,0.0,51.83,64.32
2024-01-16 12:40:00,465.182,72.198,0.0,99.0,65.26
2024-01-16 12:45:00,105.89,55.528,0.0,50.04,62.04
2024-01-16 12:50:00,138.315,54.016,0.3353,65.61,46.21
2024-01-16 12:55:00,165.439,51.036,0.0,51.34,57.84
2024-01-16 13:00:00,192.66,48.181,0.0,60.76,66.19
2024-01-16 13:05:00,179.216,49.428,0.0,51.28,57.42
2024-01-16 13:10:00,131.119,53.367,0.0,80.67,63.82
2024-01-16 13:15:00,154.186,51.212,0.0,75.04,59.75
2024-01-16 13:20:00,94.364,44.07,0.0,56.92,54.44
2024-01-16 13:25:00,141.885,52.585,0.0,47.47,44.51
2024-01-16 13:30:00,137.676,44.774,0.0,53.77,63.44
2024-01-16 13:35:00,144.574,36.707,0.0,63.02,57.44
2024-01-16 13:40:00,143.652,43.887,0.0,68.24,55.38
2024-01-16 13:45:00,135.566,47.55,0.0,50.09,64.8
2024-01-16 13:50:00,136.3,41.299,0.0,40.82,72.99
2024-01-16 13:55:00,120.096,32.463,0.0,50.53,79.58
2024-01-16 14:00:00,150.662,42.97,0.0,68.57,47.16
2024-01-16 14:05:00,114.692,39.493,0.0,43.75,56.31
2024-01-16 14:10:00,127.873,51.598,0.0,67.55,76.47
2024-01-16 14:15:00,108.452,44.001,0.0,57.85,61.77
2024-01-16 14:20:00,122.176,35.805,0.4422,65.37,67.94
2024-01-16 14:25:00,120.146,48.584,0.0,63.75,49.55
2024-01-16 14:30:00,152.066,40.907,0.0,46.11,57.24
2024-01-16 14:35:00,146.169,46.647,0.0,40.85,77.53
2024-01-16 14:40:00,163.569,53.436,0.0,50.16,61.25
2024-01-16 14:45:00,133.312,46.778,0.0,52.68,58.09
2024-01-16 14:50:00,139.765,43.397,0.0,69.54,55.79
2024-01-16 14:55:00,128.766,42.674,0.0,61.66,71.81
2024-01-16 15:00:00,103.544,39.863,0.0,47.81,66.01
2024-01-16 15:05:00,80.968,34.77,0.0,47.93,58.29
2024-01-16 15:10:00,94.129,30.207,0.0,56.35,61.32
2024-01-16 15:15:00,114.24,35.899,0.0,44.55,58.22
2024-01-16 15:20:00,124.225,37.9,0.0,77.52,59.75
2024-01-16 15:25:00,129.878,41.388,0.0,86.06,49.24
2024-01-16 15:30:00,123.797,48.415,0.0,53.12,58.99
2024-01-16 15:35:00,86.373,33.249,0.0,51.33,59.97
2024-01-16 15:40:00,126.907,41.225,0.0,41.41,63.29
2024-01-16 15:45:00,79.971,42.067,0.0,56.7,47.3
2024-01-16 15:50:00,94.449,35.005,0.0,59.71,45.94
2024-01-16 15:55:00,113.309,45.016,0.0,35.27,36.04
2024-01-16 16:00:00,148.825,43.32,0.0,63.42,49.06
2024-01-16 16:05:00,105.478,39.222,0.0,61.21,48.24
2024-01-16 16:10:00,96.543,40.143,0.0,38.36,56.52
2024-01-16 16:15:00,86.083,45.376,0.0,41.6,65.97
2024-01-16 16:20:00,100.073,48.24,0.0,36.64,47.99
2024-01-16 16:25:00,130.963,45.613,0.0,65.01,63.01
2024-01-16 16:30:00,97.338,36.009,0.0,33.93,48.54
2024-01-16 16:35:00,125.908,51.349,0.0,57.96,68.75
2024-01-16 16:40:00,95.844,36.228,0.0,21.72,63.64
2024-01-16 16:45:00,118.759,45.938,0.0,56.0,55.57
2024-01-16 16:50:00,136.448,47.338,0.0,70.02,64.05
2024-01-16 16:55:00,108.649,44.13,0.0,75.53,50.07
2024-01-16 17:00:00,84.736,36.676,0.0,31.04,52.3
2024-01-16 17:05:00,103.305,46.974,0.0,70.51,44.52
2024-01-16 17:10:00,144.205,33.896,0.0,66.16,64.48
2024-01-16 17:15:00,143.507,45.244,0.0,65.45,61.2
2024-01-16 17:20:00,134.835,49.335,0.0,85.07,59.61
2024-01-16 17:25:00,115.118,32.084,0.0,53.61,47.19
2024-01-16 17:30:00,147.814,50.825,0.0,76.48,62.38
2024-01-16 17:35:00,88.203,25.881,0.0,70.71,51.48
2024-01-16 17:40:00,122.375,50.553,0.0,73.64,51.31
2024-01-16 17:45:00,130.876,49.049,0.0,62.87,61.09
2024-01-16 17:50:00,105.522,43.108,0.0,56.71,50.63
2024-01-16 17:55:00,108.262,45.685,0.0,56.05,44.43
2024-01-16 18:00:00,142.004,46.419,0.0,56.74,56.95
2024-01-16 18:05:00,182.316,47.536,0.0,56.09,70.7
2024-01-16 18:10:00,115.64,39.334,0.0,57.69,58.78
2024-01-16 18:15:00,156.921,46.067,0.0,71.56,49.76
2024-01-16 18:20:00,125.809,33.667,0.0,51.72,41.35
2024-01-16 18:25:00,74.362,42.698,0.0,45.84,66.37
2024-01-16 18:30:00,147.551,45.943,0.0,54.67,57.04
2024-01-16 18:35:00,107.041,29.078,0.0,43.07,52.12
2024-01-16 18:40:00,126.735,38.43,0.0,67.17,70.62
2024-01-16 18:45:00,106.377,40.66,0.0,49.27,50.25
2024-01-16 18:50:00,89.284,29.902,0.1243,41.33,60.51
2024-01-16 18:55:00,114.378,37.481,0.0,71.11,46.98
2024-01-16 19:00:00,31.662,41.375,0.0,35.06,71.31
2024-01-16 19:05:00,21.744,30.538,0.0,40.72,64.95
2024-01-16 19:10:00,33.124,26.621,0.0,33.44,67.43
2024-01-16 19:15:00,27.844,29.857,0.0,50.0,65.67
2024-01-16 19:20:00,32.943,118.918,0.0,40.59,47.14
2024-01-16 19:25:00,33.478,44.233,0.0,24.71,59.9
2024-01-16 19:30:00,38.421,27.855,0.0,27.54,69.79
2024-01-16 19:35:00,36.651,27.795,0.0,30.66,57.54
2024-01-16 19:40:00,46.151,45.442,0.0,45.35,58.56
2024-01-16 19:45:00,29.681,34.196,0.0,36.71,38.76
2024-01-16 19:50:00,45.469,38.996,0.0,53.26,69.85
2024-01-16 19:55:00,34.297,31.974,0.0,34.65,51.39
2024-01-16 20:00:00,33.87,34.818,0.0,22.2,50.21
2024-01-16 20:05:00,29.696,24.316,0.0,48.26,48.61
2024-01-16 20:10:00,27.283,28.297,0.0,44.99,54.75
2024-01-16 20:15:00,26.502,24.002,0.0,40.33,58.45
2024-01-16 20:20:00,34.009,36.623,0.0,36.4,63.03
2024-01-16 20:25:00,25.713,28.264,0.0,43.38,68.78
2024-01-16 20:30:00,34.179,35.158,0.0,60.81,52.81
2024-01-16 20:35:00,30.573,24.418,0.0,44.38,51.16
2024-01-16 20:40:00,28.335,29.574,0.0,50.87,61.89
2024-01-16 20:45:00,23.679,19.272,0.0,32.26,59.23
2024-01-16 20:50:00,41.142,38.496,0.0,44.76,52.42
2024-01-16 20:55:00,23.703,31.791,0.0,49.32,57.84
2024-01-16 21:00:00,26.124,31.164,0.0,40.11,57.23
2024-01-16 21:05:00,161.407,50.934,0.0,61.57,53.46
2024-01-16 21:10:00,23.324,33.79,0.0,42.31,52.85
2024-01-16 21:15:00,32.383,27.94,0.0,32.84,53.18
2024-01-16 21:20:00,32.395,23.792,0.0,52.52,49.87
2024-01-16 21:25:00,20.798,27.649,0.0,32.42,55.74
2024-01-16 21:30:00,35.041,31.727,0.0,39.63,54.03
2024-01-16 21:35:00,27.329,20.441,0.0,9.02,65.44
2024-01-16 21:40:00,32.027,29.191,0.0,38.91,63.43
2024-01-16 21:45:00,50.162,22.053,0.0,72.89,43.46
2024-01-16 21:50:00,42.26,35.504,0.0,45.71,59.99
2024-01-16 21:55:00,40.952,27.318,0.0,54.3,52.54
2024-01-16 22:00:00,39.35,21.646,0.0,30.33,62.41
2024-01-16 22:05:00,30.309,31.326,0.0,28.18,60.88
2024-01-16 22:10:00,43.872,38.969,0.0,28.5,48.96
2024-01-16 22:15:00,23.722,37.77,0.1978,36.48,64.79
2024-01-16 22:20:00,40.758,24.46,0.0,7.71,73.0
2024-01-16 22:25:00,27.105,30.349,0.0,56.85,43.89
2024-01-16 22:30:00,42.299,36.618,0.0,27.67,60.75
2024-01-16 22:35:00,15.891,35.048,0.0,29.82,52.16
2024-01-16 22:40:00,25.623,40.659,0.0,41.75,62.98
2024-01-16 22:45:00,39.493,30.165,0.0,54.02,64.85
2024-01-16 22:50:00,27.523,35.9,0.0,50.05,76.8
2024-01-16 22:55:00,35.018,36.053,0.0,38.63,69.87
2024-01-16 23:00:00,13.541,28.371,0.0,30.66,78.38
2024-01-16 23:05:00,24.182,28.434,0.0,54.97,52.45
2024-01-16 23:10:00,38.554,32.669,0.0,33.65,64.3
2024-01-16 23:15:00,11.822,30.133,0.0,35.07,62.18
2024-01-16 23:20:00,27.09,25.222,0.0,31.19,64.91
2024-01-16 23:25:00,18.811,24.0,0.0,45.79,65.85
2024-01-16 23:30:00,40.271,29.192,0.0,33.43,62.37
2024-01-16 23:35:00,25.415,26.367,0.0,46.6,57.54
2024-01-16 23:40:00,29.765,28.123,0.0,61.36,67.57
2024-01-16 23:45:00,48.509,34.303,0.0,41.39,56.62
2024-01-16 23:50:00,19.13,29.602,0.0,43.58,70.69
2024-01-16 23:55:00,32.553,33.085,0.0,38.41,63.58
2024-01-17 00:00:00,28.318,44.381,0.4884,55.9,57.35
2024-01-17 00:05:00,22.505,31.683,0.0,38.55,53.36
2024-01-17 00:10:00,32.4,22.781,0.0,71.29,66.17
2024-01-17 00:15:00,41.02,38.743,0.0,35.15,56.11
2024-01-17 00:20:00,22.032,30.513,0.0,47.94,83.38
2024-01-17 00:25:00,35.677,39.478,0.0,29.0,52.46
2024-01-17 00:30:00,36.744,21.605,0.0,38.85,56.84
2024-01-17 00:35:00,44.134,33.19,0.6105,23.01,59.19
2024-01-17 00:40:00,22.093,28.418,0.0,52.35,43.68
2024-01-17 00:45:00,18.235,36.037,0.0,21.33,57.67
2024-01-17 00:50:00,53.24,21.851,0.0,49.76,45.23
2024-01-17 00:55:00,31.282,38.977,0.0,51.28,54.42
2024-01-17 01:00:00,41.843,19.287,0.0,34.84,56.33
2024-01-17 01:05:00,34.534,18.895,0.0,5.0,46.65
2024-01-17 01:10:00,27.942,32.668,0.0,51.88,62.58
2024-01-17 01:15:00,23.583,27.318,0.0,45.94,54.64
2024-01-17 01:20:00,13.435,27.245,0.0,29.31,67.68
2024-01-17 01:25:00,45.229,34.945,0.0,53.22,47.64
2024-01-17 01:30:00,44.982,45.202,0.0,49.74,43.99
2024-01-17 01:35:00,22.875,25.616,0.0,44.25,49.27
2024-01-17 01:40:00,21.707,34.077,0.4296,26.85,53.16
2024-01-17 01:45:00,14.689,31.139,0.0,49.56,55.42
2024-01-17 01:50:00,46.001,37.011,1.8968,39.85,54.93
2024-01-17 01:55:00,35.458,34.694,3.0848,20.12,71.26
2024-01-17 02:00:00,30.736,24.476,0.0,30.89,50.4
2024-01-17 02:05:00,48.495,41.984,0.0952,39.37,50.86
2024-01-17 02:10:00,37.648,35.692,0.0,18.55,61.77
2024-01-17 02:15:00,39.263,34.791,0.0,44.58,59.39
2024-01-17 02:20:00,30.24,33.946,0.0,37.04,61.82
2024-01-17 02:25:00,33.013,25.38,1.3835,85.18,69.25
2024-01-17 02:30:00,47.572,27.28,0.0,33.88,51.44
2024-01-17 02:35:00,41.091,26.955,0.0,41.76,61.13
2024-01-17 02:40:00,21.319,26.976,0.0,27.09,77.67
2024-01-17 02:45:00,32.848,37.287,0.0,33.52,50.63
2024-01-17 02:50:00,42.915,20.385,0.0,26.2,48.61
2024-01-17 02:55:00,43.621,40.446,0.0,55.58,59.98
2024-01-17 03:00:00,29.277,24.902,0.0,29.9,59.74
2024-01-17 03:05:00,39.165,26.294,0.0,41.82,64.86
2024-01-17 03:10:00,37.561,38.466,0.0,51.97,53.77
2024-01-17 03:15:00,35.817,17.144,0.0,47.33,48.56
2024-01-17 03:20:00,25.244,32.677,0.0,31.69,53.32
2024-01-17 03:25:00,33.885,24.88,0.0,69.1,57.48
2024-01-17 03:30:00,34.162,32.059,0.0,24.94,55.71
2024-01-17 03:35:00,39.17,33.555,0.0,44.78,60.71
2024-01-17 03:40:00,20.569,27.547,0.0,50.57,73.9
2024-01-17 03:45:00,44.975,29.547,0.4498,49.68,54.37
2024-01-17 03:50:00,31.888,31.473,0.0,31.34,58.21
2024-01-17 03:55:00,33.782,29.06,0.0,31.33,61.59
2024-01-17 04:00:00,22.665,29.827,0.0,30.43,54.1
2024-01-17 04:05:00,48.182,25.312,0.0,30.78,39.71
2024-01-17 04:10:00,29.307,17.402,0.0,39.97,56.39
2024-01-17 04:15:00,34.069,30.385,0.0,88.31,52.42
2024-01-17 04:20:00,43.939,27.47,0.0,27.78,52.76
2024-01-17 04:25:00,39.861,32.179,0.0,47.2,48.07
2024-01-17 04:30:00,19.16,19.938,0.0,37.59,56.92
2024-01-17 04:35:00,35.767,37.675,0.0,61.67,45.43
2024-01-17 04:40:00,30.972,27.875,0.0,8.67,68.19
2024-01-17 04:45:00,38.04,31.211,0.0,17.92,53.87
2024-01-17 04:50:00,38.309,38.412,0.0,48.22,57.39
2024-01-17 04:55:00,34.395,33.175,0.0,30.91,63.0
2024-01-17 05:00:00,38.662,32.062,0.0,39.85,50.64
2024-01-17 05:05:00,36.853,29.718,0.0,22.86,50.93
2024-01-17 05:10:00,18.599,149.781,0.0,23.97,59.08
2024-01-17 05:15:00,26.864,36.752,0.0,74.63,61.37
2024-01-17 05:20:00,36.885,30.608,0.0,44.35,63.38
2024-01-17 05:25:00,33.455,29.567,0.0,53.92,76.32
2024-01-17 05:30:00,35.269,27.132,0.375,49.38,62.06
2024-01-17 05:35:00,24.198,26.726,0.0,49.06,48.09
2024-01-17 05:40:00,32.965,35.029,0.0,46.13,49.22
2024-01-17 05:45:00,90.189,38.644,0.0,55.02,61.6
2024-01-17 05:50:00,34.485,39.373,0.0,49.54,57.78
2024-01-17 05:55:00,37.751,31.793,0.0,30.87,53.52
2024-01-17 06:00:00,23.25,39.714,0.0,26.83,58.73
2024-01-17 06:05:00,14.669,20.261,0.0,36.11,54.94
2024-01-17 06:10:00,26.664,35.329,0.0,57.47,59.91
2024-01-17 06:15:00,30.347,21.965,0.0,48.38,52.39
2024-01-17 06:20:00,50.762,34.746,0.0,13.2,63.99
2024-01-17 06:25:00,21.985,34.552,0.0,29.52,55.97
2024-01-17 06:30:00,26.624,33.279,0.0,24.16,61.26
2024-01-17 06:35:00,51.991,46.264,0.0,41.07,61.88
2024-01-17 06:40:00,31.922,33.925,0.0,38.63,65.83
2024-01-17 06:45:00,30.947,44.526,0.0,61.05,53.22
2024-01-17 06:50:00,19.818,37.561,0.0,50.44,65.01
2024-01-17 06:55:00,17.596,30.764,0.0,35.75,53.32
2024-01-17 07:00:00,38.68,32.619,0.0,57.62,59.94
2024-01-17 07:05:00,27.412,27.134,0.0,30.1,65.41
2024-01-17 07:10:00,42.04,24.191,0.0,46.97,73.39
2024-01-17 07:15:00,39.007,28.432,0.0,41.27,51.69
2024-01-17 07:20:00,30.242,28.049,0.0,24.05,58.03
2024-01-17 07:25:00,15.112,25.558,0.0,33.83,66.28
2024-01-17 07:30:00,36.563,43.69,0.0,34.02,54.47
2024-01-17 07:35:00,44.612,30.294,0.0,46.13,56.34
2024-01-17 07:40:00,30.482,28.819,0.0,45.99,48.62
2024-01-17 07:45:00,37.569,36.911,0.0,42.03,68.45
2024-01-17 07:50:00,36.777,28.076,0.0,50.03,58.56
2024-01-17 07:55:00,22.087,40.758,0.0,31.64,39.2
2024-01-17 08:00:00,122.562,32.701,0.0,77.9,76.31
2024-01-17 08:05:00,137.565,48.366,0.0,53.0,58.0
2024-01-17 08:10:00,94.949,45.05,0.0763,54.52,60.25
2024-01-17 08:15:00,112.139,48.733,0.0,62.24,49.42
2024-01-17 08:20:00,106.773,35.619,0.0,68.58,57.03
2024-01-17 08:25:00,97.001,33.76,0.0,42.25,59.25
2024-01-17 08:30:00,108.995,31.073,0.0,59.99,61.12
2024-01-17 08:35:00,125.667,48.901,0.0,61.6,43.42
2024-01-17 08:40:00,121.12,38.01,0.0,68.7,55.94
2024-01-17 08:45:00,101.726,33.93,0.0,65.9,51.06
2024-01-17 08:50:00,116.574,25.89,0.0,55.31,62.02
2024-01-17 08:55:00,152.103,47.844,0.0,56.15,38.42
2024-01-17 09:00:00,119.905,45.76,0.0,55.73,64.11
2024-01-17 09:05:00,79.866,37.875,0.0,76.5,54.75
2024-01-17 09:10:00,99.928,39.682,0.0,52.23,43.54
2024-01-17 09:15:00,85.466,36.984,0.0,50.75,70.22
2024-01-17 09:20:00,84.579,28.057,0.0,41.58,61.11
2024-01-17 09:25:00,113.736,37.637,0.0,55.7,45.92
2024-01-17 09:30:00,121.522,34.693,0.0,65.01,54.9
2024-01-17 09:35:00,97.631,47.254,0.0,56.02,67.39
2024-01-17 09:40:00,103.247,47.675,0.0,66.17,46.77
2024-01-17 09:45:00,117.505,41.843,0.0,40.82,48.86
2024-01-17 09:50:00,124.65,53.08,0.0,54.93,65.2
2024-01-17 09:55:00,87.224,35.079,0.0,29.14,69.73
2024-01-17 10:00:00,90.788,34.289,0.0,35.17,54.16
2024-01-17 10:05:00,136.477,53.381,0.0,27.84,41.75
2024-01-17 10:10:00,115.85,42.419,0.0,74.95,63.95
2024-01-17 10:15:00,135.235,38.431,0.0,64.36,37.35
2024-01-17 10:20:00,141.804,47.783,0.0,45.78,58.12
2024-01-17 10:25:00,123.326,39.67,0.0,67.92,69.15
2024-01-17 10:30:00,172.471,47.584,0.0,66.16,51.35
2024-01-17 10:35:00,180.901,46.76,0.0,47.58,58.36
2024-01-17 10:40:00,133.198,43.061,0.0,47.45,59.58
2024-01-17 10:45:00,119.125,35.596,0.0,53.94,60.69
2024-01-17 10:50:00,193.275,44.412,0.0,47.72,60.04
2024-01-17 10:55:00,116.418,39.87,0.0,45.03,57.24
2024-01-17 11:00:00,76.455,23.397,0.0,30.18,61.0
2024-01-17 11:05:00,166.282,48.223,0.0,80.24,52.29
2024-01-17 11:10:00,113.776,33.181,0.0,69.69,62.81
2024-01-17 11:15:00,180.883,62.263,0.0,89.96,60.0
2024-01-17 11:20:00,162.447,280.481,0.0,69.71,46.07
2024-01-17 11:25:00,135.29,43.693,0.0,60.76,50.74
2024-01-17 11:30:00,116.24,41.594,0.169,40.96,64.53
2024-01-17 11:35:00,94.049,35.557,0.0,71.63,67.49
2024-01-17 11:40:00,152.956,45.711,0.0,41.28,45.77
2024-01-17 11:45:00,127.585,43.188,0.0,87.87,50.7
2024-01-17 11:50:00,136.116,49.195,0.0,58.12,53.16
2024-01-17 11:55:00,164.946,51.352,0.0,68.9,56.85
2024-01-17 12:00:00,148.391,39.261,0.0,62.43,60.65
2024-01-17 12:05:00,158.166,50.07,0.0,48.11,53.8
2024-01-17 12:10:00,180.371,53.402,0.0,86.61,72.33
2024-01-17 12:15:00,89.874,45.729,0.0,69.26,52.17
2024-01-17 12:20:00,134.454,40.794,0.0,41.44,53.13
2024-01-17 12:25:00,155.036,47.606,0.0,42.4,59.73
2024-01-17 12:30:00,120.7,48.574,0.4968,45.81,54.84
2024-01-17 12:35:00,117.213,46.842,0.0822,73.39,73.16
2024-01-17 12:40:00,109.807,46.106,0.0,61.65,47.68
2024-01-17 12:45:00,87.304,52.191,0.0,56.15,60.49
2024-01-17 12:50:00,133.513,53.672,0.0,75.64,66.91
2024-01-17 12:55:00,159.94,41.775,0.0,52.63,66.02
2024-01-17 13:00:00,119.299,34.234,0.0,35.92,48.7
2024-01-17 13:05:00,122.677,39.474,0.0,49.62,53.4
2024-01-17 13:10:00,170.515,47.464,0.0,75.43,65.04
2024-01-17 13:15:00,187.522,49.559,0.0,41.51,48.95
2024-01-17 13:20:00,196.101,53.117,0.0,60.54,51.15
2024-01-17 13:25:00,158.97,42.553,0.0,64.13,53.8
2024-01-17 13:30:00,109.337,43.009,0.0,65.17,57.25
2024-01-17 13:35:00,139.963,37.779,0.0,52.19,62.99
2024-01-17 13:40:00,85.748,42.129,0.0,46.84,63.0
2024-01-17 13:45:00,174.282,53.438,3.6167,61.13,57.0
2024-01-17 13:50:00,152.694,47.853,0.0,58.78,54.83
2024-01-17 13:55:00,148.598,43.79,0.0,55.85,53.64
2024-01-17 14:00:00,171.398,41.773,0.0,84.33,55.98
2024-01-17 14:05:00,175.631,62.142,0.0,86.48,50.96
2024-01-17 14:10:00,98.505,41.636,0.0,26.61,41.54
2024-01-17 14:15:00,147.528,48.629,0.0,72.13,51.39
2024-01-17 14:20:00,138.244,40.853,0.0,63.07,67.13
2024-01-17 14:25:00,116.802,32.116,0.0,35.8,51.84
2024-01-17 14:30:00,75.468,39.523,0.2836,43.28,54.87
2024-01-17 14:35:00,147.664,43.884,0.3408,29.32,66.76
2024-01-17 14:40:00,131.756,51.391,0.0,50.69,62.7
2024-01-17 14:45:00,146.744,40.323,0.0,86.05,50.37
2024-01-17 14:50:00,125.842,40.065,0.0,63.69,53.76
2024-01-17 14:55:00,128.614,43.572,0.0,51.18,53.55
2024-01-17 15:00:00,97.635,45.7,0.0,51.07,66.6
2024-01-17 15:05:00,130.54,52.227,0.0,72.83,47.85
2024-01-17 15:10:00,104.578,44.337,0.0,58.11,56.72
2024-01-17 15:15:00,46.095,43.68,0.3531,31.66,49.56
2024-01-17 15:20:00,85.558,34.994,0.0,51.63,54.19
2024-01-17 15:25:00,133.785,46.65,0.0,53.87,67.92
2024-01-17 15:30:00,85.542,38.049,0.0,40.25,46.5
2024-01-17 15:35:00,108.904,42.03,0.0,54.85,57.59
2024-01-17 15:40:00,129.573,54.599,0.0,64.19,62.4
2024-01-17 15:45:00,121.369,38.887,0.0,74.48,52.53
2024-01-17 15:50:00,93.586,37.807,0.0,54.95,66.04
2024-01-17 15:55:00,124.282,49.289,0.0,47.9,58.31
2024-01-17 16:00:00,97.065,42.18,0.0,48.63,68.15
2024-01-17 16:05:00,120.181,45.311,0.0,39.86,68.1
2024-01-17 16:10:00,96.625,44.317,0.0,33.62,71.72
2024-01-17 16:15:00,115.101,29.986,0.0,64.28,61.92
2024-01-17 16:20:00,69.126,21.521,0.0,38.07,52.44
2024-01-17 16:25:00,113.949,35.818,0.0,55.24,68.67
2024-01-17 16:30:00,144.881,40.563,0.0,76.78,66.49
2024-01-17 16:35:00,123.531,36.065,0.0,59.22,51.5
2024-01-17 16:40:00,150.13,53.031,0.0,94.22,52.86
2024-01-17 16:45:00,138.582,30.299,0.0,57.79,58.17
2024-01-17 16:50:00,151.199,51.719,0.0,45.34,51.55
2024-01-17 16:55:00,133.714,53.331,0.0,56.13,64.85
2024-01-17 17:00:00,89.75,43.83,0.3717,47.28,69.22
2024-01-17 17:05:00,85.414,36.388,0.0,58.86,47.42
2024-01-17 17:10:00,62.78,33.448,0.0,57.46,66.48
2024-01-17 17:15:00,151.791,44.085,0.0,30.38,62.64
2024-01-17 17:20:00,120.134,31.577,0.0,59.21,63.64
2024-01-17 17:25:00,372.594,75.344,0.0,85.25,58.34
2024-01-17 17:30:00,90.535,45.758,0.0,40.54,57.28
2024-01-17 17:35:00,106.027,43.207,0.0,55.08,55.96
2024-01-17 17:40:00,55.86,23.384,0.0,24.67,48.37
2024-01-17 17:45:00,91.004,39.756,0.1816,41.77,58.95
2024-01-17 17:50:00,93.275,38.952,0.0,52.72,40.08
2024-01-17 17:55:00,103.033,49.212,0.0,46.08,64.82
2024-01-17 18:00:00,75.608,37.526,0.0,60.45,59.49
2024-01-17 18:05:00,133.568,42.865,0.1084,94.6,47.84
2024-01-17 18:10:00,124.098,43.604,0.0,60.57,53.79
2024-01-17 18:15:00,86.433,36.509,0.0,39.68,47.23
2024-01-17 18:20:00,112.529,54.172,0.0,34.49,56.09
2024-01-17 18:25:00,110.271,44.257,0.0,27.66,41.16
2024-01-17 18:30:00,76.731,44.564,0.0,37.92,45.76
2024-01-17 18:35:00,130.059,34.456,0.0,75.26,56.31
2024-01-17 18:40:00,75.042,33.334,0.0,48.9,53.46
2024-01-17 18:45:00,138.529,38.817,0.0,60.84,66.69
2024-01-17 18:50:00,65.036,26.734,0.0,52.85,48.33
2024-01-17 18:55:00,96.588,32.011,0.0779,57.82,73.7
2024-01-17 19:00:00,22.071,30.13,0.0,25.25,54.71
2024-01-17 19:05:00,31.274,35.239,0.0,33.12,50.7
2024-01-17 19:10:00,26.078,25.211,0.0,46.12,57.68
2024-01-17 19:15:00,28.817,34.283,0.0,39.74,69.61
2024-01-17 19:20:00,27.405,25.321,0.0,35.94,62.27
2024-01-17 19:25:00,42.803,27.165,0.4898,66.5,65.45
2024-01-17 19:30:00,22.585,27.353,0.0,55.49,67.78
2024-01-17 19:35:00,28.301,15.633,0.2402,50.4,63.6
2024-01-17 19:40:00,21.449,38.309,0.0,31.51,67.68
2024-01-17 19:45:00,26.227,21.546,0.0,38.01,74.58
2024-01-17 19:50:00,17.949,29.254,0.0,30.3,48.17
2024-01-17 19:55:00,30.585,45.174,0.0,36.29,59.1
2024-01-17 20:00:00,13.787,22.704,0.0,44.26,51.88
2024-01-17 20:05:00,36.821,26.59,0.0,29.17,67.38
2024-01-17 20:10:00,24.069,31.616,0.0,45.34,68.7
2024-01-17 20:15:00,42.408,41.624,0.0,59.54,62.78
2024-01-17 20:20:00,19.895,32.088,0.0,28.33,66.04
2024-01-17 20:25:00,35.293,31.38,0.0,52.82,63.74
2024-01-17 20:30:00,18.589,32.171,0.0,32.85,64.39
2024-01-17 20:35:00,30.905,28.007,0.0,44.88,58.18
2024-01-17 20:40:00,28.572,38.439,0.0,39.18,47.69
2024-01-17 20:45:00,26.84,29.754,0.0,24.2,78.79
2024-01-17 20:50:00,14.989,29.895,0.0,31.85,64.76
2024-01-17 20:55:00,49.299,36.94,0.0,53.24,59.97
2024-01-17 21:00:00,32.167,34.943,0.0,34.37,50.91
2024-01-17 21:05:00,21.337,25.087,0.0,26.14,58.51
2024-01-17 21:10:00,48.417,34.397,0.0,86.44,47.05
2024-01-17 21:15:00,42.215,30.361,0.0,30.0,64.16
2024-01-17 21:20:00,40.54,29.513,0.0,53.57,41.25
2024-01-17 21:25:00,15.424,30.926,0.0,42.02,74.59
2024-01-17 21:30:00,25.944,27.003,0.0,43.87,65.41
2024-01-17 21:35:00,27.534,31.314,0.0,46.07,50.63
2024-01-17 21:40:00,20.587,25.985,0.0,31.4,54.63
2024-01-17 21:45:00,24.627,25.422,0.0,30.2,53.93
2024-01-17 21:50:00,35.006,27.941,0.0,30.99,60.57
2024-01-17 21:55:00,36.791,29.274,0.3406,50.41,56.36
2024-01-17 22:00:00,32.941,37.328,0.0,35.6,60.08
2024-01-17 22:05:00,29.85,26.782,2.2447,49.81,32.18
2024-01-17 22:10:00,30.311,39.648,0.0,30.11,60.17
2024-01-17 22:15:00,16.693,25.664,0.0,36.22,63.45
2024-01-17 22:20:00,39.161,44.404,0.0,56.67,61.89
2024-01-17 22:25:00,18.226,30.894,0.0,25.89,53.08
2024-01-17 22:30:00,21.569,32.579,0.0,34.66,60.0
2024-01-17 22:35:00,34.751,37.428,0.0,52.45,50.27
2024-01-17 22:40:00,24.733,38.501,0.0,32.78,54.13
2024-01-17 22:45:00,26.335,33.942,0.0,47.2,61.65
2024-01-17 22:50:00,26.949,49.459,0.0,55.82,58.56
2024-01-17 22:55:00,55.584,35.781,0.0,51.54,62.12
2024-01-17 23:00:00,18.987,25.071,0.0,30.26,54.58
2024-01-17 23:05:00,34.963,34.091,0.0,60.33,53.85
2024-01-17 23:10:00,32.595,32.679,0.3355,67.4,68.19
2024-01-17 23:15:00,16.78,28.556,0.0,45.54,79.89
2024-01-17 23:20:00,26.924,31.151,0.4152,30.38,61.73
2024-01-17 23:25:00,52.091,26.988,0.2288,63.1,59.48
2024-01-17 23:30:00,31.406,27.759,0.0,49.36,53.34
2024-01-17 23:35:00,35.535,23.072,0.0,57.64,73.06
2024-01-17 23:40:00,36.913,24.057,0.0,56.31,54.2
2024-01-17 23:45:00,38.001,20.05,0.0,33.47,44.64
2024-01-17 23:50:00,34.292,33.443,0.0,32.52,64.84
2024-01-17 23:55:00,45.095,33.379,0.0,41.74,63.08
2024-01-18 00:00:00,41.041,30.473,0.0,58.36,48.53
2024-01-18 00:05:00,28.202,37.175,0.0,32.41,66.67
2024-01-18 00:10:00,39.645,34.031,0.0,49.09,57.07
2024-01-18 00:15:00,22.337,31.667,0.0,25.74,74.76
2024-01-18 00:20:00,51.61,36.742,0.3947,37.78,54.12
2024-01-18 00:25:00,38.262,29.684,0.0,18.62,56.48
2024-01-18 00:30:00,35.222,18.858,0.0,27.35,57.94
2024-01-18 00:35:00,35.983,32.034,0.0,30.12,52.67
2024-01-18 00:40:00,29.457,29.829,0.0,27.38,72.81
2024-01-18 00:45:00,31.848,35.126,0.0,45.63,64.79
2024-01-18 00:50:00,21.267,28.997,0.2366,25.77,41.77
2024-01-18 00:55:00,32.451,39.102,0.0,16.37,67.51
2024-01-18 01:00:00,37.56,42.349,0.0,37.19,69.72
2024-01-18 01:05:00,18.685,38.813,0.0,31.7,66.92
2024-01-18 01:10:00,34.078,21.852,0.0,39.93,59.9
2024-01-18 01:15:00,41.166,48.353,0.0,54.66,62.22
2024-01-18 01:20:00,40.768,33.084,0.0,51.57,58.87
2024-01-18 01:25:00,18.01,39.019,0.0,52.43,57.0
2024-01-18 01:30:00,31.383,35.483,0.0,68.06,57.78
2024-01-18 01:35:00,38.432,39.533,0.0,53.04,59.36
2024-01-18 01:40:00,23.866,29.78,0.0,22.49,54.73
2024-01-18 01:45:00,47.548,33.625,0.0,57.13,58.09
2024-01-18 01:50:00,14.383,35.712,0.0,57.34,54.54
2024-01-18 01:55:00,29.403,35.718,0.0,50.6,58.14
2024-01-18 02:00:00,37.444,29.258,0.0,5.0,63.51
2024-01-18 02:05:00,35.527,31.197,0.0,54.18,62.18
2024-01-18 02:10:00,31.319,38.185,0.0,52.54,73.51
2024-01-18 02:15:00,24.724,32.796,0.0,51.13,63.67
2024-01-18 02:20:00,41.726,33.073,0.0,23.4,64.47
2024-01-18 02:25:00,23.386,40.187,0.1108,33.01,55.62
2024-01-18 02:30:00,34.316,34.901,0.0,24.17,60.21
2024-01-18 02:35:00,66.735,27.523,0.0,43.77,51.56
2024-01-18 02:40:00,29.037,33.744,0.0,24.98,52.37
2024-01-18 02:45:00,14.894,27.929,0.0,37.56,62.22
2024-01-18 02:50:00,30.481,31.751,0.0,30.84,47.01
2024-01-18 02:55:00,16.358,32.033,0.0,25.47,57.72
2024-01-18 03:00:00,37.493,35.75,0.0,35.03,74.25
2024-01-18 03:05:00,32.645,33.771,0.0,38.14,54.59
2024-01-18 03:10:00,26.732,35.66,0.0,32.03,37.32
2024-01-18 03:15:00,33.422,35.546,0.0,28.49,58.07
2024-01-18 03:20:00,29.89,24.641,0.0,22.46,69.36
2024-01-18 03:25:00,23.969,33.085,0.0,47.42,50.27
2024-01-18 03:30:00,25.45,29.216,0.0,42.65,75.18
2024-01-18 03:35:00,43.869,29.072,0.0,24.54,62.38
2024-01-18 03:40:00,39.358,36.797,0.0,37.0,38.82
2024-01-18 03:45:00,23.308,28.643,0.0,30.95,60.65
2024-01-18 03:50:00,47.184,23.997,0.0,43.81,41.43
2024-01-18 03:55:00,30.069,29.999,0.0,48.1,60.36
2024-01-18 04:00:00,24.504,29.316,0.0,31.13,63.4
2024-01-18 04:05:00,40.798,32.987,0.1122,45.66,56.09
2024-01-18 04:10:00,26.702,40.843,0.0,54.17,62.63
2024-01-18 04:15:00,18.175,17.721,0.0,39.15,71.11
2024-01-18 04:20:00,40.534,42.17,0.0,48.99,68.16
2024-01-18 04:25:00,28.242,33.2,0.0,48.01,82.04
2024-01-18 04:30:00,43.85,38.333,0.0,38.76,61.71
2024-01-18 04:35:00,31.77,35.036,0.0,9.76,76.39
2024-01-18 04:40:00,43.644,38.978,0.0,38.08,40.01
2024-01-18 04:45:00,22.14,35.105,2.6359,21.42,54.92
2024-01-18 04:50:00,41.668,34.569,0.0,46.4,66.06
2024-01-18 04:55:00,45.931,43.817,0.0,35.37,57.27
2024-01-18 05:00:00,51.3,39.625,0.0,42.75,69.91
2024-01-18 05:05:00,29.543,30.57,0.0,47.73,48.02
2024-01-18 05:10:00,18.28,36.174,0.0,43.48,60.88
2024-01-18 05:15:00,166.344,51.419,0.0,55.84,53.05
2024-01-18 05:20:00,24.819,28.684,0.0,22.87,40.88
2024-01-18 05:25:00,33.293,32.28,0.0,48.52,54.87
2024-01-18 05:30:00,34.591,25.446,0.0,31.61,60.3
2024-01-18 05:35:00,36.439,28.432,0.0,45.16,56.14
2024-01-18 05:40:00,43.139,24.286,0.0,33.31,53.62
2024-01-18 05:45:00,34.803,38.763,0.0,55.63,58.36
2024-01-18 05:50:00,42.469,35.996,0.0,30.89,66.89
2024-01-18 05:55:00,32.029,38.09,0.0,41.52,64.95
2024-01-18 06:00:00,27.59,37.848,0.0,32.18,52.06
2024-01-18 06:05:00,28.257,34.555,0.0,41.78,66.81
2024-01-18 06:10:00,31.077,25.794,0.0,35.56,64.72
2024-01-18 06:15:00,47.376,22.714,0.0,31.17,58.55
2024-01-18 06:20:00,29.798,32.006,0.0,33.52,63.62
2024-01-18 06:25:00,32.644,24.954,0.0,48.47,52.65
2024-01-18 06:30:00,35.437,28.588,0.0,32.7,49.47
2024-01-18 06:35:00,40.643,42.574,0.0,32.5,59.17
2024-01-18 06:40:00,25.656,23.032,0.0,39.41,56.53
2024-01-18 06:45:00,36.029,38.357,7.4005,26.33,61.8
2024-01-18 06:50:00,40.879,28.7,0.0,50.77,65.44
2024-01-18 06:55:00,34.145,37.603,0.0,50.74,65.63
2024-01-18 07:00:00,27.158,51.898,0.0,11.43,61.47
2024-01-18 07:05:00,15.068,29.546,0.0,42.04,34.15
2024-01-18 07:10:00,22.241,36.926,0.0,25.37,51.7
2024-01-18 07:15:00,33.851,42.588,0.0,45.9,63.29
2024-01-18 07:20:00,26.146,27.345,0.0,14.25,54.35
2024-01-18 07:25:00,25.599,34.003,0.0,41.07,57.32
2024-01-18 07:30:00,26.289,32.7,0.0,40.54,64.67
2024-01-18 07:35:00,37.469,36.706,0.2182,33.96,57.13
2024-01-18 07:40:00,24.267,35.157,0.0,29.88,54.61
2024-01-18 07:45:00,33.7,34.915,0.0,24.82,66.16
2024-01-18 07:50:00,44.731,27.02,0.0,65.98,57.92
2024-01-18 07:55:00,30.546,34.575,0.0,34.22,58.88
2024-01-18 08:00:00,92.795,42.811,0.0,59.65,51.61
2024-01-18 08:05:00,94.823,27.83,0.0,39.84,54.03
2024-01-18 08:10:00,102.926,35.018,0.0,52.68,61.32
2024-01-18 08:15:00,126.071,50.249,0.0,31.89,52.62
2024-01-18 08:20:00,144.685,44.607,0.0,71.63,59.6
2024-01-18 08:25:00,121.998,45.26,0.0,55.57,49.68
2024-01-18 08:30:00,106.535,48.327,0.0,27.49,49.95
2024-01-18 08:35:00,68.722,35.296,0.0,27.8,45.58
2024-01-18 08:40:00,158.618,50.486,0.0,59.08,58.56
2024-01-18 08:45:00,139.143,52.919,0.0,50.12,62.82
2024-01-18 08:50:00,102.241,39.55,0.0,73.71,45.0
2024-01-18 08:55:00,124.006,42.225,0.0,50.62,72.88
2024-01-18 09:00:00,93.447,42.131,0.0,45.88,61.38
2024-01-18 09:05:00,76.562,32.058,0.0,53.97,51.39
2024-01-18 09:10:00,80.863,43.555,0.0,49.37,67.11
2024-01-18 09:15:00,110.936,33.766,0.0,57.87,65.91
2024-01-18 09:20:00,118.059,24.583,0.0,59.11,43.51
2024-01-18 09:25:00,85.554,38.982,0.0,58.16,52.94
2024-01-18 09:30:00,147.754,44.84,0.0,65.79,56.76
2024-01-18 09:35:00,97.455,31.298,0.0,73.15,47.35
2024-01-18 09:40:00,94.682,39.79,0.0,51.05,69.31
2024-01-18 09:45:00,116.314,51.447,0.0,48.47,47.05
2024-01-18 09:50:00,83.529,31.548,0.0,62.88,63.42
2024-01-18 09:55:00,108.963,34.794,0.0,63.54,61.63
2024-01-18 10:00:00,93.85,40.38,0.2532,42.16,46.24
2024-01-18 10:05:00,129.604,43.263,0.0,63.05,73.72
2024-01-18 10:10:00,176.098,43.226,0.0,93.17,54.23
2024-01-18 10:15:00,110.664,44.181,0.0,42.42,53.91
2024-01-18 10:20:00,89.615,40.427,0.0,57.25,60.43
2024-01-18 10:25:00,90.742,36.02,0.0,58.13,62.1
2024-01-18 10:30:00,124.923,44.472,0.0,90.74,61.09
2024-01-18 10:35:00,116.331,34.623,0.0,51.71,55.37
2024-01-18 10:40:00,72.44,30.233,0.0,48.37,60.44
2024-01-18 10:45:00,90.235,29.275,0.0,53.82,56.43
2024-01-18 10:50:00,92.066,39.04,0.0,71.73,61.68
2024-01-18 10:55:00,127.352,205.724,0.0,62.42,60.51
2024-01-18 11:00:00,98.994,42.441,0.0,54.59,54.24
2024-01-18 11:05:00,88.234,30.912,0.0,59.13,56.95
2024-01-18 11:10:00,101.47,42.654,0.0,54.1,61.13
2024-01-18 11:15:00,97.146,32.002,0.0,44.97,57.71
2024-01-18 11:20:00,87.642,37.638,0.0,32.26,57.36
2024-01-18 11:25:00,124.353,47.996,0.0,72.38,51.03
2024-01-18 11:30:00,93.186,33.137,0.0,45.42,47.89
2024-01-18 11:35:00,137.877,38.931,0.0,34.13,72.39
2024-01-18 11:40:00,101.047,31.915,0.0,45.72,63.7
2024-01-18 11:45:00,84.48,35.056,0.0,22.33,47.76
2024-01-18 11:50:00,140.581,53.183,0.0,61.77,45.7
2024-01-18 11:55:00,105.722,45.514,0.0,51.1,50.18
2024-01-18 12:00:00,107.984,37.516,0.0,37.34,68.66
2024-01-18 12:05:00,118.335,43.969,0.0,54.85,68.1
2024-01-18 12:10:00,133.134,40.479,0.0,70.29,54.08
2024-01-18 12:15:00,73.105,42.093,0.0,49.02,48.55
2024-01-18 12:20:00,82.333,35.455,0.0,55.14,56.7
2024-01-18 12:25:00,104.084,49.665,0.0,47.73,73.0
2024-01-18 12:30:00,108.014,37.584,0.0,49.43,61.77
2024-01-18 12:35:00,111.994,48.753,0.0,62.67,57.45
2024-01-18 12:40:00,114.412,36.803,0.0,32.07,55.88
2024-01-18 12:45:00,72.135,46.303,0.0,42.49,64.37
2024-01-18 12:50:00,128.358,50.656,0.0,48.89,44.39
2024-01-18 12:55:00,105.456,38.594,0.0,77.31,59.8
2024-01-18 13:00:00,123.4,30.142,0.0,74.11,70.91
2024-01-18 13:05:00,122.103,42.277,0.0,50.2,60.35
2024-01-18 13:10:00,105.95,36.51,0.0,71.46,57.41
2024-01-18 13:15:00,98.377,48.682,0.0,58.14,53.66
2024-01-18 13:20:00,107.186,38.854,0.0,45.73,62.15
2024-01-18 13:25:00,96.774,48.316,0.0,59.52,55.04
2024-01-18 13:30:00,109.682,36.628,0.0,73.09,69.28
2024-01-18 13:35:00,116.826,47.662,0.0,65.53,59.39
2024-01-18 13:40:00,79.083,35.912,0.0,34.4,72.57
2024-01-18 13:45:00,128.665,42.747,0.0,34.72,67.3
2024-01-18 13:50:00,129.307,43.487,0.0,57.32,60.8
2024-01-18 13:55:00,84.292,32.023,0.0,69.88,54.26
2024-01-18 14:00:00,142.547,35.26,0.0,85.8,47.01
2024-01-18 14:05:00,79.897,41.63,0.2727,19.16,62.41
2024-01-18 14:10:00,114.843,41.419,0.0,65.59,54.29
2024-01-18 14:15:00,88.469,40.562,0.0,70.11,57.2
2024-01-18 14:20:00,130.4,42.891,0.0,60.76,76.15
2024-01-18 14:25:00,116.927,33.026,0.0,66.46,65.56
2024-01-18 14:30:00,93.828,48.513,0.0,39.57,59.25
2024-01-18 14:35:00,116.172,42.711,0.0,66.79,39.55
2024-01-18 14:40:00,147.279,49.746,0.0,48.51,60.04
2024-01-18 14:45:00,111.506,36.217,0.0,69.53,63.72
2024-01-18 14:50:00,82.852,36.314,0.0,57.81,57.94
2024-01-18 14:55:00,132.347,27.962,0.0,56.64,55.0
2024-01-18 15:00:00,151.909,47.273,0.0,57.36,60.59
2024-01-18 15:05:00,104.468,44.875,0.0,57.17,66.24
2024-01-18 15:10:00,111.285,31.982,0.0,55.93,52.43
2024-01-18 15:15:00,97.312,38.778,0.0,54.4,58.92
2024-01-18 15:20:00,82.725,31.252,0.0,41.84,49.05
2024-01-18 15:25:00,112.594,42.209,0.0,59.57,51.49
2024-01-18 15:30:00,123.245,48.353,6.3243,58.28,56.04
2024-01-18 15:35:00,87.533,39.038,0.0,44.96,66.25
2024-01-18 15:40:00,131.338,48.708,0.0,50.9,51.41
2024-01-18 15:45:00,64.14,37.278,0.0,30.94,69.13
2024-01-18 15:50:00,97.436,41.052,0.0,55.14,70.64
2024-01-18 15:55:00,143.531,37.33,0.0,56.39,58.17
2024-01-18 16:00:00,122.943,51.408,0.0,49.41,41.41
2024-01-18 16:05:00,142.314,49.915,0.0,60.75,58.46
2024-01-18 16:10:00,130.992,37.207,0.0,70.98,58.27
2024-01-18 16:15:00,132.243,43.459,0.0,50.86,58.53
2024-01-18 16:20:00,128.988,42.431,0.0,36.06,44.53
2024-01-18 16:25:00,102.881,41.849,0.0,47.72,57.56
2024-01-18 16:30:00,89.805,42.838,0.0,50.64,48.65
2024-01-18 16:35:00,103.634,53.965,0.0,64.1,66.37
2024-01-18 16:40:00,113.378,55.24,0.0,82.41,69.3
2024-01-18 16:45:00,145.32,41.651,0.1446,61.69,60.0
2024-01-18 16:50:00,122.054,46.175,0.0,43.89,50.88
2024-01-18 16:55:00,94.185,39.811,0.0,79.72,55.79
2024-01-18 17:00:00,97.279,46.602,0.0,55.99,65.98
2024-01-18 17:05:00,131.271,49.233,0.0,72.25,47.89
2024-01-18 17:10:00,127.763,40.486,0.0,68.83,71.84
2024-01-18 17:15:00,123.064,50.607,0.0,53.51,70.77
2024-01-18 17:20:00,95.633,34.513,0.0,51.68,48.84
2024-01-18 17:25:00,80.284,41.979,0.0,33.62,58.04
2024-01-18 17:30:00,107.667,37.401,0.0,53.01,61.28
2024-01-18 17:35:00,132.779,47.695,0.0,73.76,57.71
2024-01-18 17:40:00,56.096,33.505,0.0,25.37,66.84
2024-01-18 17:45:00,137.513,48.797,0.0,61.87,61.38
2024-01-18 17:50:00,113.273,44.559,0.0,53.3,56.34
2024-01-18 17:55:00,142.413,40.609,0.0,60.22,52.73
2024-01-18 18:00:00,131.762,39.643,0.0,39.71,55.07
2024-01-18 18:05:00,121.652,46.767,0.0,42.44,54.07
2024-01-18 18:10:00,89.284,37.428,0.0,38.45,67.56
2024-01-18 18:15:00,93.118,41.514,0.0,56.52,61.59
2024-01-18 18:20:00,79.17,35.047,0.0,43.63,47.69
2024-01-18 18:25:00,67.712,45.142,0.0,52.64,50.52
2024-01-18 18:30:00,89.034,44.866,0.0,45.33,64.53
2024-01-18 18:35:00,115.531,48.413,0.0,43.4,83.8
2024-01-18 18:40:00,150.359,47.788,0.0,66.49,43.97
2024-01-18 18:45:00,86.197,32.588,0.0,53.23,55.7
2024-01-18 18:50:00,99.853,27.163,0.0,59.09,49.22
2024-01-18 18:55:00,85.604,33.823,0.0,62.98,67.56
2024-01-18 19:00:00,30.52,39.016,0.0,53.7,60.63
2024-01-18 19:05:00,30.299,39.185,0.0,89.56,59.2
2024-01-18 19:10:00,36.536,27.832,0.0,24.56,56.83
2024-01-18 19:15:00,27.957,43.059,0.0,39.26,63.8
2024-01-18 19:20:00,29.093,36.179,0.0,55.45,53.82
2024-01-18 19:25:00,28.09,30.536,0.0,42.43,51.56
2024-01-18 19:30:00,40.951,45.428,0.0,55.19,64.83
2024-01-18 19:35:00,20.012,31.831,0.0,33.07,45.46
2024-01-18 19:40:00,46.282,24.4,0.0,31.87,67.59
2024-01-18 19:45:00,64.089,49.405,0.0,48.18,62.33
2024-01-18 19:50:00,40.064,33.265,0.0,45.83,76.99
2024-01-18 19:55:00,27.848,34.839,0.0,54.92,42.8
2024-01-18 20:00:00,25.42,33.642,0.0,42.81,73.56
2024-01-18 20:05:00,28.683,28.892,0.0,45.61,52.88
2024-01-18 20:10:00,33.885,35.855,0.0,56.46,61.54
2024-01-18 20:15:00,28.49,21.52,0.0,29.36,44.18
2024-01-18 20:20:00,31.872,43.888,0.0,39.51,56.25
2024-01-18 20:25:00,39.045,33.118,0.0,17.15,56.19
2024-01-18 20:30:00,51.235,34.214,0.0,55.28,75.06
2024-01-18 20:35:00,25.059,32.773,0.0,47.97,74.17
2024-01-18 20:40:00,35.663,26.282,0.0,44.7,47.4
2024-01-18 20:45:00,40.644,27.973,0.0,19.1,64.33
2024-01-18 20:50:00,24.184,36.297,0.0,34.56,64.43
2024-01-18 20:55:00,14.425,30.666,0.0,43.9,60.08
2024-01-18 21:00:00,36.003,35.585,0.0,56.75,67.84
2024-01-18 21:05:00,38.935,28.089,0.0,41.93,56.61
2024-01-18 21:10:00,30.522,32.073,0.0,39.45,59.16
2024-01-18 21:15:00,49.686,36.785,0.0,45.59,81.34
2024-01-18 21:20:00,31.485,33.006,0.0,46.09,66.71
2024-01-18 21:25:00,39.835,26.463,0.0,24.36,57.01
2024-01-18 21:30:00,34.516,35.984,0.0,47.88,42.3
2024-01-18 21:35:00,37.706,31.267,0.0,30.82,63.5
2024-01-18 21:40:00,35.056,35.863,3.6066,38.61,53.85
2024-01-18 21:45:00,30.665,31.862,0.0,33.58,59.54
2024-01-18 21:50:00,38.328,31.132,0.0,51.72,71.54
2024-01-18 21:55:00,34.646,22.697,0.0,30.98,57.29
2024-01-18 22:00:00,38.764,38.078,0.0,34.09,53.6
2024-01-18 22:05:00,42.798,28.308,0.0,33.25,70.23
2024-01-18 22:10:00,39.976,31.728,0.0,35.65,66.21
2024-01-18 22:15:00,27.824,36.355,0.0,42.82,47.9
2024-01-18 22:20:00,22.94,21.612,0.0,44.22,46.85
2024-01-18 22:25:00,24.864,27.752,0.0,36.81,59.33
2024-01-18 22:30:00,46.02,35.494,0.0,30.6,57.92
2024-01-18 22:35:00,21.644,31.033,0.0,52.69,53.68
2024-01-18 22:40:00,30.661,40.452,0.0,60.22,49.03
2024-01-18 22:45:00,45.914,34.773,0.0,47.88,57.25
2024-01-18 22:50:00,33.519,32.67,0.0,21.25,59.61
2024-01-18 22:55:00,44.097,34.268,0.3675,38.43,66.98
2024-01-18 23:00:00,42.494,30.349,0.0,39.95,62.51
2024-01-18 23:05:00,36.812,35.779,0.0,37.85,43.21
2024-01-18 23:10:00,37.801,33.509,0.0,50.72,59.05
2024-01-18 23:15:00,29.278,31.115,0.0,63.91,42.27
2024-01-18 23:20:00,34.981,28.218,0.0,42.42,51.83
2024-01-18 23:25:00,40.288,30.302,0.0,40.56,58.43
2024-01-18 23:30:00,41.111,27.346,0.304,26.5,54.53
2024-01-18 23:35:00,34.184,42.299,0.0,36.03,61.82
2024-01-18 23:40:00,39.425,35.073,0.0,32.53,56.63
2024-01-18 23:45:00,38.298,30.671,0.0,43.95,56.79
2024-01-18 23:50:00,38.807,32.285,0.0,43.88,47.3
2024-01-18 23:55:00,30.703,38.651,0.0,34.28,57.89
2024-01-19 00:00:00,40.954,36.827,0.0,58.73,69.11
2024-01-19 00:05:00,45.304,30.794,0.0,51.87,53.72
2024-01-19 00:10:00,27.884,27.487,0.0,60.58,52.67
2024-01-19 00:15:00,16.068,43.525,0.0,32.54,65.98
2024-01-19 00:20:00,20.175,24.175,0.0,19.03,52.01
2024-01-19 00:25:00,13.374,27.256,0.0,63.98,51.81
2024-01-19 00:30:00,40.032,36.484,0.0,54.79,61.67
2024-01-19 00:35:00,18.698,35.639,0.0,36.73,63.11
2024-01-19 00:40:00,27.957,38.939,0.0,59.21,55.0
2024-01-19 00:45:00,26.481,19.501,0.0,39.28,62.37
2024-01-19 00:50:00,40.235,37.136,0.0,54.98,57.54
2024-01-19 00:55:00,46.295,49.71,0.0,36.7,51.62
2024-01-19 01:00:00,25.045,28.135,0.0,68.13,64.21
2024-01-19 01:05:00,18.387,31.132,0.0,36.74,70.71
2024-01-19 01:10:00,30.186,29.485,0.0,21.9,66.81
2024-01-19 01:15:00,36.733,38.853,4.0103,43.66,53.96
2024-01-19 01:20:00,39.62,40.945,0.0,33.07,54.57
2024-01-19 01:25:00,34.638,34.027,0.0,38.71,63.73
2024-01-19 01:30:00,39.656,31.427,0.0,52.05,54.93
2024-01-19 01:35:00,18.698,39.614,0.0,35.49,65.18
2024-01-19 01:40:00,10.779,26.697,0.0,23.96,64.78
2024-01-19 01:45:00,125.8,46.538,0.0,50.88,47.82
2024-01-19 01:50:00,24.148,27.623,0.0,43.0,61.39
2024-01-19 01:55:00,33.866,26.128,0.0,44.86,45.44
2024-01-19 02:00:00,35.427,38.184,0.0,55.27,72.1
2024-01-19 02:05:00,36.715,47.639,0.0,27.64,66.05
2024-01-19 02:10:00,25.554,28.416,0.0,46.03,45.82
2024-01-19 02:15:00,34.073,30.729,0.0,44.84,64.04
2024-01-19 02:20:00,22.826,26.064,0.0,45.26,52.31
2024-01-19 02:25:00,23.449,30.637,0.0,18.81,60.06
2024-01-19 02:30:00,26.989,28.226,0.0,34.59,49.94
2024-01-19 02:35:00,36.793,19.19,0.0,39.66,60.63
2024-01-19 02:40:00,39.124,33.023,0.0,31.45,68.92
2024-01-19 02:45:00,33.506,36.584,0.0,54.76,56.3
2024-01-19 02:50:00,27.012,33.348,0.4389,20.39,67.28
2024-01-19 02:55:00,22.985,41.915,0.0,38.95,55.8
2024-01-19 03:00:00,49.944,35.894,0.4501,38.82,57.52
2024-01-19 03:05:00,57.393,37.316,0.0,23.9,45.29
2024-01-19 03:10:00,31.966,38.635,0.0,44.53,40.93
2024-01-19 03:15:00,29.287,28.94,0.0,45.53,60.44
2024-01-19 03:20:00,43.956,30.311,0.0,67.01,63.8
2024-01-19 03:25:00,29.643,34.924,0.0,47.37,54.8
2024-01-19 03:30:00,42.383,28.89,0.0,34.64,67.18
2024-01-19 03:35:00,33.131,31.509,0.0,35.4,46.87
2024-01-19 03:40:00,22.372,36.056,0.1899,25.5,64.91
2024-01-19 03:45:00,47.709,27.71,0.0,65.06,66.31
2024-01-19 03:50:00,23.055,23.753,0.0,31.57,52.61
2024-01-19 03:55:00,25.947,45.207,0.0,23.9,55.54
2024-01-19 04:00:00,39.26,40.385,0.0,71.55,54.96
2024-01-19 04:05:00,29.571,271.333,0.0,38.93,44.1
2024-01-19 04:10:00,36.596,31.488,0.0,34.02,57.75
2024-01-19 04:15:00,88.049,36.141,0.0,67.06,50.82
2024-01-19 04:20:00,18.671,26.683,0.0,24.76,65.11
2024-01-19 04:25:00,15.982,36.487,0.0,36.23,58.32
2024-01-19 04:30:00,49.778,38.833,0.0,42.72,64.66
2024-01-19 04:35:00,21.251,27.899,0.0,42.48,67.52
2024-01-19 04:40:00,15.178,24.191,0.0,39.72,62.11
2024-01-19 04:45:00,39.925,30.343,0.0,46.22,52.82
2024-01-19 04:50:00,49.215,33.907,0.0883,33.35,54.47
2024-01-19 04:55:00,29.391,41.18,0.0,20.42,71.33
2024-01-19 05:00:00,13.018,33.63,0.0,46.58,69.82
2024-01-19 05:05:00,33.848,34.177,0.0,49.25,60.31
2024-01-19 05:10:00,23.754,37.989,0.0,18.36,53.89
2024-01-19 05:15:00,18.269,22.889,0.0,32.19,50.11
2024-01-19 05:20:00,44.417,38.688,0.0,48.06,51.58
2024-01-19 05:25:00,33.557,27.207,0.0,70.48,53.3
2024-01-19 05:30:00,37.655,32.567,0.0,39.07,60.33
2024-01-19 05:35:00,35.725,34.202,0.461,49.24,66.54
2024-01-19 05:40:00,20.931,23.413,0.0,26.25,65.12
2024-01-19 05:45:00,32.07,33.215,0.0,34.02,65.11
2024-01-19 05:50:00,30.219,29.986,0.0,46.52,43.41
2024-01-19 05:55:00,33.371,40.226,0.0,53.89,63.23
2024-01-19 06:00:00,37.192,29.329,0.0,31.58,49.04
2024-01-19 06:05:00,42.579,23.596,0.0,43.21,60.27
2024-01-19 06:10:00,150.614,47.576,0.0,61.58,60.75
2024-01-19 06:15:00,42.964,33.304,0.0,38.66,36.48
2024-01-19 06:20:00,30.548,36.086,0.0,8.39,47.56
2024-01-19 06:25:00,25.129,31.813,0.0,49.18,49.67
2024-01-19 06:30:00,27.185,25.235,0.0,35.72,63.46
2024-01-19 06:35:00,39.181,34.214,0.2971,39.64,54.67
2024-01-19 06:40:00,9.952,28.556,0.0,42.44,68.62
2024-01-19 06:45:00,28.896,34.387,0.0,36.03,73.0
2024-01-19 06:50:00,44.14,18.299,0.0,38.25,53.81
2024-01-19 06:55:00,33.941,31.563,0.0,33.93,59.63
2024-01-19 07:00:00,49.776,37.58,0.0,66.06,47.38
2024-01-19 07:05:00,34.91,16.609,0.0,52.19,55.69
2024-01-19 07:10:00,31.408,38.314,0.0,28.39,63.99
2024-01-19 07:15:00,29.247,31.543,0.0,45.76,56.89
2024-01-19 07:20:00,31.441,34.483,0.0,35.09,54.44
2024-01-19 07:25:00,33.504,37.842,0.0,35.0,64.44
2024-01-19 07:30:00,47.402,24.83,0.0,33.26,58.7
2024-01-19 07:35:00,21.066,30.759,0.0,47.26,57.18
2024-01-19 07:40:00,27.103,31.075,0.0,30.26,46.71
2024-01-19 07:45:00,15.011,29.557,0.0,34.81,56.98
2024-01-19 07:50:00,17.725,31.618,0.0,42.8,60.16
2024-01-19 07:55:00,42.294,28.85,0.0,44.64,64.89
2024-01-19 08:00:00,114.095,35.423,0.0,72.5,59.24
2024-01-19 08:05:00,131.341,38.016,0.0,48.84,55.15
2024-01-19 08:10:00,113.494,34.231,0.0,61.87,51.02
2024-01-19 08:15:00,84.244,27.134,0.0,37.89,62.32
2024-01-19 08:20:00,106.236,44.052,0.0,87.28,60.93
2024-01-19 08:25:00,124.813,46.592,0.0,56.58,49.56
2024-01-19 08:30:00,139.942,50.861,0.0,87.8,68.38
2024-01-19 08:35:00,111.773,49.619,0.0,55.19,69.28
2024-01-19 08:40:00,105.58,40.169,0.0,33.3,63.66
2024-01-19 08:45:00,84.546,38.391,0.0,59.27,54.89
2024-01-19 08:50:00,147.126,53.543,0.0,67.08,55.39
2024-01-19 08:55:00,163.904,52.573,0.0,49.24,63.53
2024-01-19 09:00:00,134.24,44.384,0.0,84.27,60.44
2024-01-19 09:05:00,86.094,42.969,0.0,54.68,55.13
2024-01-19 09:10:00,109.781,40.04,0.0,57.95,50.34
2024-01-19 09:15:00,151.798,37.682,0.0,49.84,67.85
2024-01-19 09:20:00,125.425,35.163,0.0,28.14,58.04
2024-01-19 09:25:00,110.784,45.908,0.0,63.0,57.93
2024-01-19 09:30:00,88.874,46.202,0.0,66.99,45.34
2024-01-19 09:35:00,114.2,38.888,0.0,41.66,64.64
2024-01-19 09:40:00,103.758,39.978,0.0,50.04,72.27
2024-01-19 09:45:00,89.123,40.532,0.0,46.88,57.66
2024-01-19 09:50:00,307.909,68.078,0.0,77.71,47.11
2024-01-19 09:55:00,88.862,38.461,0.0,72.96,47.23
2024-01-19 10:00:00,117.504,48.67,0.0,67.85,45.82
2024-01-19 10:05:00,151.352,43.038,0.0,48.42,42.77
2024-01-19 10:10:00,118.971,36.448,0.0,59.11,50.84
2024-01-19 10:15:00,158.003,45.863,0.0,56.98,71.01
2024-01-19 10:20:00,119.275,33.688,0.0,59.59,56.11
2024-01-19 10:25:00,83.838,30.443,0.0,29.4,44.26
2024-01-19 10:30:00,92.176,30.62,0.0,66.46,64.32
2024-01-19 10:35:00,141.828,31.734,0.0,66.86,68.27
2024-01-19 10:40:00,127.72,29.896,0.0,78.17,64.49
2024-01-19 10:45:00,117.779,48.539,0.0,56.38,62.66
2024-01-19 10:50:00,79.619,36.141,0.0,44.8,55.24
2024-01-19 10:55:00,118.687,37.24,4.0672,43.19,53.98
2024-01-19 11:00:00,69.275,38.201,0.0,66.48,52.05
2024-01-19 11:05:00,130.222,49.241,0.0,68.37,58.42
2024-01-19 11:10:00,79.714,33.961,0.0,67.89,51.63
2024-01-19 11:15:00,89.731,40.499,0.0,67.03,51.54
2024-01-19 11:20:00,114.317,40.577,0.0,43.02,57.8
2024-01-19 11:25:00,127.537,48.509,0.0,58.69,51.56
2024-01-19 11:30:00,82.471,21.316,0.0,43.18,53.8
2024-01-19 11:35:00,72.134,44.98,0.0,52.78,52.9
2024-01-19 11:40:00,126.032,51.581,0.0,60.52,62.74
2024-01-19 11:45:00,126.406,47.575,0.0,56.72,51.97
2024-01-19 11:50:00,123.257,44.673,0.0,55.32,62.9
2024-01-19 11:55:00,107.39,34.511,0.0,46.09,63.68
2024-01-19 12:00:00,138.166,44.392,0.0,58.34,66.47
2024-01-19 12:05:00,124.89,41.094,0.0,53.04,54.18
2024-01-19 12:10:00,154.014,46.656,0.2625,61.98,56.48
2024-01-19 12:15:00,130.842,44.022,0.0,72.75,58.23
2024-01-19 12:20:00,112.483,43.748,0.0,72.48,64.66
2024-01-19 12:25:00,122.684,49.403,0.0,44.13,61.97
2024-01-19 12:30:00,117.426,44.756,0.0,56.29,44.47
2024-01-19 12:35:00,110.407,48.357,0.0,52.41,54.29
2024-01-19 12:40:00,125.613,44.516,0.0,64.05,74.4
2024-01-19 12:45:00,107.003,39.035,0.0,57.38,69.53
2024-01-19 12:50:00,108.595,41.173,0.0,55.54,80.17
2024-01-19 12:55:00,153.831,52.002,0.0,42.86,54.22
2024-01-19 13:00:00,121.646,40.808,0.0,28.38,58.52
2024-01-19 13:05:00,96.071,44.774,0.0,47.91,51.71
2024-01-19 13:10:00,107.247,36.227,0.1683,46.54,62.64
2024-01-19 13:15:00,114.747,47.286,0.2779,37.3,50.33
2024-01-19 13:20:00,101.124,30.632,0.0,62.88,59.79
2024-01-19 13:25:00,85.075,54.247,0.0,42.51,57.01
2024-01-19 13:30:00,93.978,53.077,0.0,46.81,53.33
2024-01-19 13:35:00,441.229,74.026,0.0,99.0,50.61
2024-01-19 13:40:00,95.294,39.23,0.0,36.83,55.49
2024-01-19 13:45:00,138.916,47.615,0.0,76.34,55.18
2024-01-19 13:50:00,111.069,36.468,0.0,58.85,51.04
2024-01-19 13:55:00,98.67,41.263,0.0,33.99,55.75
2024-01-19 14:00:00,126.792,31.408,0.0,47.05,61.11
2024-01-19 14:05:00,142.832,221.395,0.0,37.91,67.36
2024-01-19 14:10:00,100.495,34.288,0.0,47.34,54.95
2024-01-19 14:15:00,107.493,38.139,0.0,38.01,48.08
2024-01-19 14:20:00,557.163,93.781,0.0,99.0,66.15
2024-01-19 14:25:00,98.589,45.469,0.0,59.31,64.49
2024-01-19 14:30:00,322.283,63.168,0.0,75.81,58.17
2024-01-19 14:35:00,144.622,36.316,0.0,52.95,48.92
2024-01-19 14:40:00,140.669,39.158,0.0,58.06,58.12
2024-01-19 14:45:00,85.302,43.243,0.0,58.5,50.8
2024-01-19 14:50:00,106.282,45.012,0.0,36.37,59.38
2024-01-19 14:55:00,118.236,47.435,0.0,25.83,61.84
2024-01-19 15:00:00,94.82,42.031,0.0,51.2,62.56
2024-01-19 15:05:00,67.526,35.345,0.0,47.79,56.45
2024-01-19 15:10:00,87.736,30.91,0.0,52.07,45.37
2024-01-19 15:15:00,121.493,35.54,0.0,53.03,54.74
2024-01-19 15:20:00,134.241,43.721,0.0,54.74,64.97
2024-01-19 15:25:00,83.854,53.432,0.0,25.76,61.67
2024-01-19 15:30:00,153.168,44.408,0.0,80.44,42.1
2024-01-19 15:35:00,182.352,60.189,0.0,64.73,60.43
2024-01-19 15:40:00,107.241,36.122,0.0,43.19,66.66
2024-01-19 15:45:00,90.345,40.806,0.0,50.68,61.07
2024-01-19 15:50:00,115.781,39.471,0.0,75.5,65.99
2024-01-19 15:55:00,118.448,50.251,0.0,64.45,52.89
2024-01-19 16:00:00,72.153,29.102,0.0,28.18,63.18
2024-01-19 16:05:00,151.883,27.038,0.0,61.05,62.51
2024-01-19 16:10:00,121.803,39.692,0.0,48.9,70.11
2024-01-19 16:15:00,117.717,48.855,0.0,41.59,52.03
2024-01-19 16:20:00,106.896,44.366,0.0,63.39,67.52
2024-01-19 16:25:00,82.766,38.423,0.0,53.37,66.6
2024-01-19 16:30:00,90.31,43.994,0.0,50.72,55.04
2024-01-19 16:35:00,65.706,37.014,0.0,36.71,67.87
2024-01-19 16:40:00,112.35,36.65,0.0,50.79,56.38
2024-01-19 16:45:00,124.229,46.267,0.2828,65.96,67.88
2024-01-19 16:50:00,123.644,57.652,0.0,51.4,56.04
2024-01-19 16:55:00,96.933,45.419,0.0,36.77,76.62
2024-01-19 17:00:00,58.548,33.904,0.0,19.57,57.02
2024-01-19 17:05:00,106.757,41.732,0.0,44.21,51.61
2024-01-19 17:10:00,92.132,46.604,0.0,98.32,55.74
2024-01-19 17:15:00,139.35,238.457,0.0,55.53,60.63
2024-01-19 17:20:00,107.733,42.444,0.0,37.41,62.98
2024-01-19 17:25:00,111.29,44.373,0.0,60.04,58.21
2024-01-19 17:30:00,101.292,36.006,0.0,52.88,57.03
2024-01-19 17:35:00,82.996,38.727,0.0,32.82,58.82
2024-01-19 17:40:00,130.127,39.863,0.0,64.91,62.96
2024-01-19 17:45:00,115.283,37.279,0.0,48.75,52.32
2024-01-19 17:50:00,102.97,33.395,0.3437,42.56,56.99
2024-01-19 17:55:00,121.361,52.652,0.0,55.77,49.86
2024-01-19 18:00:00,86.572,38.866,0.0,58.61,50.16
2024-01-19 18:05:00,142.162,42.915,0.0,61.14,57.33
2024-01-19 18:10:00,134.796,36.965,0.0,49.42,65.09
2024-01-19 18:15:00,132.1,50.496,0.0,56.11,54.41
2024-01-19 18:20:00,114.701,48.602,0.0,70.26,65.43
2024-01-19 18:25:00,114.38,38.856,0.0,43.59,53.45
2024-01-19 18:30:00,111.261,55.044,0.0,52.46,51.59
2024-01-19 18:35:00,110.228,53.72,0.0,49.96,52.72
2024-01-19 18:40:00,121.419,50.014,0.0,49.76,66.29
2024-01-19 18:45:00,111.991,36.606,0.0,32.87,58.02
2024-01-19 18:50:00,97.075,49.137,0.0,55.98,64.96
2024-01-19 18:55:00,86.269,48.09,0.0,51.92,64.91
2024-01-19 19:00:00,36.72,22.855,0.0548,91.46,69.15
2024-01-19 19:05:00,11.7,31.118,0.0,42.34,42.65
2024-01-19 19:10:00,39.249,31.358,0.0,63.91,57.11
2024-01-19 19:15:00,41.277,39.646,0.0,35.73,57.57
2024-01-19 19:20:00,30.883,26.503,0.0,45.42,64.34
2024-01-19 19:25:00,15.611,32.089,0.0,48.2,59.91
2024-01-19 19:30:00,38.702,38.813,0.0,43.89,65.34
2024-01-19 19:35:00,43.396,32.641,0.1602,33.0,65.99
2024-01-19 19:40:00,26.943,33.643,0.0,30.1,64.9
2024-01-19 19:45:00,32.263,38.695,0.0,32.6,59.39
2024-01-19 19:50:00,33.021,29.27,0.0,60.55,52.22
2024-01-19 19:55:00,21.034,22.414,0.0,44.57,53.61
2024-01-19 20:00:00,38.681,25.788,0.42,44.56,53.74
2024-01-19 20:05:00,30.479,40.346,0.0,14.87,62.82
2024-01-19 20:10:00,46.187,30.318,0.0,44.0,54.21
2024-01-19 20:15:00,27.911,37.283,0.0,51.29,42.99
2024-01-19 20:20:00,28.351,24.29,0.0,26.44,42.57
2024-01-19 20:25:00,11.424,37.678,0.0,19.41,51.07
2024-01-19 20:30:00,38.005,41.201,0.0,15.56,71.35
2024-01-19 20:35:00,43.65,34.774,0.0,34.1,56.59
2024-01-19 20:40:00,24.77,28.127,0.0,40.74,54.12
2024-01-19 20:45:00,30.622,35.572,0.0,39.9,57.79
2024-01-19 20:50:00,39.186,38.186,0.0,50.03,56.34
2024-01-19 20:55:00,32.315,36.393,0.0,50.92,72.85
2024-01-19 21:00:00,15.781,30.775,0.0,25.38,68.17
2024-01-19 21:05:00,15.52,33.596,0.0,61.87,50.38
2024-01-19 21:10:00,26.479,33.373,0.0,35.73,75.15
2024-01-19 21:15:00,52.874,40.146,0.0,45.21,57.01
2024-01-19 21:20:00,39.594,25.407,0.0,23.7,39.94
2024-01-19 21:25:00,14.041,29.434,0.0,17.31,54.92
2024-01-19 21:30:00,25.23,34.826,0.0,33.27,45.07
2024-01-19 21:35:00,11.086,20.318,0.0,75.89,59.74
2024-01-19 21:40:00,36.958,42.851,0.0,52.54,65.73
2024-01-19 21:45:00,42.885,38.157,0.0,61.44,56.01
2024-01-19 21:50:00,28.443,42.928,0.0,36.97,67.79
2024-01-19 21:55:00,35.282,31.987,0.0,14.97,55.63
2024-01-19 22:00:00,39.225,28.568,0.0,54.64,57.07
2024-01-19 22:05:00,37.188,31.399,0.0,46.6,59.83
2024-01-19 22:10:00,37.249,26.666,0.0,29.24,45.34
2024-01-19 22:15:00,27.415,22.878,0.0,36.37,47.6
2024-01-19 22:20:00,45.765,28.121,0.0,35.02,64.5
2024-01-19 22:25:00,36.339,35.0,0.0,40.0,55.54
2024-01-19 22:30:00,47.187,25.178,0.0,47.18,66.71
2024-01-19 22:35:00,33.839,43.695,0.0,41.22,52.0
2024-01-19 22:40:00,27.761,29.074,0.0,40.31,58.07
2024-01-19 22:45:00,24.775,28.943,0.0,46.44,50.57
2024-01-19 22:50:00,46.615,45.386,0.0,51.28,50.38
2024-01-19 22:55:00,31.055,29.491,0.0,44.53,56.45
2024-01-19 23:00:00,20.874,29.929,0.0,60.48,70.26
2024-01-19 23:05:00,28.232,26.251,0.0,40.54,53.04
2024-01-19 23:10:00,27.347,29.999,0.0,29.31,49.31
2024-01-19 23:15:00,33.709,33.899,0.0,58.91,55.24
2024-01-19 23:20:00,23.939,29.05,0.0,57.1,52.16
2024-01-19 23:25:00,32.572,33.834,0.0,29.21,48.95
2024-01-19 23:30:00,33.014,29.432,0.0,39.55,60.69
2024-01-19 23:35:00,42.135,34.247,0.0,51.64,50.18
2024-01-19 23:40:00,28.977,33.023,0.0,20.77,64.76
2024-01-19 23:45:00,28.334,38.569,0.0,32.6,64.53
2024-01-19 23:50:00,19.681,25.687,0.0,55.31,60.79
2024-01-19 23:55:00,45.414,29.988,0.0,46.87,45.28
2024-01-20 00:00:00,31.626,22.277,0.0,24.75,62.97
2024-01-20 00:05:00,45.44,29.058,0.3568,27.99,52.39
2024-01-20 00:10:00,50.72,35.028,0.0,42.37,48.05
2024-01-20 00:15:00,23.652,36.93,0.0,48.24,75.48
2024-01-20 00:20:00,15.754,16.831,0.0,44.73,63.97
2024-01-20 00:25:00,35.439,38.353,0.1446,55.3,54.27
2024-01-20 00:30:00,30.443,37.231,0.0,44.5,56.26
2024-01-20 00:35:00,31.95,29.513,0.0,49.15,67.71
2024-01-20 00:40:00,21.514,22.259,0.0,25.08,69.28
2024-01-20 00:45:00,25.552,49.698,0.0,50.07,76.13
2024-01-20 00:50:00,24.427,26.539,0.0,24.81,59.93
2024-01-20 00:55:00,37.93,42.189,0.0,53.02,60.96
2024-01-20 01:00:00,29.321,25.904,0.0,38.35,53.38
2024-01-20 01:05:00,46.833,26.849,0.0,28.89,62.86
2024-01-20 01:10:00,19.51,20.813,0.0,42.59,62.16
2024-01-20 01:15:00,13.177,36.645,0.0,21.35,62.86
2024-01-20 01:20:00,43.011,32.43,0.0,76.17,57.42
2024-01-20 01:25:00,35.447,31.904,0.0,12.99,66.17
2024-01-20 01:30:00,22.012,25.194,0.0,41.77,52.98
2024-01-20 01:35:00,26.892,38.058,0.3035,49.06,51.58
2024-01-20 01:40:00,39.841,42.854,0.0,53.04,59.4
2024-01-20 01:45:00,43.314,27.514,0.0,28.16,55.0
2024-01-20 01:50:00,30.064,28.361,0.0,31.54,50.18
2024-01-20 01:55:00,35.107,34.06,0.0,57.98,67.12
2024-01-20 02:00:00,35.346,26.279,0.0,35.56,50.78
2024-01-20 02:05:00,17.841,37.615,0.285,29.01,44.06
2024-01-20 02:10:00,44.473,44.572,0.0,40.82,60.07
2024-01-20 02:15:00,12.265,26.304,0.0,37.16,51.33
2024-01-20 02:20:00,26.793,30.091,0.0,49.8,52.42
2024-01-20 02:25:00,19.452,28.163,0.0,46.48,55.57
2024-01-20 02:30:00,22.667,36.41,0.0,60.63,47.55
2024-01-20 02:35:00,48.988,31.422,0.0,40.71,51.37
2024-01-20 02:40:00,52.139,30.249,0.0,48.29,65.32
2024-01-20 02:45:00,37.957,21.632,0.0,45.81,63.31
2024-01-20 02:50:00,26.179,29.065,0.0,63.33,75.08
2024-01-20 02:55:00,31.585,33.029,0.0,40.55,60.37
2024-01-20 03:00:00,42.821,37.176,0.0,29.24,57.74
2024-01-20 03:05:00,37.104,21.129,0.0,48.45,57.87
2024-01-20 03:10:00,28.07,35.702,0.0,30.9,47.62
2024-01-20 03:15:00,24.708,40.773,0.0,18.36,59.83
2024-01-20 03:20:00,27.485,24.042,0.0,44.63,55.33
2024-01-20 03:25:00,36.104,32.162,0.0,27.96,46.25
2024-01-20 03:30:00,27.372,37.934,0.0,41.0,61.6
2024-01-20 03:35:00,25.29,21.983,0.0,96.86,71.78
2024-01-20 03:40:00,30.802,30.476,0.0,33.71,60.65
2024-01-20 03:45:00,20.478,27.154,0.0,90.21,56.95
2024-01-20 03:50:00,40.784,23.937,0.0,25.56,32.05
2024-01-20 03:55:00,38.214,21.818,0.0,62.08,50.36
2024-01-20 04:00:00,46.377,28.026,0.0,72.1,51.64
2024-01-20 04:05:00,44.491,47.791,0.0,46.58,74.34
2024-01-20 04:10:00,29.01,39.811,0.0,37.35,58.26
2024-01-20 04:15:00,33.288,30.331,0.0,49.97,46.46
2024-01-20 04:20:00,20.904,25.332,0.0,39.19,57.15
2024-01-20 04:25:00,31.671,36.49,0.0,40.36,64.32
2024-01-20 04:30:00,9.704,24.491,0.0,46.07,75.25
2024-01-20 04:35:00,14.457,32.612,0.0,36.02,55.15
2024-01-20 04:40:00,27.325,27.878,0.1173,42.3,55.35
2024-01-20 04:45:00,33.701,33.863,0.0,63.51,65.19
2024-01-20 04:50:00,42.518,34.889,0.0,29.86,48.87
2024-01-20 04:55:00,47.716,32.642,0.0,52.39,64.78
2024-01-20 05:00:00,34.515,32.782,0.0,46.73,67.09
2024-01-20 05:05:00,21.122,39.714,0.0,28.48,60.55
2024-01-20 05:10:00,35.65,22.212,0.0,40.14,65.41
2024-01-20 05:15:00,39.331,27.755,0.0,31.19,61.56
2024-01-20 05:20:00,35.658,39.621,0.0,29.06,64.56
2024-01-20 05:25:00,25.494,21.914,0.0,33.47,47.4
2024-01-20 05:30:00,34.124,22.19,0.0,33.67,64.38
2024-01-20 05:35:00,18.001,30.883,0.0,27.66,57.55
2024-01-20 05:40:00,35.851,237.664,0.0,49.39,67.93
2024-01-20 05:45:00,25.057,33.966,0.4407,50.74,50.54
2024-01-20 05:50:00,41.082,22.962,0.0,51.77,67.96
2024-01-20 05:55:00,35.869,34.512,0.0,42.42,53.29
2024-01-20 06:00:00,36.896,32.86,0.0,50.33,51.08
2024-01-20 06:05:00,38.569,35.754,0.4549,44.93,55.31
2024-01-20 06:10:00,31.19,35.319,0.0,23.01,48.44
2024-01-20 06:15:00,25.918,28.274,0.0,38.64,66.92
2024-01-20 06:20:00,12.5,24.39,0.0,42.85,66.07
2024-01-20 06:25:00,27.149,26.991,0.0,35.92,64.08
2024-01-20 06:30:00,32.079,30.666,0.0,37.83,62.65
2024-01-20 06:35:00,30.679,26.478,0.0,33.58,55.93
2024-01-20 06:40:00,33.888,29.271,0.0,45.97,46.1
2024-01-20 06:45:00,36.005,32.175,0.0,33.92,61.81
2024-01-20 06:50:00,34.337,32.751,0.0,28.66,53.33
2024-01-20 06:55:00,27.861,26.649,0.0,38.1,55.27
2024-01-20 07:00:00,42.125,36.709,0.0,38.17,54.94
2024-01-20 07:05:00,26.516,41.374,0.0,24.48,59.52
2024-01-20 07:10:00,37.255,42.869,0.0,44.27,59.89
2024-01-20 07:15:00,39.016,26.186,0.0,27.31,63.76
2024-01-20 07:20:00,31.7,31.487,0.0,20.93,59.86
2024-01-20 07:25:00,26.797,33.017,0.0,51.06,49.78
2024-01-20 07:30:00,38.982,36.507,0.0,43.46,63.85
2024-01-20 07:35:00,37.639,35.734,0.0,27.86,50.42
2024-01-20 07:40:00,22.733,26.015,0.0,61.08,67.42
2024-01-20 07:45:00,24.1,31.392,0.0,25.4,62.37
2024-01-20 07:50:00,46.868,33.872,0.0,49.91,70.69
2024-01-20 07:55:00,23.728,24.509,0.0,30.74,53.32
2024-01-20 08:00:00,31.194,41.226,0.0,19.36,55.72
2024-01-20 08:05:00,22.217,30.225,0.0,36.46,46.69
2024-01-20 08:10:00,22.706,26.069,0.4602,43.89,63.1
2024-01-20 08:15:00,54.117,35.408,0.0,40.17,52.02
2024-01-20 08:20:00,31.01,28.648,0.0,28.29,55.79
2024-01-20 08:25:00,26.96,35.549,0.0,26.44,63.94
2024-01-20 08:30:00,19.843,32.111,0.3448,33.83,55.08
2024-01-20 08:35:00,40.552,27.734,0.0,39.66,47.28
2024-01-20 08:40:00,35.187,30.748,0.0,43.64,77.45
2024-01-20 08:45:00,36.719,24.347,0.0,28.15,54.07
2024-01-20 08:50:00,39.975,33.822,0.0,65.72,40.17
2024-01-20 08:55:00,30.099,31.288,0.0,97.93,70.54
2024-01-20 09:00:00,20.742,26.501,0.0,20.32,62.12
2024-01-20 09:05:00,18.921,27.978,0.0,33.34,43.03
2024-01-20 09:10:00,187.223,48.271,0.3051,85.19,51.85
2024-01-20 09:15:00,25.342,24.013,0.0,67.77,53.65
2024-01-20 09:20:00,26.418,40.09,0.0,50.12,57.73
2024-01-20 09:25:00,41.902,35.683,0.0,32.08,47.43
2024-01-20 09:30:00,29.594,25.976,0.0,29.84,63.96
2024-01-20 09:35:00,37.48,27.516,0.0,50.37,82.63
2024-01-20 09:40:00,39.005,34.732,0.0,12.77,57.28
2024-01-20 09:45:00,35.597,31.403,0.0,47.6,67.68
2024-01-20 09:50:00,47.096,36.271,0.0,52.3,56.97
2024-01-20 09:55:00,45.799,31.025,0.0,52.54,47.29
2024-01-20 10:00:00,34.956,42.955,0.0,37.22,50.0
2024-01-20 10:05:00,22.612,22.561,0.0,55.05,62.17
2024-01-20 10:10:00,30.886,30.487,0.0,59.27,50.13
2024-01-20 10:15:00,38.334,24.992,0.0,24.64,66.52
2024-01-20 10:20:00,37.921,34.141,0.0,48.21,54.85
2024-01-20 10:25:00,26.897,28.358,0.0,30.61,74.55
2024-01-20 10:30:00,34.644,43.013,0.0,39.96,57.8
2024-01-20 10:35:00,30.294,27.19,0.0,29.83,70.88
2024-01-20 10:40:00,34.059,31.936,0.0,61.6,50.41
2024-01-20 10:45:00,43.815,42.124,0.0,35.37,66.48
2024-01-20 10:50:00,29.867,21.904,0.0,29.55,53.83
2024-01-20 10:55:00,24.436,26.912,0.0,63.88,55.42
2024-01-20 11:00:00,25.496,31.219,0.0703,32.08,53.95
2024-01-20 11:05:00,27.288,31.854,0.0,30.75,54.35
2024-01-20 11:10:00,44.601,22.278,0.0,37.7,53.84
2024-01-20 11:15:00,32.366,36.112,0.0,46.47,63.12
2024-01-20 11:20:00,31.089,35.326,0.0,57.11,67.63
2024-01-20 11:25:00,39.916,24.447,0.0,44.12,59.12
2024-01-20 11:30:00,37.41,35.009,0.0,54.68,68.34
2024-01-20 11:35:00,34.963,33.379,0.0,35.79,47.27
2024-01-20 11:40:00,30.999,34.166,0.0,65.38,46.96
2024-01-20 11:45:00,32.385,37.118,0.0,29.98,56.55
2024-01-20 11:50:00,25.587,28.056,0.0,49.54,57.47
2024-01-20 11:55:00,30.833,28.597,0.0,57.59,72.41
2024-01-20 12:00:00,37.05,37.054,0.0,41.09,63.05
2024-01-20 12:05:00,8.413,33.735,0.0,50.45,57.55
2024-01-20 12:10:00,23.549,23.649,7.2444,41.85,53.52
2024-01-20 12:15:00,36.957,36.953,0.0,37.32,75.45
2024-01-20 12:20:00,38.261,36.98,0.0,20.68,63.46
2024-01-20 12:25:00,30.963,42.61,0.0,39.24,66.15
2024-01-20 12:30:00,39.235,50.892,0.0,39.21,64.01
2024-01-20 12:35:00,38.762,38.118,0.0,62.19,55.45
2024-01-20 12:40:00,49.38,30.477,0.0,36.81,67.56
2024-01-20 12:45:00,38.223,22.868,0.0,23.95,45.36
2024-01-20 12:50:00,29.881,29.784,0.0,38.57,59.37
2024-01-20 12:55:00,58.023,39.864,0.0,58.87,50.16
2024-01-20 13:00:00,33.791,36.928,0.0,41.11,59.88
2024-01-20 13:05:00,20.055,37.96,0.0,15.41,50.12
2024-01-20 13:10:00,32.647,23.909,0.0,48.58,61.57
2024-01-20 13:15:00,35.64,40.607,0.0,49.79,54.59
2024-01-20 13:20:00,21.874,31.578,0.0,24.96,62.92
2024-01-20 13:25:00,37.339,40.611,0.0,43.52,63.07
2024-01-20 13:30:00,34.076,36.496,0.0,58.35,60.19
2024-01-20 13:35:00,29.29,26.175,0.0,37.64,61.34
2024-01-20 13:40:00,21.629,24.567,0.0,44.53,59.69
2024-01-20 13:45:00,27.768,30.182,0.0,32.28,50.35
2024-01-20 13:50:00,33.151,32.676,0.0,88.82,62.19
2024-01-20 13:55:00,44.443,29.224,0.0,44.71,56.46
2024-01-20 14:00:00,43.476,24.852,0.0,57.39,58.22
2024-01-20 14:05:00,35.774,26.878,0.0,65.25,52.77
2024-01-20 14:10:00,29.464,39.149,0.0,35.03,55.26
2024-01-20 14:15:00,31.647,31.715,0.0,34.67,68.98
2024-01-20 14:20:00,43.702,34.213,0.0,38.93,66.15
2024-01-20 14:25:00,43.274,37.51,0.0,30.64,57.57
2024-01-20 14:30:00,21.316,39.54,0.0,30.54,63.83
2024-01-20 14:35:00,28.385,37.905,0.0,42.96,58.49
2024-01-20 14:40:00,39.607,38.055,0.0,42.47,53.52
2024-01-20 14:45:00,30.754,37.514,0.2747,41.54,46.96
2024-01-20 14:50:00,39.225,24.156,0.0,18.95,50.51
2024-01-20 14:55:00,33.761,36.447,0.0,48.73,69.58
2024-01-20 15:00:00,31.34,29.788,0.0,25.44,61.23
2024-01-20 15:05:00,23.929,34.293,0.0,25.39,49.71
2024-01-20 15:10:00,24.547,28.013,0.0,48.2,66.63
2024-01-20 15:15:00,44.903,39.769,0.0,46.93,55.28
2024-01-20 15:20:00,29.611,35.233,0.0,42.65,43.19
2024-01-20 15:25:00,32.723,36.766,0.0,59.7,53.24
2024-01-20 15:30:00,39.381,41.223,0.0,37.57,69.19
2024-01-20 15:35:00,61.539,42.44,0.0,56.43,65.84
2024-01-20 15:40:00,14.962,26.984,0.0,40.19,58.39
2024-01-20 15:45:00,21.116,25.775,0.0,34.6,57.13
2024-01-20 15:50:00,22.092,37.288,0.0,33.4,52.86
2024-01-20 15:55:00,33.72,27.714,0.0,24.13,46.57
2024-01-20 16:00:00,37.473,35.9,0.0,62.37,54.06
2024-01-20 16:05:00,24.699,35.522,0.0,42.99,49.94
2024-01-20 16:10:00,27.941,32.05,0.0,25.46,61.37
2024-01-20 16:15:00,16.866,21.138,0.0,39.64,61.37
2024-01-20 16:20:00,40.962,33.878,0.0,56.34,60.34
2024-01-20 16:25:00,38.884,35.339,0.0,29.24,58.18
2024-01-20 16:30:00,25.787,39.009,0.0,32.4,68.02
2024-01-20 16:35:00,44.62,31.915,0.0,53.53,57.82
2024-01-20 16:40:00,29.297,25.977,0.0,49.94,55.51
2024-01-20 16:45:00,29.888,28.314,0.0,42.26,69.29
2024-01-20 16:50:00,32.051,28.113,0.0,22.43,57.6
2024-01-20 16:55:00,22.437,33.54,0.0,32.96,60.96
2024-01-20 17:00:00,32.61,38.376,0.0,57.96,64.02
2024-01-20 17:05:00,33.415,38.86,0.0,47.94,50.75
2024-01-20 17:10:00,28.947,31.667,0.0,50.91,51.88
2024-01-20 17:15:00,24.275,32.569,0.0,41.15,62.21
2024-01-20 17:20:00,54.739,35.813,0.0,45.38,63.93
2024-01-20 17:25:00,41.245,29.574,0.0,46.66,62.12
2024-01-20 17:30:00,26.289,28.849,0.0,60.45,66.26
2024-01-20 17:35:00,33.798,31.259,0.0,36.4,55.71
2024-01-20 17:40:00,16.844,30.645,0.0,44.27,63.44
2024-01-20 17:45:00,23.433,27.603,0.0,25.89,52.11
2024-01-20 17:50:00,39.924,33.376,0.0,49.95,49.73
2024-01-20 17:55:00,26.055,30.646,0.0,31.96,65.18
2024-01-20 18:00:00,31.069,26.707,0.0,42.07,57.29
2024-01-20 18:05:00,23.019,29.262,0.0,5.0,61.44
2024-01-20 18:10:00,29.689,29.493,0.0,36.2,46.72
2024-01-20 18:15:00,22.513,26.951,0.0,21.42,45.22
2024-01-20 18:20:00,40.169,33.193,0.0,53.77,60.48
2024-01-20 18:25:00,43.386,32.207,0.0,38.69,64.63
2024-01-20 18:30:00,31.703,27.813,0.0,13.61,60.53
2024-01-20 18:35:00,20.636,25.533,0.0,30.03,54.77
2024-01-20 18:40:00,29.624,22.235,0.0,60.07,65.49
2024-01-20 18:45:00,22.667,32.228,0.0,33.66,44.62
2024-01-20 18:50:00,28.248,38.543,0.0,23.73,47.48
2024-01-20 18:55:00,75.883,32.932,0.0,42.98,61.16
2024-01-20 19:00:00,36.732,33.833,0.3589,37.33,47.38
2024-01-20 19:05:00,26.574,25.182,0.0,34.36,55.14
2024-01-20 19:10:00,42.929,31.702,0.0,55.36,62.25
2024-01-20 19:15:00,30.535,33.758,0.0,50.9,60.28
2024-01-20 19:20:00,22.957,26.272,0.0,30.41,47.3
2024-01-20 19:25:00,132.071,40.534,0.0,59.63,48.78
2024-01-20 19:30:00,32.618,41.057,0.0,32.53,56.69
2024-01-20 19:35:00,38.216,27.894,0.0,40.36,52.72
2024-01-20 19:40:00,36.059,30.423,0.0,52.15,45.04
2024-01-20 19:45:00,34.661,32.229,0.0,41.82,49.88
2024-01-20 19:50:00,32.248,36.901,0.0,16.67,47.75
2024-01-20 19:55:00,16.943,29.29,0.0,56.1,46.31
2024-01-20 20:00:00,24.846,36.676,0.0,46.69,67.83
2024-01-20 20:05:00,42.103,32.95,0.0,45.64,42.69
2024-01-20 20:10:00,30.43,27.457,0.0,65.7,50.75
2024-01-20 20:15:00,32.74,35.942,0.0,35.36,61.22
2024-01-20 20:20:00,27.145,37.706,0.0,18.34,52.1
2024-01-20 20:25:00,21.46,35.955,0.0,33.31,69.56
2024-01-20 20:30:00,18.245,35.717,0.0,62.92,58.94
2024-01-20 20:35:00,37.809,39.554,0.0,36.51,70.73
2024-01-20 20:40:00,32.091,38.76,0.0,36.66,60.52
2024-01-20 20:45:00,32.207,28.983,2.5337,55.33,54.26
2024-01-20 20:50:00,35.993,32.079,0.0,37.77,66.11
2024-01-20 20:55:00,10.416,32.997,0.0,27.04,59.54
2024-01-20 21:00:00,40.667,27.849,0.0,25.61,58.15
2024-01-20 21:05:00,24.584,25.195,0.0,58.48,63.38
2024-01-20 21:10:00,29.953,33.277,0.0,17.38,71.47
2024-01-20 21:15:00,40.859,38.668,0.0,46.55,61.68
2024-01-20 21:20:00,46.34,37.616,0.0,23.74,49.59
2024-01-20 21:25:00,26.399,35.93,0.0,35.74,65.3
2024-01-20 21:30:00,27.094,38.091,0.0,30.27,63.71
2024-01-20 21:35:00,48.851,37.632,0.3374,49.29,69.35
2024-01-20 21:40:00,33.524,34.242,0.0,26.78,58.98
2024-01-20 21:45:00,22.911,32.9,0.1715,49.37,62.92
2024-01-20 21:50:00,37.447,23.784,0.0,56.29,55.84
2024-01-20 21:55:00,32.708,25.132,0.0,58.53,66.79
2024-01-20 22:00:00,12.812,36.721,0.0,35.47,70.5
2024-01-20 22:05:00,33.337,40.449,0.0,43.78,56.16
2024-01-20 22:10:00,36.216,29.578,0.0,53.74,48.21
2024-01-20 22:15:00,40.707,26.324,0.0,44.37,71.31
2024-01-20 22:20:00,41.435,27.639,0.0,29.31,58.28
2024-01-20 22:25:00,29.72,34.944,0.0,12.31,69.4
2024-01-20 22:30:00,25.683,32.353,0.0,44.75,70.44
2024-01-20 22:35:00,42.084,36.091,0.0,42.09,52.71
2024-01-20 22:40:00,49.729,33.711,0.0,57.52,71.91
2024-01-20 22:45:00,32.361,26.352,0.0,33.71,74.35
2024-01-20 22:50:00,41.287,35.973,0.0,38.01,60.25
2024-01-20 22:55:00,23.877,28.567,0.0,43.11,56.19
2024-01-20 23:00:00,17.303,20.884,0.0,36.5,39.71
2024-01-20 23:05:00,41.03,33.41,0.0,29.29,64.34
2024-01-20 23:10:00,31.755,39.481,0.0,39.33,58.94
2024-01-20 23:15:00,38.25,39.893,0.0,18.68,53.25
2024-01-20 23:20:00,38.171,31.496,0.0,48.7,58.29
2024-01-20 23:25:00,22.194,30.179,0.0,36.58,64.37
2024-01-20 23:30:00,30.823,29.207,0.0,48.93,77.93
2024-01-20 23:35:00,29.28,22.015,0.0,59.3,63.32
2024-01-20 23:40:00,28.754,43.879,0.0,73.89,69.76
2024-01-20 23:45:00,34.072,29.556,0.0,51.28,67.48
2024-01-20 23:50:00,30.497,34.964,0.0,48.53,69.86
2024-01-20 23:55:00,29.041,31.277,0.0,37.43,64.29
2024-01-21 00:00:00,34.343,22.426,0.0,40.41,58.1
2024-01-21 00:05:00,26.283,36.948,0.1892,21.77,62.92
2024-01-21 00:10:00,52.179,39.504,0.0,60.55,57.7
2024-01-21 00:15:00,23.76,43.266,0.0,39.85,56.86
2024-01-21 00:20:00,34.233,33.564,0.0,57.79,54.75
2024-01-21 00:25:00,29.654,41.374,0.0,35.55,50.43
2024-01-21 00:30:00,35.506,35.818,0.0,90.6,53.3
2024-01-21 00:35:00,53.635,35.771,0.0,56.77,50.92
2024-01-21 00:40:00,31.704,39.392,0.0,53.1,64.31
2024-01-21 00:45:00,27.435,34.642,0.0,27.03,44.49
2024-01-21 00:50:00,33.439,35.376,0.3493,73.1,52.19
2024-01-21 00:55:00,51.042,34.976,0.0,34.92,59.21
2024-01-21 01:00:00,33.535,31.476,0.0,53.94,65.16
2024-01-21 01:05:00,26.93,27.78,0.0,39.73,44.55
2024-01-21 01:10:00,36.631,45.88,0.3532,29.54,56.58
2024-01-21 01:15:00,49.429,43.593,0.0,37.81,47.94
2024-01-21 01:20:00,27.52,20.19,0.0,40.51,51.24
2024-01-21 01:25:00,31.251,30.545,0.0,23.52,47.18
2024-01-21 01:30:00,26.89,25.064,0.0,48.1,61.82
2024-01-21 01:35:00,39.048,30.245,0.0,43.27,50.45
2024-01-21 01:40:00,33.712,38.889,0.0,17.01,67.03
2024-01-21 01:45:00,31.172,39.558,0.0,35.07,66.55
2024-01-21 01:50:00,34.982,31.75,0.0,46.75,43.2
2024-01-21 01:55:00,25.179,26.735,0.0,45.09,59.45
2024-01-21 02:00:00,44.19,36.121,0.0,34.55,69.59
2024-01-21 02:05:00,35.124,24.503,0.0,29.06,58.58
2024-01-21 02:10:00,40.228,27.637,0.0,50.24,43.57
2024-01-21 02:15:00,40.761,32.328,0.0,40.76,55.1
2024-01-21 02:20:00,39.561,26.754,0.0,34.01,73.52
2024-01-21 02:25:00,26.134,22.325,0.0,46.53,45.8
2024-01-21 02:30:00,33.067,27.096,0.0,37.31,55.6
2024-01-21 02:35:00,32.948,25.231,0.0,58.49,59.77
2024-01-21 02:40:00,29.713,30.323,0.0,42.71,67.13
2024-01-21 02:45:00,8.353,30.617,0.0,35.55,62.78
2024-01-21 02:50:00,36.775,36.333,0.0,36.43,39.26
2024-01-21 02:55:00,28.813,25.597,0.0,38.28,53.61
2024-01-21 03:00:00,37.17,25.117,0.0,59.41,61.01
2024-01-21 03:05:00,36.897,32.198,4.5096,44.58,60.97
2024-01-21 03:10:00,34.54,29.981,0.0,40.53,48.08
2024-01-21 03:15:00,35.994,36.348,0.0,38.67,53.65
2024-01-21 03:20:00,26.363,26.194,0.0,32.99,43.18
2024-01-21 03:25:00,31.549,27.362,0.0,15.44,57.06
2024-01-21 03:30:00,20.945,33.153,0.0,38.85,67.13
2024-01-21 03:35:00,33.654,26.862,0.0,48.43,57.86
2024-01-21 03:40:00,36.389,35.326,0.0,67.05,49.79
2024-01-21 03:45:00,39.162,34.191,0.1589,47.68,59.19
2024-01-21 03:50:00,24.663,36.388,0.0,34.39,60.97
2024-01-21 03:55:00,23.259,32.232,0.0,26.51,56.79
2024-01-21 04:00:00,37.417,35.002,0.0,60.08,62.75
2024-01-21 04:05:00,51.16,40.241,0.0,53.04,66.95
2024-01-21 04:10:00,28.671,30.537,0.0,45.47,56.01
2024-01-21 04:15:00,23.928,34.96,0.0,48.18,65.02
2024-01-21 04:20:00,36.181,39.775,0.4847,23.84,58.33
2024-01-21 04:25:00,23.152,18.209,0.0,32.92,51.96
2024-01-21 04:30:00,22.134,34.545,0.0,41.54,45.27
2024-01-21 04:35:00,24.618,31.907,0.3709,39.23,50.13
2024-01-21 04:40:00,20.525,31.866,0.0,48.14,64.57
2024-01-21 04:45:00,47.113,30.834,0.0,33.67,54.26
2024-01-21 04:50:00,27.453,23.661,0.0,51.66,60.61
2024-01-21 04:55:00,43.052,18.581,0.0,41.22,56.6
2024-01-21 05:00:00,26.17,32.975,0.0,40.77,55.95
2024-01-21 05:05:00,33.944,34.0,0.0,33.84,62.39
2024-01-21 05:10:00,27.077,43.758,0.0,43.55,65.4
2024-01-21 05:15:00,21.658,26.619,0.0,34.08,55.23
2024-01-21 05:20:00,18.937,28.853,0.0,48.93,67.15
2024-01-21 05:25:00,23.107,32.568,0.0,39.92,59.19
2024-01-21 05:30:00,39.136,23.288,0.3727,42.86,52.29
2024-01-21 05:35:00,31.342,39.987,0.0,62.53,62.66
2024-01-21 05:40:00,36.107,25.142,0.0,27.76,61.25
2024-01-21 05:45:00,36.181,46.444,0.0,54.01,59.93
2024-01-21 05:50:00,17.069,36.026,0.0,50.93,56.07
2024-01-21 05:55:00,31.018,28.026,0.0,37.94,61.65
2024-01-21 06:00:00,47.432,41.14,0.0,24.57,68.78
2024-01-21 06:05:00,85.97,30.465,0.0,36.44,57.98
2024-01-21 06:10:00,44.963,41.716,0.0,54.58,48.65
2024-01-21 06:15:00,47.585,36.513,0.0,40.55,58.83
2024-01-21 06:20:00,42.024,27.589,0.0,31.2,53.79
2024-01-21 06:25:00,26.6,22.756,0.0,23.96,53.28
2024-01-21 06:30:00,52.174,38.508,0.0,46.59,63.31
2024-01-21 06:35:00,111.238,45.154,0.0,69.89,51.0
2024-01-21 06:40:00,38.428,28.186,0.0,51.15,47.29
2024-01-21 06:45:00,45.165,34.311,0.0,45.64,56.79
2024-01-21 06:50:00,25.445,30.043,0.2839,54.13,65.45
2024-01-21 06:55:00,28.133,38.844,0.0,44.09,62.59
2024-01-21 07:00:00,20.7,28.998,0.0,27.01,53.58
2024-01-21 07:05:00,20.62,40.337,0.0,44.93,63.96
2024-01-21 07:10:00,33.837,28.645,0.0,38.03,51.65
2024-01-21 07:15:00,30.73,26.574,0.0,47.23,53.86
2024-01-21 07:20:00,21.495,32.507,0.0,44.01,82.46
2024-01-21 07:25:00,33.965,36.896,0.0,33.83,57.6
2024-01-21 07:30:00,32.51,25.204,0.0,41.61,51.64
2024-01-21 07:35:00,31.041,26.59,0.0,34.28,70.74
2024-01-21 07:40:00,33.897,26.465,0.0,32.15,62.53
2024-01-21 07:45:00,38.998,38.845,0.0,62.65,64.46
2024-01-21 07:50:00,37.785,32.476,0.0,65.26,63.54
2024-01-21 07:55:00,38.813,39.053,0.0,24.01,64.9
2024-01-21 08:00:00,27.871,41.084,0.0,46.2,49.55
2024-01-21 08:05:00,23.381,20.213,0.0,49.27,56.52
2024-01-21 08:10:00,41.911,34.665,0.0,29.69,61.24
2024-01-21 08:15:00,35.644,34.632,0.0,43.29,58.19
2024-01-21 08:20:00,35.155,27.141,0.0,43.72,59.46
2024-01-21 08:25:00,34.024,36.633,0.0,39.95,54.69
2024-01-21 08:30:00,38.059,26.407,0.0,55.7,59.99
2024-01-21 08:35:00,13.674,20.119,0.0,40.35,62.11
2024-01-21 08:40:00,30.46,38.839,0.0,35.27,69.35
2024-01-21 08:45:00,45.11,40.438,0.0,49.52,60.7
2024-01-21 08:50:00,30.124,37.684,0.0,56.59,70.79
2024-01-21 08:55:00,16.551,31.605,0.1543,47.91,60.66
2024-01-21 09:00:00,24.946,35.505,0.0,57.53,64.47
2024-01-21 09:05:00,42.403,42.712,0.0,22.32,56.64
2024-01-21 09:10:00,33.233,22.505,0.0,29.57,56.34
2024-01-21 09:15:00,42.41,34.75,0.0,38.35,55.4
2024-01-21 09:20:00,25.795,24.589,0.0,35.83,56.74
2024-01-21 09:25:00,38.316,33.474,0.0,47.48,50.76
2024-01-21 09:30:00,29.1,26.285,0.0,57.18,59.27
2024-01-21 09:35:00,37.194,29.846,0.0,32.14,58.99
2024-01-21 09:40:00,25.125,29.567,0.0,27.97,60.88
2024-01-21 09:45:00,47.144,35.703,0.4728,42.32,62.95
2024-01-21 09:50:00,36.476,32.068,0.0,25.65,72.54
2024-01-21 09:55:00,14.304,34.419,0.0,58.28,64.26
2024-01-21 10:00:00,28.069,23.286,0.0,23.77,60.09
2024-01-21 10:05:00,25.851,33.276,0.0,27.85,57.51
2024-01-21 10:10:00,28.038,40.657,0.0,36.58,58.02
2024-01-21 10:15:00,44.273,20.944,0.0,27.08,57.87
2024-01-21 10:20:00,30.73,36.187,0.0,38.44,52.23
2024-01-21 10:25:00,37.962,34.511,0.0,41.99,52.29
2024-01-21 10:30:00,29.706,36.354,0.0,43.09,49.88
2024-01-21 10:35:00,40.52,32.32,0.0,47.44,64.7
2024-01-21 10:40:00,13.309,36.648,0.0,27.35,53.0
2024-01-21 10:45:00,21.547,31.602,0.0,34.98,60.89
2024-01-21 10:50:00,31.53,23.797,0.0,26.76,66.66
2024-01-21 10:55:00,32.175,38.836,0.0,14.58,57.8
2024-01-21 11:00:00,32.74,36.975,0.0,40.26,55.21
2024-01-21 11:05:00,39.664,39.723,0.0,68.02,55.27
2024-01-21 11:10:00,40.595,34.181,0.0,48.39,54.8
2024-01-21 11:15:00,30.706,32.298,0.0,42.05,66.32
2024-01-21 11:20:00,28.813,31.668,0.0,49.0,50.5
2024-01-21 11:25:00,29.194,37.536,0.0,45.62,52.48
2024-01-21 11:30:00,22.856,27.393,0.0,22.83,55.43
2024-01-21 11:35:00,27.087,25.99,0.0,60.42,67.76
2024-01-21 11:40:00,26.227,34.36,0.0,40.37,52.28
2024-01-21 11:45:00,33.828,193.784,0.0,45.66,54.73
2024-01-21 11:50:00,25.735,28.181,0.0,25.89,64.67
2024-01-21 11:55:00,21.513,31.15,0.0,43.31,49.64
2024-01-21 12:00:00,27.705,34.879,0.0,31.94,59.49
2024-01-21 12:05:00,48.921,25.785,0.0,55.79,53.49
2024-01-21 12:10:00,31.39,28.489,0.0,27.11,53.46
2024-01-21 12:15:00,31.474,30.462,0.0,35.85,58.55
2024-01-21 12:20:00,50.275,37.447,0.0,61.83,57.26
2024-01-21 12:25:00,36.384,30.866,0.0,43.59,67.43
2024-01-21 12:30:00,53.992,44.37,0.0,50.07,59.49
2024-01-21 12:35:00,39.645,24.727,0.0,26.24,39.56
2024-01-21 12:40:00,17.362,35.988,0.0,38.11,62.98
2024-01-21 12:45:00,35.701,24.879,0.0,28.31,53.7
2024-01-21 12:50:00,37.828,26.821,0.0,42.1,63.51
2024-01-21 12:55:00,31.721,40.803,0.0,42.11,62.29
2024-01-21 13:00:00,26.265,24.718,0.0,52.16,40.34
2024-01-21 13:05:00,21.511,37.616,0.0,42.43,57.23
2024-01-21 13:10:00,39.656,37.532,0.0,51.51,61.54
2024-01-21 13:15:00,34.892,33.305,0.0,43.03,64.73
2024-01-21 13:20:00,24.51,25.422,0.0,36.05,65.21
2024-01-21 13:25:00,31.242,23.825,0.0,23.47,61.33
2024-01-21 13:30:00,25.455,30.293,0.0,23.44,50.5
2024-01-21 13:35:00,46.943,31.551,0.0,33.65,66.98
2024-01-21 13:40:00,30.204,37.134,0.0,42.42,59.4
2024-01-21 13:45:00,31.406,37.059,0.0,36.29,73.04
2024-01-21 13:50:00,24.117,33.511,2.9278,24.4,59.85
2024-01-21 13:55:00,23.876,27.341,0.0,27.6,56.15
2024-01-21 14:00:00,19.262,22.731,0.4932,41.11,63.48
2024-01-21 14:05:00,40.523,29.183,0.0,49.87,67.59
2024-01-21 14:10:00,36.131,35.667,0.0,61.84,56.71
2024-01-21 14:15:00,22.985,27.968,0.0,40.96,56.18
2024-01-21 14:20:00,30.59,36.465,0.0,35.71,56.59
2024-01-21 14:25:00,30.072,35.549,0.0,38.33,43.0
2024-01-21 14:30:00,12.672,25.272,0.0,15.18,62.14
2024-01-21 14:35:00,34.416,30.797,0.0,31.77,63.54
2024-01-21 14:40:00,37.549,33.997,0.0,34.07,48.89
2024-01-21 14:45:00,29.267,22.151,0.0,38.03,49.57
2024-01-21 14:50:00,37.326,30.851,0.0,30.45,63.06
2024-01-21 14:55:00,23.648,29.02,0.1475,12.13,63.19
2024-01-21 15:00:00,27.613,29.231,0.0,51.07,61.32
2024-01-21 15:05:00,41.943,37.547,0.0,52.8,52.99
2024-01-21 15:10:00,28.772,27.891,0.0,20.81,79.96
2024-01-21 15:15:00,41.17,34.899,0.0,21.37,65.85
2024-01-21 15:20:00,43.193,29.576,0.0,26.95,51.84
2024-01-21 15:25:00,24.077,35.549,0.0,32.26,61.37
2024-01-21 15:30:00,24.805,38.021,0.1358,18.69,52.56
2024-01-21 15:35:00,37.027,38.974,0.0,53.45,69.6
2024-01-21 15:40:00,24.244,35.638,0.0,45.43,71.82
2024-01-21 15:45:00,42.053,31.903,0.0,28.57,56.86
2024-01-21 15:50:00,33.562,23.016,0.0,47.15,62.5
2024-01-21 15:55:00,27.369,26.813,0.0,35.87,63.33
2024-01-21 16:00:00,17.769,16.593,0.0,40.07,55.94
2024-01-21 16:05:00,33.862,33.835,0.0,41.35,52.28
2024-01-21 16:10:00,28.487,29.488,0.0,31.46,49.14
2024-01-21 16:15:00,37.288,33.515,0.0,48.58,56.47
2024-01-21 16:20:00,14.292,28.215,0.0,33.19,61.78
2024-01-21 16:25:00,40.716,33.066,0.0,38.65,60.65
2024-01-21 16:30:00,41.473,31.561,0.0,34.17,63.56
2024-01-21 16:35:00,19.946,27.116,0.0,26.34,71.82
2024-01-21 16:40:00,39.271,35.464,0.0,64.05,52.1
2024-01-21 16:45:00,22.046,37.805,0.0,45.3,53.52
2024-01-21 16:50:00,17.105,26.185,0.0,47.26,57.9
2024-01-21 16:55:00,36.788,30.287,0.0,56.66,65.58
2024-01-21 17:00:00,17.015,38.551,2.113,41.84,59.7
2024-01-21 17:05:00,26.842,37.267,0.0,43.08,56.37
2024-01-21 17:10:00,39.909,36.274,0.0,56.22,58.85
2024-01-21 17:15:00,39.947,22.093,0.0,50.87,58.97
2024-01-21 17:20:00,29.511,29.242,0.0,28.17,51.81
2024-01-21 17:25:00,41.288,29.782,0.0,29.35,46.3
2024-01-21 17:30:00,32.634,40.11,0.0,46.76,68.78
2024-01-21 17:35:00,35.025,33.53,0.0,36.12,53.5
2024-01-21 17:40:00,25.746,36.699,0.0,38.8,58.27
2024-01-21 17:45:00,30.141,26.221,0.0,44.87,54.51
2024-01-21 17:50:00,27.972,25.675,0.0,57.24,69.01
2024-01-21 17:55:00,35.493,25.308,0.0,72.16,71.64
2024-01-21 18:00:00,22.622,27.276,0.0,26.38,33.96
2024-01-21 18:05:00,39.266,28.906,0.0,16.82,54.91
2024-01-21 18:10:00,35.861,31.652,0.1289,61.04,59.99
2024-01-21 18:15:00,29.681,33.059,0.0,46.21,76.34
2024-01-21 18:20:00,35.995,31.074,0.0,13.92,57.29
2024-01-21 18:25:00,37.509,36.22,0.139,63.65,62.93
2024-01-21 18:30:00,38.267,121.129,0.0,20.42,56.09
2024-01-21 18:35:00,30.169,19.523,0.0,47.15,48.8
2024-01-21 18:40:00,43.778,37.205,0.0,55.73,44.95
2024-01-21 18:45:00,30.098,28.097,0.0,25.12,55.04
2024-01-21 18:50:00,28.631,39.964,0.0,28.82,47.28
2024-01-21 18:55:00,35.214,34.109,0.0,30.66,55.27
2024-01-21 19:00:00,19.699,28.843,0.0,47.12,55.44
2024-01-21 19:05:00,44.291,32.842,0.4812,58.61,68.23
2024-01-21 19:10:00,42.164,27.217,0.0,60.21,69.64
2024-01-21 19:15:00,31.259,30.316,0.0,28.02,64.45
2024-01-21 19:20:00,32.258,33.279,0.0,45.91,54.52
2024-01-21 19:25:00,40.797,36.315,0.0,32.06,56.11
2024-01-21 19:30:00,12.153,21.717,0.0,33.07,56.19
2024-01-21 19:35:00,41.782,37.868,0.0,28.35,47.84
2024-01-21 19:40:00,31.448,48.436,0.0,44.2,65.58
2024-01-21 19:45:00,30.171,30.773,0.0,41.48,59.94
2024-01-21 19:50:00,26.46,32.888,0.0,46.31,59.48
2024-01-21 19:55:00,28.261,28.594,0.1394,38.64,57.3
2024-01-21 20:00:00,45.434,28.925,0.0,55.22,57.02
2024-01-21 20:05:00,42.553,26.805,0.0,34.73,70.87
2024-01-21 20:10:00,25.442,32.508,0.0,30.53,63.51
2024-01-21 20:15:00,23.207,21.94,0.0,40.85,56.15
2024-01-21 20:20:00,40.162,48.492,4.6817,42.77,49.25
2024-01-21 20:25:00,25.318,31.939,0.0,41.42,60.87
2024-01-21 20:30:00,32.507,26.816,0.052,37.48,65.91
2024-01-21 20:35:00,38.557,37.161,0.0,30.16,63.22
2024-01-21 20:40:00,38.788,32.659,0.0,89.26,59.63
2024-01-21 20:45:00,33.942,28.332,0.0,28.81,68.38
2024-01-21 20:50:00,31.719,35.101,0.0,62.14,57.67
2024-01-21 20:55:00,32.373,24.536,0.0,48.65,66.56
2024-01-21 21:00:00,35.506,31.83,0.0,36.5,46.83
2024-01-21 21:05:00,29.613,26.551,0.0,38.19,68.05
2024-01-21 21:10:00,39.754,37.769,1.5731,36.85,53.1
2024-01-21 21:15:00,46.578,163.839,0.0,41.59,62.81
2024-01-21 21:20:00,35.023,32.163,0.0,29.97,55.52
2024-01-21 21:25:00,33.017,26.696,0.0,53.96,52.94
2024-01-21 21:30:00,22.379,21.433,0.0,39.1,52.22
2024-01-21 21:35:00,36.997,35.35,0.0,31.17,68.95
2024-01-21 21:40:00,41.29,43.345,0.0,21.4,60.79
2024-01-21 21:45:00,34.237,38.832,0.0,30.6,55.25
2024-01-21 21:50:00,18.965,25.239,0.0,41.19,50.99
2024-01-21 21:55:00,26.635,24.769,0.0,25.63,59.46
2024-01-21 22:00:00,38.168,28.516,0.0,31.38,63.31
2024-01-21 22:05:00,37.864,34.181,0.0,34.95,60.95
2024-01-21 22:10:00,12.928,18.097,0.0,21.99,74.84
2024-01-21 22:15:00,25.234,21.513,0.2447,47.2,56.66
2024-01-21 22:20:00,40.857,31.267,0.0,40.88,63.33
2024-01-21 22:25:00,38.922,37.031,0.3741,39.65,36.93
2024-01-21 22:30:00,36.758,31.512,0.0,40.58,66.0
2024-01-21 22:35:00,38.862,35.226,0.0,56.23,70.07
2024-01-21 22:40:00,45.892,35.799,0.0,60.23,52.19
2024-01-21 22:45:00,28.669,33.11,0.0,40.08,59.12
2024-01-21 22:50:00,27.73,34.971,0.0,48.87,52.57
2024-01-21 22:55:00,42.731,44.345,0.0,44.91,58.78
2024-01-21 23:00:00,32.441,22.53,0.0,37.77,45.66
2024-01-21 23:05:00,37.275,40.759,0.0,37.25,54.42
2024-01-21 23:10:00,37.219,29.257,0.0,33.85,60.11
2024-01-21 23:15:00,31.489,31.746,0.0,44.29,60.45
2024-01-21 23:20:00,19.8,34.432,0.0,40.45,77.6
2024-01-21 23:25:00,25.633,40.061,0.0,40.87,63.4
2024-01-21 23:30:00,27.781,39.419,0.0,59.06,57.56
2024-01-21 23:35:00,23.5,30.385,0.1115,39.69,55.9
2024-01-21 23:40:00,28.313,36.562,0.0,30.58,69.96
2024-01-21 23:45:00,24.035,28.37,0.0,38.18,55.46
2024-01-21 23:50:00,57.259,39.348,0.0,48.63,57.28
2024-01-21 23:55:00,25.584,25.797,0.0,13.85,65.31
2024-01-22 00:00:00,28.401,35.515,0.0,40.89,59.48
2024-01-22 00:05:00,38.139,22.62,0.0,43.43,67.65
2024-01-22 00:10:00,44.379,28.575,0.0,29.63,44.77
2024-01-22 00:15:00,51.255,34.143,0.0,36.5,63.4
2024-01-22 00:20:00,30.363,22.111,0.0,26.04,58.54
2024-01-22 00:25:00,89.916,42.9,0.0,43.48,55.59
2024-01-22 00:30:00,36.42,32.753,0.0,49.7,62.88
2024-01-22 00:35:00,44.892,19.562,0.0,22.06,65.46
2024-01-22 00:40:00,22.709,30.083,0.0,42.35,57.67
2024-01-22 00:45:00,33.108,28.317,0.0,56.82,75.48
2024-01-22 00:50:00,22.052,25.047,0.0,53.54,40.47
2024-01-22 00:55:00,30.227,28.481,0.0,45.15,46.79
2024-01-22 01:00:00,35.257,36.454,0.0,14.47,67.06
2024-01-22 01:05:00,22.78,34.333,0.0,43.22,63.05
2024-01-22 01:10:00,21.665,34.307,0.0,86.88,40.11
2024-01-22 01:15:00,38.045,39.78,0.0,38.62,62.46
2024-01-22 01:20:00,36.815,37.461,0.0,46.12,54.0
2024-01-22 01:25:00,31.261,21.933,0.0,89.78,63.16
2024-01-22 01:30:00,44.167,30.296,0.0,37.74,64.05
2024-01-22 01:35:00,39.643,39.043,0.0,46.63,58.72
2024-01-22 01:40:00,28.712,45.449,0.0,52.09,55.32
2024-01-22 01:45:00,37.89,30.921,0.0,38.55,63.27
2024-01-22 01:50:00,37.879,44.722,0.0,29.42,55.42
2024-01-22 01:55:00,29.214,35.558,0.0,52.76,66.31
2024-01-22 02:00:00,36.257,31.182,0.0,87.04,46.52
2024-01-22 02:05:00,40.961,35.766,0.0,40.46,58.34
2024-01-22 02:10:00,20.546,34.668,0.0,19.15,44.89
2024-01-22 02:15:00,34.796,33.188,0.0,58.16,47.79
2024-01-22 02:20:00,11.523,32.893,0.0,42.96,53.71
2024-01-22 02:25:00,45.625,28.612,0.0,34.89,42.89
2024-01-22 02:30:00,21.83,22.618,0.0,37.92,71.78
2024-01-22 02:35:00,22.216,28.831,0.0,13.58,55.16
2024-01-22 02:40:00,37.257,34.166,0.3484,31.81,57.25
2024-01-22 02:45:00,34.051,28.416,0.0,28.83,66.78
2024-01-22 02:50:00,28.804,27.68,0.0,28.95,60.68
2024-01-22 02:55:00,37.13,40.485,0.0,42.99,47.63
2024-01-22 03:00:00,36.381,41.694,0.0,44.95,58.79
2024-01-22 03:05:00,20.175,40.554,0.0,14.84,60.49
2024-01-22 03:10:00,10.261,23.448,0.0,35.67,54.29
2024-01-22 03:15:00,31.98,36.505,0.0,17.84,53.97
2024-01-22 03:20:00,37.753,37.047,0.0,28.59,61.24
2024-01-22 03:25:00,26.072,32.203,0.0,14.8,61.33
2024-01-22 03:30:00,27.826,44.921,0.0,28.3,56.5
2024-01-22 03:35:00,26.833,27.974,0.0,25.85,51.19
2024-01-22 03:40:00,26.282,45.761,0.3111,38.4,38.61
2024-01-22 03:45:00,14.034,30.332,0.0,47.54,59.74
2024-01-22 03:50:00,26.962,25.957,0.4612,34.45,66.34
2024-01-22 03:55:00,33.375,38.29,0.0,38.66,62.27
2024-01-22 04:00:00,47.386,44.119,0.0,37.91,58.8
2024-01-22 04:05:00,24.636,19.678,0.4155,44.04,51.08
2024-01-22 04:10:00,48.576,29.791,0.0,25.65,70.92
2024-01-22 04:15:00,16.665,32.958,0.0,35.35,53.02
2024-01-22 04:20:00,38.304,43.723,0.0,51.08,70.7
2024-01-22 04:25:00,39.447,32.48,0.0,42.24,45.29
2024-01-22 04:30:00,35.502,27.138,0.0,65.39,60.09
2024-01-22 04:35:00,30.734,44.762,0.0,38.81,62.03
2024-01-22 04:40:00,40.194,25.667,0.0,32.14,52.13
2024-01-22 04:45:00,35.29,223.436,0.0,36.66,43.93
2024-01-22 04:50:00,40.973,29.58,0.0,97.58,55.26
2024-01-22 04:55:00,32.343,30.755,0.0,40.24,53.55
2024-01-22 05:00:00,51.091,30.029,0.0,41.74,54.83
2024-01-22 05:05:00,37.272,27.049,0.0,37.81,54.99
2024-01-22 05:10:00,34.864,28.747,0.0,60.98,56.76
2024-01-22 05:15:00,29.481,47.192,0.0,38.76,47.43
2024-01-22 05:20:00,32.573,33.868,0.0,44.04,45.71
2024-01-22 05:25:00,30.197,34.147,0.0,50.41,58.8
2024-01-22 05:30:00,41.84,43.28,0.0,33.42,49.05
2024-01-22 05:35:00,25.643,34.288,0.0,29.05,49.9
2024-01-22 05:40:00,29.423,28.021,0.0,36.09,53.18
2024-01-22 05:45:00,30.994,27.347,0.0,44.93,51.69
2024-01-22 05:50:00,35.742,31.373,0.0,45.63,69.79
2024-01-22 05:55:00,42.592,29.817,0.0,33.62,53.29
2024-01-22 06:00:00,39.783,25.812,0.0,36.01,52.48
2024-01-22 06:05:00,31.457,21.457,0.0,49.09,44.56
2024-01-22 06:10:00,32.065,36.153,0.0,13.32,66.11
2024-01-22 06:15:00,27.769,29.611,0.0,33.2,65.42
2024-01-22 06:20:00,25.043,31.815,0.0,24.99,69.67
2024-01-22 06:25:00,35.797,31.601,0.0,78.85,63.09
2024-01-22 06:30:00,38.867,34.524,0.0,22.6,57.12
2024-01-22 06:35:00,49.21,29.346,0.0,25.12,62.17
2024-01-22 06:40:00,29.13,25.893,0.0,47.5,65.3
2024-01-22 06:45:00,34.08,18.439,0.0,45.01,60.01
2024-01-22 06:50:00,33.111,33.377,0.0,39.68,62.95
2024-01-22 06:55:00,28.218,37.998,0.0,38.77,47.44
2024-01-22 07:00:00,30.791,21.857,0.0,32.15,70.0
2024-01-22 07:05:00,26.674,35.616,0.0,57.09,68.45
2024-01-22 07:10:00,32.284,24.087,0.0,50.25,61.78
2024-01-22 07:15:00,37.467,26.259,0.0,50.71,46.64
2024-01-22 07:20:00,20.182,38.069,0.0,48.84,53.21
2024-01-22 07:25:00,30.716,28.744,0.0,35.91,36.73
2024-01-22 07:30:00,28.586,45.1,0.0,48.5,44.44
2024-01-22 07:35:00,35.952,35.569,0.0,67.7,55.85
2024-01-22 07:40:00,33.676,33.602,0.0,21.25,63.26
2024-01-22 07:45:00,20.414,37.494,0.0,36.31,68.58
2024-01-22 07:50:00,25.012,33.383,0.0,52.83,62.04
2024-01-22 07:55:00,46.628,29.328,0.0,32.47,60.18
2024-01-22 08:00:00,115.711,36.85,0.0,62.97,60.35
2024-01-22 08:05:00,89.426,45.065,0.0,52.21,60.22
2024-01-22 08:10:00,105.333,40.484,0.0,60.9,55.51
2024-01-22 08:15:00,115.284,39.164,0.0,49.57,67.69
2024-01-22 08:20:00,110.261,39.803,0.0,55.2,49.1
2024-01-22 08:25:00,101.715,39.4,0.0,34.19,58.59
2024-01-22 08:30:00,147.519,51.493,0.0,52.48,65.2
2024-01-22 08:35:00,108.204,44.906,0.0,56.1,68.1
2024-01-22 08:40:00,130.651,37.81,0.0,70.34,61.73
2024-01-22 08:45:00,74.721,32.909,0.0,67.21,47.79
2024-01-22 08:50:00,89.678,41.441,0.0,50.4,64.11
2024-01-22 08:55:00,130.874,36.409,0.0,56.36,60.36
2024-01-22 09:00:00,104.326,49.646,0.0,77.21,69.7
2024-01-22 09:05:00,130.868,50.642,0.0,74.4,62.47
2024-01-22 09:10:00,126.855,43.954,0.0,62.01,66.82
2024-01-22 09:15:00,126.984,36.284,0.0,49.92,33.0
2024-01-22 09:20:00,108.513,42.31,0.0,53.35,56.53
2024-01-22 09:25:00,110.276,34.874,0.0,65.09,53.2
2024-01-22 09:30:00,120.125,57.775,0.0,62.71,56.59
2024-01-22 09:35:00,121.73,36.77,0.0,40.53,58.78
2024-01-22 09:40:00,133.045,52.289,0.0,64.95,48.05
2024-01-22 09:45:00,91.258,36.248,0.0,63.28,65.43
2024-01-22 09:50:00,129.227,41.696,0.0,61.52,65.41
2024-01-22 09:55:00,88.402,29.364,0.0,56.08,75.27
2024-01-22 10:00:00,114.291,43.871,0.0,38.54,43.9
2024-01-22 10:05:00,107.98,45.252,0.0,38.38,69.53
2024-01-22 10:10:00,113.312,44.37,0.0,49.46,46.24
2024-01-22 10:15:00,96.483,41.053,0.0,40.83,52.04
2024-01-22 10:20:00,107.909,44.138,0.0,50.7,71.95
2024-01-22 10:25:00,123.724,42.12,0.0,50.21,56.12
2024-01-22 10:30:00,79.282,40.826,0.0,45.42,73.65
2024-01-22 10:35:00,128.336,50.805,0.0,44.53,46.52
2024-01-22 10:40:00,135.573,39.083,0.0,50.87,48.92
2024-01-22 10:45:00,87.491,43.827,0.0,46.99,70.27
2024-01-22 10:50:00,51.128,37.378,0.0,33.85,50.4
2024-01-22 10:55:00,121.245,49.696,0.0,54.58,63.62
2024-01-22 11:00:00,79.83,38.627,0.0,23.77,53.21
2024-01-22 11:05:00,63.106,27.228,0.0,53.02,61.64
2024-01-22 11:10:00,125.236,42.881,0.0,88.46,58.04
2024-01-22 11:15:00,122.63,38.812,0.0,37.63,53.64
2024-01-22 11:20:00,136.128,46.879,0.0,64.95,63.99
2024-01-22 11:25:00,130.313,48.524,0.0,68.01,49.07
2024-01-22 11:30:00,112.192,44.505,0.0,59.8,63.09
2024-01-22 11:35:00,126.368,37.912,0.0,57.49,60.25
2024-01-22 11:40:00,129.818,45.945,0.0,65.51,46.84
2024-01-22 11:45:00,108.783,39.99,0.0,63.96,49.23
2024-01-22 11:50:00,114.759,40.963,0.0,22.79,58.29
2024-01-22 11:55:00,121.834,34.375,0.0,55.65,56.56
2024-01-22 12:00:00,109.222,36.717,0.0,45.88,57.43
2024-01-22 12:05:00,103.003,37.528,0.0,62.9,75.98
2024-01-22 12:10:00,122.512,48.934,0.0,56.57,58.7
2024-01-22 12:15:00,110.074,35.089,0.0,82.62,61.78
2024-01-22 12:20:00,116.683,47.062,0.0,46.99,69.39
2024-01-22 12:25:00,136.463,42.88,0.0,61.66,56.79
2024-01-22 12:30:00,90.781,48.26,0.0,44.73,44.54
2024-01-22 12:35:00,79.384,40.531,0.0,57.65,56.29
2024-01-22 12:40:00,107.711,36.668,0.0,51.38,63.71
2024-01-22 12:45:00,102.154,26.697,0.0,60.78,47.48
2024-01-22 12:50:00,109.729,36.925,0.0,55.98,58.8
2024-01-22 12:55:00,117.203,42.632,0.0,54.99,70.23
2024-01-22 13:00:00,132.781,43.448,0.0,53.66,56.74
2024-01-22 13:05:00,129.395,50.972,0.0,42.59,54.91
2024-01-22 13:10:00,130.027,40.795,0.0,55.25,74.36
2024-01-22 13:15:00,80.442,32.89,0.0,55.85,60.5
2024-01-22 13:20:00,113.284,48.31,0.0,69.64,43.32
2024-01-22 13:25:00,121.717,40.262,0.0,53.85,60.91
2024-01-22 13:30:00,89.487,40.664,0.0,83.86,58.09
2024-01-22 13:35:00,99.766,34.502,0.0,55.5,69.18
2024-01-22 13:40:00,117.694,34.793,0.0,56.71,45.43
2024-01-22 13:45:00,141.524,47.457,0.0,79.73,49.49
2024-01-22 13:50:00,127.215,49.124,0.0864,48.95,60.76
2024-01-22 13:55:00,83.658,32.945,0.0,50.07,64.78
2024-01-22 14:00:00,114.826,37.274,0.0,79.12,57.14
2024-01-22 14:05:00,92.451,32.927,0.0,43.5,59.63
2024-01-22 14:10:00,167.338,46.912,0.0,66.14,76.47
2024-01-22 14:15:00,116.925,34.281,0.0,31.78,54.08
2024-01-22 14:20:00,355.073,69.205,0.4325,99.0,70.69
2024-01-22 14:25:00,136.205,43.997,0.0,94.8,61.96
2024-01-22 14:30:00,110.706,46.514,0.0,61.74,74.9
2024-01-22 14:35:00,50.794,30.135,0.0,26.17,63.66
2024-01-22 14:40:00,88.944,32.169,0.0,46.67,54.3
2024-01-22 14:45:00,145.117,50.694,0.0,39.69,50.46
2024-01-22 14:50:00,115.277,50.87,0.0,48.69,63.14
2024-01-22 14:55:00,112.435,38.104,0.0,41.94,72.5
2024-01-22 15:00:00,131.423,49.427,0.0,42.43,69.39
2024-01-22 15:05:00,116.835,39.154,0.0,57.73,61.84
2024-01-22 15:10:00,119.9,52.157,0.1312,58.7,58.65
2024-01-22 15:15:00,129.253,40.164,0.0,64.9,59.36
2024-01-22 15:20:00,108.252,38.602,0.0,53.78,39.51
2024-01-22 15:25:00,105.811,42.405,0.0,45.44,57.0
2024-01-22 15:30:00,90.783,45.017,0.0,55.37,64.49
2024-01-22 15:35:00,78.371,39.506,0.0,20.42,42.09
2024-01-22 15:40:00,101.184,46.348,0.0,66.41,58.25
2024-01-22 15:45:00,110.351,36.002,0.0,55.97,62.8
2024-01-22 15:50:00,111.797,42.785,0.0,21.07,71.03
2024-01-22 15:55:00,125.697,45.04,0.0,70.94,58.29
2024-01-22 16:00:00,322.042,69.391,0.0,84.85,48.49
2024-01-22 16:05:00,113.093,38.739,0.0,63.8,59.84
2024-01-22 16:10:00,97.354,50.874,0.0,56.97,54.95
2024-01-22 16:15:00,121.221,43.121,0.0,53.87,62.19
2024-01-22 16:20:00,113.029,49.447,0.0,71.29,52.53
2024-01-22 16:25:00,138.867,41.009,0.0,52.01,63.51
2024-01-22 16:30:00,122.754,46.552,0.0,42.26,54.0
2024-01-22 16:35:00,711.08,116.563,0.0,99.0,49.51
2024-01-22 16:40:00,106.4,40.172,0.0,46.1,64.33
2024-01-22 16:45:00,107.834,41.16,0.0,39.46,68.84
2024-01-22 16:50:00,95.88,29.678,0.0,38.09,60.19
2024-01-22 16:55:00,103.112,41.241,0.0,53.64,52.73
2024-01-22 17:00:00,107.238,26.893,0.0,69.64,63.38
2024-01-22 17:05:00,141.642,56.691,0.0,39.95,58.3
2024-01-22 17:10:00,169.849,60.366,0.0,62.46,68.83
2024-01-22 17:15:00,95.692,35.754,0.0,55.53,53.45
2024-01-22 17:20:00,512.464,86.934,0.0,99.0,59.79
2024-01-22 17:25:00,111.349,41.279,0.0,66.16,59.98
2024-01-22 17:30:00,112.935,38.042,0.0,55.43,49.39
2024-01-22 17:35:00,156.139,38.485,0.0,60.76,45.23
2024-01-22 17:40:00,156.572,47.161,0.0,71.12,63.23
2024-01-22 17:45:00,114.869,36.046,0.0,53.03,49.67
2024-01-22 17:50:00,83.296,42.814,0.0,55.07,49.78
2024-01-22 17:55:00,119.739,33.689,0.0,39.12,63.87
2024-01-22 18:00:00,59.682,31.595,0.0,56.9,64.53
2024-01-22 18:05:00,116.527,44.762,0.0,59.5,46.64
2024-01-22 18:10:00,102.991,47.201,0.0,47.41,43.24
2024-01-22 18:15:00,80.4,32.528,0.0,47.88,62.77
2024-01-22 18:20:00,128.461,41.116,0.0,42.35,52.2
2024-01-22 18:25:00,91.121,37.492,0.0,39.45,45.95
2024-01-22 18:30:00,135.679,37.038,0.0,55.95,51.78
2024-01-22 18:35:00,127.123,41.381,0.0,54.48,54.61
2024-01-22 18:40:00,125.54,27.039,0.0,40.4,51.45
2024-01-22 18:45:00,140.345,53.782,0.0,80.41,42.81
2024-01-22 18:50:00,121.093,47.929,0.0,53.64,49.31
2024-01-22 18:55:00,132.911,46.531,0.0,67.56,34.61
2024-01-22 19:00:00,48.739,29.678,0.0,43.15,62.8
2024-01-22 19:05:00,38.76,35.537,0.0,44.6,50.69
2024-01-22 19:10:00,10.431,30.691,1.4996,20.03,60.23
2024-01-22 19:15:00,38.59,34.108,0.0,55.39,55.2
2024-01-22 19:20:00,28.626,37.623,0.0,39.8,71.92
2024-01-22 19:25:00,39.969,32.449,0.0,44.36,49.63
2024-01-22 19:30:00,43.077,36.823,0.0,40.13,51.63
2024-01-22 19:35:00,27.045,33.653,0.0,7.0,54.62
2024-01-22 19:40:00,26.512,45.734,0.0,34.97,63.1
2024-01-22 19:45:00,27.965,24.696,0.0,64.27,69.41
2024-01-22 19:50:00,28.499,39.782,0.0,35.8,61.71
2024-01-22 19:55:00,38.021,34.562,0.0,47.55,60.95
2024-01-22 20:00:00,28.193,32.464,0.0,45.18,53.29
2024-01-22 20:05:00,153.528,44.285,0.0,73.91,58.02
2024-01-22 20:10:00,47.194,29.016,0.0,43.03,55.14
2024-01-22 20:15:00,33.169,39.69,0.0,37.59,70.77
2024-01-22 20:20:00,38.448,29.129,0.0,68.8,53.33
2024-01-22 20:25:00,32.849,31.301,0.0,57.79,58.73
2024-01-22 20:30:00,21.55,33.496,0.0,34.05,60.98
2024-01-22 20:35:00,27.401,26.795,0.0,25.18,67.09
2024-01-22 20:40:00,33.131,32.373,0.0,59.5,66.17
2024-01-22 20:45:00,38.304,32.513,0.0,77.82,70.82
2024-01-22 20:50:00,34.238,38.604,0.0,37.65,49.22
2024-01-22 20:55:00,26.646,33.922,0.0,54.25,82.74
2024-01-22 21:00:00,36.891,29.147,0.0,38.91,57.93
2024-01-22 21:05:00,21.718,41.265,0.0,34.93,51.61
2024-01-22 21:10:00,33.734,20.724,0.0,29.99,45.16
2024-01-22 21:15:00,27.889,24.942,0.0,50.46,64.78
2024-01-22 21:20:00,25.789,38.845,0.0,56.54,55.57
2024-01-22 21:25:00,16.853,32.189,0.0,29.5,48.41
2024-01-22 21:30:00,26.789,43.145,0.0,41.19,59.46
2024-01-22 21:35:00,37.406,33.15,0.0,39.87,62.76
2024-01-22 21:40:00,27.961,33.924,0.0,65.56,54.53
2024-01-22 21:45:00,44.437,36.705,0.0,36.8,63.56
2024-01-22 21:50:00,27.514,26.34,0.0,35.2,47.07
2024-01-22 21:55:00,19.827,30.802,0.0,49.08,54.08
2024-01-22 22:00:00,19.303,36.704,0.0,44.25,68.7
2024-01-22 22:05:00,33.007,35.052,0.0,35.21,53.76
2024-01-22 22:10:00,42.38,32.304,0.0,43.34,51.76
2024-01-22 22:15:00,11.898,30.42,0.0,27.74,40.56
2024-01-22 22:20:00,29.871,34.061,0.0,16.72,59.04
2024-01-22 22:25:00,29.78,28.304,0.0,50.12,65.94
2024-01-22 22:30:00,40.508,43.132,0.0,48.61,60.49
2024-01-22 22:35:00,33.465,18.967,0.0,27.39,61.33
2024-01-22 22:40:00,36.443,27.838,0.0,16.93,63.3
2024-01-22 22:45:00,44.616,28.909,0.0,31.84,61.81
2024-01-22 22:50:00,51.008,36.707,0.0,44.68,65.7
2024-01-22 22:55:00,27.637,32.982,0.0,37.59,44.25
2024-01-22 23:00:00,31.555,22.916,0.0,37.64,57.65
2024-01-22 23:05:00,23.542,27.639,0.0,37.87,45.26
2024-01-22 23:10:00,39.786,44.595,0.0,28.71,57.09
2024-01-22 23:15:00,43.376,39.556,0.0,49.26,55.2
2024-01-22 23:20:00,22.402,23.146,0.0,42.53,52.64
2024-01-22 23:25:00,27.948,32.196,0.0,23.32,64.89
2024-01-22 23:30:00,29.87,36.51,0.0,5.0,50.94
2024-01-22 23:35:00,23.335,27.739,0.0,57.86,58.87
2024-01-22 23:40:00,28.025,31.268,0.1607,93.62,44.04
2024-01-22 23:45:00,34.82,33.386,0.0,21.15,58.95
2024-01-22 23:50:00,42.354,22.542,0.0,62.92,71.48
2024-01-22 23:55:00,35.611,24.945,0.0,36.84,48.93
2024-01-23 00:00:00,38.593,30.196,0.0,22.94,69.45
2024-01-23 00:05:00,29.757,28.834,0.0,50.64,69.72
2024-01-23 00:10:00,26.113,23.807,0.0,41.02,66.89
2024-01-23 00:15:00,46.485,42.631,0.1927,56.63,66.97
2024-01-23 00:20:00,29.412,38.653,0.0,55.81,60.37
2024-01-23 00:25:00,34.394,19.211,0.0,31.9,79.44
2024-01-23 00:30:00,26.014,27.938,0.0,49.83,45.64
2024-01-23 00:35:00,13.286,17.797,0.0,56.07,63.94
2024-01-23 00:40:00,37.942,30.671,0.0,15.82,68.78
2024-01-23 00:45:00,29.937,37.742,0.0,38.92,61.09
2024-01-23 00:50:00,35.711,40.54,0.0,33.35,54.99
2024-01-23 00:55:00,90.657,40.506,0.0,40.35,47.83
2024-01-23 01:00:00,34.853,36.955,0.0,51.93,56.05
2024-01-23 01:05:00,19.284,27.725,0.0,93.44,54.49
2024-01-23 01:10:00,19.824,31.277,0.0,47.52,54.97
2024-01-23 01:15:00,46.417,28.405,0.0,44.29,63.24
2024-01-23 01:20:00,20.973,24.66,0.0,25.65,56.63
2024-01-23 01:25:00,29.356,22.017,0.0,48.01,43.02
2024-01-23 01:30:00,31.337,27.619,0.0,40.39,56.57
2024-01-23 01:35:00,33.51,31.281,0.0,58.5,52.25
2024-01-23 01:40:00,21.477,25.654,0.0,48.47,51.91
2024-01-23 01:45:00,25.961,23.511,0.0,48.74,64.11
2024-01-23 01:50:00,38.0,30.839,0.0,45.07,65.01
2024-01-23 01:55:00,29.449,33.698,0.0,39.29,58.98
2024-01-23 02:00:00,31.363,37.293,0.0,36.7,64.82
2024-01-23 02:05:00,24.756,28.292,0.4835,38.38,52.91
2024-01-23 02:10:00,40.017,33.338,0.0,56.01,59.16
2024-01-23 02:15:00,7.47,20.942,0.0,34.89,63.85
2024-01-23 02:20:00,35.555,31.162,0.0,34.79,53.34
2024-01-23 02:25:00,46.995,27.127,0.0,42.54,47.56
2024-01-23 02:30:00,34.578,32.087,0.0,44.6,61.67
2024-01-23 02:35:00,156.083,49.366,0.0,54.31,61.02
2024-01-23 02:40:00,15.271,32.569,0.0,41.78,56.12
2024-01-23 02:45:00,14.701,31.995,0.0,27.97,72.1
2024-01-23 02:50:00,27.071,31.268,0.0,57.26,57.5
2024-01-23 02:55:00,28.306,27.149,0.4338,40.86,63.88
2024-01-23 03:00:00,30.927,22.993,0.0,63.39,47.54
2024-01-23 03:05:00,11.202,22.121,0.0,32.34,62.35
2024-01-23 03:10:00,20.328,28.619,0.0,31.77,52.75
2024-01-23 03:15:00,25.573,25.19,0.0,65.36,63.94
2024-01-23 03:20:00,32.203,23.268,0.0,27.73,57.51
2024-01-23 03:25:00,21.258,36.524,0.0,51.47,51.55
2024-01-23 03:30:00,18.42,28.51,0.0,33.37,51.56
2024-01-23 03:35:00,45.948,23.519,0.0,42.72,52.52
2024-01-23 03:40:00,31.538,25.902,0.0,39.38,48.23
2024-01-23 03:45:00,43.084,33.521,0.0,36.56,59.72
2024-01-23 03:50:00,21.078,34.325,0.0,28.43,48.35
2024-01-23 03:55:00,48.278,43.468,0.1364,56.61,53.88
2024-01-23 04:00:00,34.016,27.297,0.0,39.42,68.91
2024-01-23 04:05:00,33.182,32.272,0.0,46.01,49.27
2024-01-23 04:10:00,31.764,29.165,0.0,55.91,71.07
2024-01-23 04:15:00,47.261,28.692,0.0,46.6,59.37
2024-01-23 04:20:00,37.202,38.991,0.0,54.36,55.02
2024-01-23 04:25:00,14.202,30.527,0.0,30.81,69.61
2024-01-23 04:30:00,33.171,34.319,0.0,41.09,61.4
2024-01-23 04:35:00,29.29,31.14,0.0,46.53,44.69
2024-01-23 04:40:00,32.775,35.164,0.0,30.48,62.39
2024-01-23 04:45:00,35.228,36.695,0.0,21.46,44.4
2024-01-23 04:50:00,32.347,24.094,0.0,33.18,45.16
2024-01-23 04:55:00,33.785,31.799,0.0,54.14,59.67
2024-01-23 05:00:00,23.185,27.277,0.0,47.74,72.65
2024-01-23 05:05:00,35.721,36.2,0.0,47.43,72.7
2024-01-23 05:10:00,22.296,36.7,0.1781,35.7,49.39
2024-01-23 05:15:00,50.354,36.37,0.0,49.28,67.14
2024-01-23 05:20:00,30.097,40.257,0.0,52.28,65.69
2024-01-23 05:25:00,29.541,29.657,0.0,37.93,56.13
2024-01-23 05:30:00,40.288,29.079,0.0,41.18,55.7
2024-01-23 05:35:00,14.103,25.839,0.0802,38.75,60.53
2024-01-23 05:40:00,15.968,32.278,0.0,47.44,61.97
2024-01-23 05:45:00,35.293,34.121,0.0,39.94,62.03
2024-01-23 05:50:00,23.639,24.143,0.0,35.01,53.25
2024-01-23 05:55:00,19.135,29.589,0.0,33.27,59.76
2024-01-23 06:00:00,28.073,42.088,0.0,38.7,64.28
2024-01-23 06:05:00,43.867,34.587,0.0,41.23,66.91
2024-01-23 06:10:00,29.233,32.448,0.0,45.07,56.75
2024-01-23 06:15:00,24.481,29.655,0.1579,42.52,70.09
2024-01-23 06:20:00,133.313,51.822,0.1848,58.3,72.84
2024-01-23 06:25:00,29.061,28.636,0.0,36.27,56.22
2024-01-23 06:30:00,32.816,27.948,0.1718,53.26,63.15
2024-01-23 06:35:00,32.31,31.999,0.0,50.61,58.8
2024-01-23 06:40:00,34.959,31.94,0.0,22.12,52.94
2024-01-23 06:45:00,38.263,30.627,0.0,20.46,65.13
2024-01-23 06:50:00,43.244,35.742,0.0,39.06,53.54
2024-01-23 06:55:00,44.252,38.473,0.0,36.45,56.14
2024-01-23 07:00:00,24.123,28.93,0.0,27.52,49.29
2024-01-23 07:05:00,12.204,26.766,0.0,28.11,50.09
2024-01-23 07:10:00,32.765,32.297,0.0,34.15,59.69
2024-01-23 07:15:00,33.669,198.613,0.0,23.61,56.81
2024-01-23 07:20:00,21.465,22.755,0.0,22.49,77.62
2024-01-23 07:25:00,57.923,41.057,0.0,58.14,52.39
2024-01-23 07:30:00,30.696,23.807,0.0,45.59,58.58
2024-01-23 07:35:00,21.544,24.903,0.0,32.97,66.25
2024-01-23 07:40:00,42.143,34.324,0.0,55.76,51.19
2024-01-23 07:45:00,23.061,28.174,0.0,16.8,68.42
2024-01-23 07:50:00,43.407,25.135,0.0,50.75,49.55
2024-01-23 07:55:00,27.7,36.224,0.0,51.77,68.91
2024-01-23 08:00:00,114.285,34.624,0.0,50.24,51.33
2024-01-23 08:05:00,92.427,28.176,0.0,44.54,62.79
2024-01-23 08:10:00,122.031,45.488,0.0,68.63,71.14
2024-01-23 08:15:00,111.397,38.757,0.0,51.95,36.74
2024-01-23 08:20:00,144.432,37.129,0.0,91.74,50.45
2024-01-23 08:25:00,176.85,48.096,0.0,66.86,59.35
2024-01-23 08:30:00,91.371,32.531,0.0,42.81,71.04
2024-01-23 08:35:00,78.032,45.031,0.0,62.15,68.59
2024-01-23 08:40:00,74.432,40.587,0.0,41.94,63.86
2024-01-23 08:45:00,119.871,38.669,0.2631,65.59,63.05
2024-01-23 08:50:00,150.555,38.637,0.0,69.57,49.39
2024-01-23 08:55:00,115.355,41.914,0.0,53.07,65.55
2024-01-23 09:00:00,120.14,43.736,0.0,58.1,67.39
2024-01-23 09:05:00,152.932,49.751,0.0,50.75,65.47
2024-01-23 09:10:00,120.717,49.222,0.0,57.29,56.57
2024-01-23 09:15:00,117.636,39.345,0.0,54.27,60.22
2024-01-23 09:20:00,141.589,38.493,0.0,57.64,45.96
2024-01-23 09:25:00,158.198,45.222,0.0,70.67,42.63
2024-01-23 09:30:00,146.431,39.44,0.0,52.86,59.2
2024-01-23 09:35:00,118.017,34.45,0.0,61.11,74.49
2024-01-23 09:40:00,99.619,42.897,0.0616,67.51,71.11
2024-01-23 09:45:00,111.264,35.944,0.0,63.83,69.94
2024-01-23 09:50:00,107.738,43.917,0.0,33.45,56.38
2024-01-23 09:55:00,118.628,39.546,6.7354,62.67,53.5
2024-01-23 10:00:00,137.242,37.848,0.0,70.6,65.91
2024-01-23 10:05:00,146.849,44.76,0.1575,63.54,55.34
2024-01-23 10:10:00,167.285,52.487,0.0,45.01,60.48
2024-01-23 10:15:00,124.329,43.459,0.0,46.38,59.17
2024-01-23 10:20:00,196.185,54.053,0.0,61.09,59.35
2024-01-23 10:25:00,165.363,42.256,0.0,67.3,59.81
2024-01-23 10:30:00,157.848,35.46,0.0,51.91,55.36
2024-01-23 10:35:00,125.754,44.366,0.0,63.99,68.0
2024-01-23 10:40:00,133.641,37.785,0.0,67.09,68.52
2024-01-23 10:45:00,168.231,43.117,0.0,57.17,55.53
2024-01-23 10:50:00,140.044,39.931,0.0,86.57,74.97
2024-01-23 10:55:00,132.962,50.467,0.0,61.03,74.17
2024-01-23 11:00:00,125.816,39.536,0.0,56.56,55.62
2024-01-23 11:05:00,192.484,50.612,0.0,38.22,53.97
2024-01-23 11:10:00,115.605,45.933,0.2962,66.74,50.77
2024-01-23 11:15:00,179.268,55.661,0.0,65.62,77.05
2024-01-23 11:20:00,178.434,55.767,0.0,53.46,60.15
2024-01-23 11:25:00,161.892,49.252,0.0,46.55,56.5
2024-01-23 11:30:00,135.99,41.796,0.0,44.18,46.98
2024-01-23 11:35:00,131.434,48.574,0.0,57.35,56.94
2024-01-23 11:40:00,115.793,39.682,0.0,48.65,46.55
2024-01-23 11:45:00,151.733,43.674,0.0,52.8,40.13
2024-01-23 11:50:00,106.522,40.518,0.0,49.5,56.65
2024-01-23 11:55:00,101.061,42.499,0.297,47.39,80.03
2024-01-23 12:00:00,133.744,34.813,0.0,67.41,58.94
2024-01-23 12:05:00,126.577,36.71,0.0,61.64,71.71
2024-01-23 12:10:00,154.743,39.968,0.0,61.29,66.84
2024-01-23 12:15:00,139.06,52.075,0.0,54.25,56.85
2024-01-23 12:20:00,178.472,44.459,0.0,76.4,72.39
2024-01-23 12:25:00,114.833,36.287,0.0,44.84,53.93
2024-01-23 12:30:00,137.984,45.42,0.0,72.68,45.44
2024-01-23 12:35:00,199.353,52.614,0.0,72.29,63.42
2024-01-23 12:40:00,141.323,54.509,0.0,35.28,54.51
2024-01-23 12:45:00,110.934,33.986,0.0,55.91,75.62
2024-01-23 12:50:00,118.143,40.096,0.0,41.89,50.14
2024-01-23 12:55:00,165.844,63.795,0.0,51.17,59.81
2024-01-23 13:00:00,79.726,33.513,0.0,60.05,65.07
2024-01-23 13:05:00,149.695,22.481,0.0,66.52,67.85
2024-01-23 13:10:00,158.455,46.506,0.2917,71.83,66.17
2024-01-23 13:15:00,129.336,38.979,0.0,57.46,69.16
2024-01-23 13:20:00,179.973,57.959,0.0,86.37,71.31
2024-01-23 13:25:00,134.623,48.848,0.0,64.84,60.08
2024-01-23 13:30:00,133.294,47.485,0.0,60.42,64.74
2024-01-23 13:35:00,193.102,45.983,0.0,71.77,53.22
2024-01-23 13:40:00,189.888,52.512,0.0,66.71,59.84
2024-01-23 13:45:00,187.558,52.342,0.0,77.58,64.79
2024-01-23 13:50:00,106.646,47.343,0.0,76.11,59.09
2024-01-23 13:55:00,178.94,48.213,0.0,69.94,48.5
2024-01-23 14:00:00,171.864,63.952,0.0,69.18,66.61
2024-01-23 14:05:00,144.769,35.632,0.0,61.37,61.88
2024-01-23 14:10:00,154.461,45.041,0.0,54.91,64.59
2024-01-23 14:15:00,103.982,38.98,0.0,46.02,67.12
2024-01-23 14:20:00,140.209,42.473,0.2916,49.04,60.08
2024-01-23 14:25:00,124.529,50.643,0.0,42.01,54.16
2024-01-23 14:30:00,163.396,48.412,0.0,66.33,58.59
2024-01-23 14:35:00,125.941,42.563,0.0,63.99,57.27
2024-01-23 14:40:00,141.502,37.151,0.0,44.84,52.61
2024-01-23 14:45:00,92.366,40.457,0.0,48.09,63.66
2024-01-23 14:50:00,129.564,42.546,0.0,37.59,65.13
2024-01-23 14:55:00,160.0,51.606,0.0,74.67,51.64
2024-01-23 15:00:00,149.183,50.714,0.0,93.65,64.29
2024-01-23 15:05:00,112.11,37.578,0.0,61.2,58.09
2024-01-23 15:10:00,106.633,46.656,0.0,60.69,51.61
2024-01-23 15:15:00,71.905,38.438,0.0,43.38,53.59
2024-01-23 15:20:00,134.033,35.088,0.0,42.26,61.53
2024-01-23 15:25:00,126.815,42.415,0.0,57.18,60.61
2024-01-23 15:30:00,126.99,49.691,0.0,65.14,60.97
2024-01-23 15:35:00,89.25,40.355,0.0,62.57,42.8
2024-01-23 15:40:00,155.401,43.365,0.0,65.72,46.48
2024-01-23 15:45:00,97.208,35.99,0.0,48.88,53.64
2024-01-23 15:50:00,144.283,46.21,0.0,61.31,51.65
2024-01-23 15:55:00,102.082,41.684,0.0,44.15,53.12
2024-01-23 16:00:00,96.219,44.839,0.0,56.65,64.85
2024-01-23 16:05:00,151.111,41.72,0.0,47.77,57.22
2024-01-23 16:10:00,125.245,38.607,0.0,58.05,59.57
2024-01-23 16:15:00,113.099,38.011,0.0,68.96,50.84
2024-01-23 16:20:00,118.123,46.755,0.0,63.86,47.63
2024-01-23 16:25:00,88.781,31.58,0.0,50.23,38.16
2024-01-23 16:30:00,101.182,29.248,0.0,52.08,51.07
2024-01-23 16:35:00,124.254,40.039,0.0,42.47,57.83
2024-01-23 16:40:00,106.316,37.944,0.3169,42.75,60.96
2024-01-23 16:45:00,111.408,38.325,0.4387,77.64,56.54
2024-01-23 16:50:00,126.624,39.192,0.0,58.32,55.58
2024-01-23 16:55:00,103.101,43.237,0.0,53.62,51.12
2024-01-23 17:00:00,106.606,28.542,0.0,65.14,65.01
2024-01-23 17:05:00,130.571,41.607,0.0,67.62,57.6
2024-01-23 17:10:00,88.243,38.567,0.0,64.91,35.31
2024-01-23 17:15:00,85.263,31.729,0.0,69.55,70.48
2024-01-23 17:20:00,126.345,41.075,0.0,76.63,47.19
2024-01-23 17:25:00,117.885,30.893,0.1873,59.78,54.98
2024-01-23 17:30:00,93.748,38.532,0.0,54.84,63.13
2024-01-23 17:35:00,134.363,43.027,0.0,74.73,68.62
2024-01-23 17:40:00,408.067,68.141,0.0,98.9,63.72
2024-01-23 17:45:00,122.993,34.059,0.0,81.43,69.04
2024-01-23 17:50:00,88.876,45.636,0.0,35.81,45.52
2024-01-23 17:55:00,132.684,43.207,0.0,80.07,62.78
2024-01-23 18:00:00,124.399,40.824,0.0,59.9,68.56
2024-01-23 18:05:00,130.075,40.081,0.0,43.68,57.18
2024-01-23 18:10:00,92.285,39.839,0.0,45.84,56.54
2024-01-23 18:15:00,535.754,79.189,0.0,99.0,63.03
2024-01-23 18:20:00,91.198,40.287,0.0,32.49,53.16
2024-01-23 18:25:00,116.134,38.147,0.0,38.01,60.44
2024-01-23 18:30:00,117.902,55.944,0.0,69.19,56.65
2024-01-23 18:35:00,78.894,38.91,0.0,54.2,64.02
2024-01-23 18:40:00,76.216,30.58,0.0,53.68,50.67
2024-01-23 18:45:00,111.323,43.355,0.0,46.93,60.51
2024-01-23 18:50:00,134.004,36.457,0.0,35.43,57.95
2024-01-23 18:55:00,78.562,41.988,0.0,49.33,73.13
2024-01-23 19:00:00,25.213,34.598,0.0,56.23,51.91
2024-01-23 19:05:00,39.481,24.942,0.0,53.27,67.13
2024-01-23 19:10:00,46.469,33.13,0.0,40.16,69.8
2024-01-23 19:15:00,37.532,26.393,0.0,56.15,48.09
2024-01-23 19:20:00,40.409,38.986,0.0,37.75,60.53
2024-01-23 19:25:00,28.137,34.163,0.0,88.01,64.88
2024-01-23 19:30:00,34.982,29.326,0.0,91.21,69.31
2024-01-23 19:35:00,20.823,28.054,3.8627,64.55,49.96
2024-01-23 19:40:00,34.877,26.168,0.0,38.0,69.32
2024-01-23 19:45:00,11.009,27.835,0.0,37.63,55.5
2024-01-23 19:50:00,25.577,23.72,0.0,49.08,66.76
2024-01-23 19:55:00,12.697,34.797,0.0,47.61,67.38
2024-01-23 20:00:00,26.091,40.476,0.0,44.47,58.09
2024-01-23 20:05:00,32.964,33.477,0.0,26.95,46.1
2024-01-23 20:10:00,28.352,32.475,0.0,49.47,52.22
2024-01-23 20:15:00,40.531,43.338,0.0,48.92,65.81
2024-01-23 20:20:00,27.357,39.208,0.0,39.03,46.84
2024-01-23 20:25:00,19.023,32.008,0.0,11.64,60.7
2024-01-23 20:30:00,43.329,43.753,0.0,49.53,57.58
2024-01-23 20:35:00,28.506,24.253,3.4594,39.91,60.19
2024-01-23 20:40:00,32.886,27.636,0.0,45.7,51.81
2024-01-23 20:45:00,40.179,26.409,0.0,54.47,45.19
2024-01-23 20:50:00,47.163,30.396,0.0,29.51,51.6
2024-01-23 20:55:00,27.089,38.775,0.0,41.24,55.15
2024-01-23 21:00:00,27.006,36.19,0.0,79.89,41.4
2024-01-23 21:05:00,31.983,28.096,0.0,47.33,58.72
2024-01-23 21:10:00,30.151,34.477,0.0,24.57,69.23
2024-01-23 21:15:00,15.606,31.338,0.0,34.19,46.52
2024-01-23 21:20:00,16.036,27.754,0.0,33.95,51.57
2024-01-23 21:25:00,138.979,38.453,0.0,32.57,45.08
2024-01-23 21:30:00,29.24,41.415,1.3091,57.05,66.84
2024-01-23 21:35:00,32.005,39.834,0.0,46.13,51.02
2024-01-23 21:40:00,37.639,39.217,0.0,46.09,58.19
2024-01-23 21:45:00,31.858,29.016,0.0,43.8,67.73
2024-01-23 21:50:00,31.876,35.055,0.0,28.46,64.76
2024-01-23 21:55:00,22.673,44.391,0.0,45.52,45.41
2024-01-23 22:00:00,37.223,36.378,0.0,34.9,65.76
2024-01-23 22:05:00,38.736,24.946,0.0,62.15,54.04
2024-01-23 22:10:00,25.75,33.981,0.0,21.68,59.2
2024-01-23 22:15:00,26.924,42.336,0.0,47.06,59.33
2024-01-23 22:20:00,28.707,32.879,0.0,52.0,49.88
2024-01-23 22:25:00,41.765,32.192,0.0,51.51,52.75
2024-01-23 22:30:00,25.232,32.355,0.0,33.38,50.87
2024-01-23 22:35:00,35.719,25.092,0.0,36.04,64.81
2024-01-23 22:40:00,33.163,34.014,0.0,30.44,53.48
2024-01-23 22:45:00,49.202,40.818,0.0,36.72,59.8
2024-01-23 22:50:00,19.717,31.096,0.1581,53.1,52.95
2024-01-23 22:55:00,43.21,41.341,0.4604,32.8,75.63
2024-01-23 23:00:00,25.613,16.855,0.4122,42.73,49.7
2024-01-23 23:05:00,24.824,30.262,0.0,35.09,68.3
2024-01-23 23:10:00,20.01,37.108,0.0,25.27,48.17
2024-01-23 23:15:00,34.971,31.621,0.0,43.03,58.15
2024-01-23 23:20:00,34.605,32.587,0.0,60.81,58.44
2024-01-23 23:25:00,34.627,42.252,0.0,48.85,48.2
2024-01-23 23:30:00,18.48,35.54,0.0,31.27,64.87
2024-01-23 23:35:00,22.877,44.38,0.0,43.06,48.01
2024-01-23 23:40:00,24.481,21.552,0.0,26.86,70.36
2024-01-23 23:45:00,36.743,21.616,0.0,46.55,72.5
2024-01-23 23:50:00,22.346,33.257,0.0,44.64,57.71
2024-01-23 23:55:00,23.324,32.061,0.0,52.0,66.42
2024-01-24 00:00:00,40.91,27.12,0.0,36.15,63.91
2024-01-24 00:05:00,14.73,36.434,0.0,27.36,67.16
2024-01-24 00:10:00,40.154,36.7,0.0,30.18,49.22
2024-01-24 00:15:00,28.069,31.742,0.0,53.91,61.78
2024-01-24 00:20:00,28.271,45.386,0.0,52.8,64.38
2024-01-24 00:25:00,19.315,24.661,0.0,39.22,63.46
2024-01-24 00:30:00,31.129,28.537,0.0,42.49,55.41
2024-01-24 00:35:00,36.806,32.53,0.0,55.39,66.15
2024-01-24 00:40:00,21.405,24.187,0.0,39.52,57.64
2024-01-24 00:45:00,11.729,26.447,0.0,11.48,64.37
2024-01-24 00:50:00,33.909,34.487,0.0,49.88,61.94
2024-01-24 00:55:00,28.615,31.834,0.0,27.76,47.12
2024-01-24 01:00:00,39.669,36.227,0.0,38.27,55.22
2024-01-24 01:05:00,22.358,23.583,0.0,26.86,50.41
2024-01-24 01:10:00,18.91,31.651,0.0,28.19,45.74
2024-01-24 01:15:00,27.048,29.87,0.0,27.6,49.77
2024-01-24 01:20:00,41.559,34.161,0.0,41.4,56.36
2024-01-24 01:25:00,46.057,30.017,0.0,51.9,65.95
2024-01-24 01:30:00,28.134,38.585,0.0,31.21,48.97
2024-01-24 01:35:00,32.918,43.207,0.0,50.89,52.81
2024-01-24 01:40:00,24.726,40.504,0.4724,25.29,67.99
2024-01-24 01:45:00,41.56,30.427,0.0,47.67,39.87
2024-01-24 01:50:00,39.946,42.859,0.0,32.44,64.09
2024-01-24 01:55:00,36.998,34.709,0.0,46.85,59.36
2024-01-24 02:00:00,43.699,31.738,0.0,36.07,62.55
2024-01-24 02:05:00,35.489,19.917,0.0,41.58,64.8
2024-01-24 02:10:00,45.887,40.156,0.0,54.37,51.12
2024-01-24 02:15:00,37.889,30.697,0.0,60.69,62.11
2024-01-24 02:20:00,22.766,29.871,0.0,58.49,58.67
2024-01-24 02:25:00,24.001,35.545,0.0,22.68,66.92
2024-01-24 02:30:00,42.691,36.025,0.0,26.95,61.66
2024-01-24 02:35:00,31.861,33.203,0.0,39.35,67.8
2024-01-24 02:40:00,26.674,35.254,0.4594,91.37,71.64
2024-01-24 02:45:00,30.399,31.339,0.0,34.26,53.26
2024-01-24 02:50:00,13.983,35.741,0.0,22.42,51.23
2024-01-24 02:55:00,47.623,27.874,0.0,38.66,63.27
2024-01-24 03:00:00,55.07,41.237,0.4924,54.03,57.73
2024-01-24 03:05:00,23.461,18.912,0.0,16.67,57.39
2024-01-24 03:10:00,29.707,29.798,0.0,36.58,54.17
2024-01-24 03:15:00,37.449,36.997,0.0,27.89,63.02
2024-01-24 03:20:00,41.819,27.969,0.1138,8.35,53.7
2024-01-24 03:25:00,43.228,33.03,0.0,47.88,71.93
2024-01-24 03:30:00,21.588,31.5,0.0,28.23,54.59
2024-01-24 03:35:00,36.07,29.329,0.0,36.79,37.27
2024-01-24 03:40:00,17.054,30.431,0.0,55.81,61.15
2024-01-24 03:45:00,42.141,39.12,0.0,64.94,59.54
2024-01-24 03:50:00,32.773,32.404,0.0,24.12,53.39
2024-01-24 03:55:00,22.808,30.732,0.0,41.31,45.69
2024-01-24 04:00:00,38.187,33.303,0.0,44.04,59.52
2024-01-24 04:05:00,31.489,30.965,0.0,29.08,64.26
2024-01-24 04:10:00,37.424,31.887,0.3947,40.44,65.99
2024-01-24 04:15:00,33.181,38.059,0.0,26.19,58.27
2024-01-24 04:20:00,24.126,33.388,0.0,22.25,56.4
2024-01-24 04:25:00,31.052,33.858,0.0,43.76,71.39
2024-01-24 04:30:00,33.109,34.333,0.0,35.12,53.64
2024-01-24 04:35:00,27.393,25.274,0.0,21.4,56.03
2024-01-24 04:40:00,77.934,36.164,0.0,30.17,61.05
2024-01-24 04:45:00,30.13,37.741,0.0,37.1,56.83
2024-01-24 04:50:00,30.051,19.512,0.0,34.66,64.12
2024-01-24 04:55:00,28.698,28.694,0.0,37.53,56.7
2024-01-24 05:00:00,40.842,28.573,0.0,43.31,61.16
2024-01-24 05:05:00,17.88,22.989,0.0,42.33,65.3
2024-01-24 05:10:00,26.61,41.243,0.0,20.76,74.84
2024-01-24 05:15:00,28.135,27.726,0.0,14.25,55.57
2024-01-24 05:20:00,39.587,30.747,0.0,56.54,64.46
2024-01-24 05:25:00,46.687,45.138,0.0,37.25,63.47
2024-01-24 05:30:00,29.743,43.603,0.0,93.36,50.82
2024-01-24 05:35:00,28.04,32.415,0.0,42.83,56.05
2024-01-24 05:40:00,41.397,26.21,0.0,39.1,68.75
2024-01-24 05:45:00,19.01,26.784,0.0,70.26,45.09
2024-01-24 05:50:00,32.809,35.39,0.0,38.44,63.12
2024-01-24 05:55:00,21.665,40.246,0.0,60.13,68.61
2024-01-24 06:00:00,27.649,24.468,0.2516,38.87,55.91
2024-01-24 06:05:00,47.136,32.571,0.0,45.37,48.85
2024-01-24 06:10:00,23.967,29.583,0.0,53.44,46.96
2024-01-24 06:15:00,26.433,33.711,0.0,53.25,54.14
2024-01-24 06:20:00,31.014,26.439,0.0,47.56,63.79
2024-01-24 06:25:00,22.503,30.692,0.0,46.45,62.76
2024-01-24 06:30:00,45.103,35.099,0.0,35.74,58.22
2024-01-24 06:35:00,36.814,32.753,0.0,29.42,55.87
2024-01-24 06:40:00,29.791,36.12,0.0,35.91,67.94
2024-01-24 06:45:00,28.808,22.732,0.3406,35.08,53.48
2024-01-24 06:50:00,23.259,29.74,0.0,31.08,48.35
2024-01-24 06:55:00,39.049,30.417,0.0,26.75,51.41
2024-01-24 07:00:00,38.431,34.104,0.0,41.08,75.75
2024-01-24 07:05:00,23.792,17.35,0.0,27.39,56.65
2024-01-24 07:10:00,16.723,183.997,0.0,13.07,58.2
2024-01-24 07:15:00,35.25,39.211,0.0,51.59,53.3
2024-01-24 07:20:00,34.21,28.488,0.0,54.59,63.5
2024-01-24 07:25:00,47.822,35.277,0.0,40.16,62.1
2024-01-24 07:30:00,33.46,24.507,0.0,44.72,47.73
2024-01-24 07:35:00,47.986,32.186,0.0,10.5,71.1
2024-01-24 07:40:00,26.967,29.166,0.0,57.2,64.81
2024-01-24 07:45:00,29.974,129.568,0.0,45.01,66.0
2024-01-24 07:50:00,30.71,29.965,0.0,62.96,70.27
2024-01-24 07:55:00,26.35,26.345,0.0,91.12,62.38
2024-01-24 08:00:00,128.597,35.417,0.0,66.93,66.05
2024-01-24 08:05:00,127.488,38.898,0.0,47.58,65.4
2024-01-24 08:10:00,126.433,51.461,0.0,88.64,56.93
2024-01-24 08:15:00,98.794,41.202,0.0,27.56,42.34
2024-01-24 08:20:00,114.13,35.282,0.0,50.89,75.51
2024-01-24 08:25:00,136.005,48.94,0.0,62.89,52.44
2024-01-24 08:30:00,122.786,37.057,0.3538,82.41,61.1
2024-01-24 08:35:00,49.298,35.876,0.0,46.65,52.02
2024-01-24 08:40:00,133.813,42.873,0.0,48.36,45.45
2024-01-24 08:45:00,105.698,45.171,0.0,39.22,67.78
2024-01-24 08:50:00,81.05,38.875,0.0,35.08,46.81
2024-01-24 08:55:00,87.447,32.471,0.0,57.12,55.1
2024-01-24 09:00:00,100.744,50.989,0.0,51.33,49.71
2024-01-24 09:05:00,63.83,31.689,0.3613,29.95,57.37
2024-01-24 09:10:00,106.087,44.053,0.0,68.9,70.21
2024-01-24 09:15:00,107.552,36.437,0.0,44.55,54.29
2024-01-24 09:20:00,133.41,50.824,0.0,51.84,52.61
2024-01-24 09:25:00,130.188,38.962,0.0,51.47,47.6
2024-01-24 09:30:00,133.446,40.986,0.0,62.67,50.94
2024-01-24 09:35:00,106.115,42.312,0.0,51.91,62.26
2024-01-24 09:40:00,269.798,56.108,0.0,70.34,53.24
2024-01-24 09:45:00,131.827,41.086,0.0,33.28,55.74
2024-01-24 09:50:00,76.166,38.235,0.0,39.58,58.96
2024-01-24 09:55:00,140.991,46.735,0.0,70.14,53.5
2024-01-24 10:00:00,132.899,49.176,0.0,49.2,45.56
2024-01-24 10:05:00,166.432,48.035,0.0,38.21,64.75
2024-01-24 10:10:00,115.217,45.739,0.0,42.61,57.09
2024-01-24 10:15:00,147.09,47.107,0.0,52.81,63.68
2024-01-24 10:20:00,167.547,46.58,0.0,58.65,60.23
2024-01-24 10:25:00,100.837,44.13,0.4768,65.81,76.82
2024-01-24 10:30:00,154.718,53.457,0.0,63.2,58.33
2024-01-24 10:35:00,128.845,45.55,0.0,74.36,60.8
2024-01-24 10:40:00,115.453,32.336,0.0,51.72,63.93
2024-01-24 10:45:00,160.925,48.928,0.0,56.95,63.4
2024-01-24 10:50:00,160.937,43.647,0.0,56.23,52.1
2024-01-24 10:55:00,101.229,38.142,0.0,48.4,74.61
2024-01-24 11:00:00,116.753,45.544,0.0,53.45,56.69
2024-01-24 11:05:00,163.938,53.212,0.0,63.68,64.84
2024-01-24 11:10:00,139.266,55.573,0.0,19.96,51.67
2024-01-24 11:15:00,144.152,42.488,0.0,81.17,64.51
2024-01-24 11:20:00,106.72,35.375,0.0,40.36,58.15
2024-01-24 11:25:00,157.564,46.14,0.0,53.34,48.64
2024-01-24 11:30:00,158.641,44.69,0.0,45.42,54.38
2024-01-24 11:35:00,111.318,33.639,0.0,47.79,54.35
2024-01-24 11:40:00,122.895,44.3,0.0,92.09,42.98
2024-01-24 11:45:00,98.289,26.627,0.0,51.49,46.53
2024-01-24 11:50:00,108.294,46.249,0.0,70.03,67.7
2024-01-24 11:55:00,122.384,41.365,0.0,52.25,46.75
2024-01-24 12:00:00,186.929,46.313,0.0,77.18,51.94
2024-01-24 12:05:00,115.192,42.601,0.0,71.84,47.4
2024-01-24 12:10:00,141.305,47.477,0.0,73.23,69.49
2024-01-24 12:15:00,112.138,40.529,0.0,36.32,51.36
2024-01-24 12:20:00,129.498,45.362,0.0,89.3,63.79
2024-01-24 12:25:00,96.545,47.758,0.0,74.47,45.73
2024-01-24 12:30:00,147.393,38.874,0.0,75.36,52.79
2024-01-24 12:35:00,171.131,43.735,0.0,80.45,48.85
2024-01-24 12:40:00,175.962,50.941,0.3856,71.02,66.51
2024-01-24 12:45:00,159.663,48.51,0.0,42.49,54.61
2024-01-24 12:50:00,105.544,45.626,0.1244,52.18,68.97
2024-01-24 12:55:00,178.511,48.268,0.0,76.67,60.76
2024-01-24 13:00:00,146.513,41.506,0.0,76.67,60.06
2024-01-24 13:05:00,166.722,49.225,0.4144,90.44,58.72
2024-01-24 13:10:00,110.788,42.881,0.0,43.57,51.03
2024-01-24 13:15:00,149.135,39.765,0.0,50.55,65.46
2024-01-24 13:20:00,51.882,36.092,0.0,55.95,38.39
2024-01-24 13:25:00,147.79,57.236,0.0,45.79,68.15
2024-01-24 13:30:00,210.016,54.767,0.0,54.36,65.81
2024-01-24 13:35:00,165.175,40.158,0.0,46.83,42.41
2024-01-24 13:40:00,123.971,40.745,0.0,43.56,48.58
2024-01-24 13:45:00,177.446,54.719,0.0,76.56,74.86
2024-01-24 13:50:00,138.415,40.07,0.1413,40.28,53.59
2024-01-24 13:55:00,129.815,42.581,0.0,41.45,48.18
2024-01-24 14:00:00,149.952,60.131,0.0,63.65,63.88
2024-01-24 14:05:00,135.148,53.005,0.3323,47.63,71.31
2024-01-24 14:10:00,128.849,42.181,0.0,80.39,62.21
2024-01-24 14:15:00,122.244,30.409,0.0,61.46,58.19
2024-01-24 14:20:00,178.85,50.583,0.0,58.15,57.34
2024-01-24 14:25:00,170.696,61.254,0.0,54.37,71.97
2024-01-24 14:30:00,136.264,48.584,0.0,68.96,55.0
2024-01-24 14:35:00,125.619,49.344,0.0,40.67,65.33
2024-01-24 14:40:00,104.98,30.627,0.0,54.96,58.82
2024-01-24 14:45:00,133.556,39.164,0.0,41.18,56.99
2024-01-24 14:50:00,363.994,71.697,0.0,99.0,36.57
2024-01-24 14:55:00,184.149,48.095,6.1914,69.23,63.63
2024-01-24 15:00:00,108.446,42.86,0.0,61.01,59.75
2024-01-24 15:05:00,93.734,35.767,0.0,50.91,59.2
2024-01-24 15:10:00,107.532,30.005,0.0,73.65,60.32
2024-01-24 15:15:00,141.913,42.722,0.0,66.55,59.06
2024-01-24 15:20:00,101.726,37.355,0.0,65.59,64.06
2024-01-24 15:25:00,44.074,27.131,0.0,32.79,48.7
2024-01-24 15:30:00,116.766,38.472,0.0,63.94,52.23
2024-01-24 15:35:00,121.824,39.535,0.0,53.29,63.37
2024-01-24 15:40:00,92.061,39.112,0.0,43.27,50.84
2024-01-24 15:45:00,100.377,40.348,0.0,54.22,59.11
2024-01-24 15:50:00,100.474,40.725,0.0,43.14,54.67
2024-01-24 15:55:00,123.573,32.938,0.0,70.7,60.02
2024-01-24 16:00:00,142.531,37.301,0.0,68.21,63.62
2024-01-24 16:05:00,116.084,49.019,0.0,55.36,48.96
2024-01-24 16:10:00,105.464,34.053,0.0,50.12,71.66
2024-01-24 16:15:00,127.284,40.204,0.0,60.66,56.24
2024-01-24 16:20:00,93.896,35.55,0.0,70.12,49.75
2024-01-24 16:25:00,124.845,39.453,0.0,45.0,57.88
2024-01-24 16:30:00,92.136,47.82,0.0,51.19,61.53
2024-01-24 16:35:00,131.155,47.156,0.0,72.27,61.36
2024-01-24 16:40:00,119.566,40.772,0.0,57.81,60.83
2024-01-24 16:45:00,130.112,53.901,0.0,42.1,70.41
2024-01-24 16:50:00,109.358,39.665,0.0,70.13,59.56
2024-01-24 16:55:00,158.685,47.542,0.0,67.68,61.85
2024-01-24 17:00:00,97.119,37.005,0.0,60.29,61.56
2024-01-24 17:05:00,114.504,38.191,0.0,53.16,55.45
2024-01-24 17:10:00,80.965,34.81,0.0,51.51,54.31
2024-01-24 17:15:00,85.938,37.696,0.0,54.47,59.41
2024-01-24 17:20:00,139.662,42.772,0.0,62.27,59.27
2024-01-24 17:25:00,84.25,40.942,4.84,44.6,67.7
2024-01-24 17:30:00,60.998,33.464,0.0,31.6,59.03
2024-01-24 17:35:00,77.803,41.383,0.0,58.63,57.23
2024-01-24 17:40:00,77.924,39.762,0.0,48.3,66.75
2024-01-24 17:45:00,94.566,38.324,0.0,55.06,67.85
2024-01-24 17:50:00,68.283,28.154,0.0,55.92,64.1
2024-01-24 17:55:00,48.537,35.619,0.0,21.68,45.69
2024-01-24 18:00:00,101.736,33.196,0.0,64.21,58.65
2024-01-24 18:05:00,96.169,31.767,0.0,56.37,65.7
2024-01-24 18:10:00,97.437,40.526,0.0,36.58,62.4
2024-01-24 18:15:00,112.018,45.573,0.0,57.41,51.49
2024-01-24 18:20:00,115.311,54.932,0.0,52.58,58.54
2024-01-24 18:25:00,127.511,52.195,0.0,58.71,53.25
2024-01-24 18:30:00,70.651,33.166,0.0,41.2,56.54
2024-01-24 18:35:00,151.51,40.568,0.0,55.54,42.49
2024-01-24 18:40:00,91.24,48.637,0.0,45.68,50.45
2024-01-24 18:45:00,92.495,37.438,0.0,47.01,55.46
2024-01-24 18:50:00,126.22,38.712,0.0,34.75,59.28
2024-01-24 18:55:00,169.01,45.05,0.0,62.07,52.37
2024-01-24 19:00:00,36.67,31.072,0.0,39.85,49.89
2024-01-24 19:05:00,31.16,29.527,0.0,34.45,49.23
2024-01-24 19:10:00,32.911,36.768,0.0,51.2,56.49
2024-01-24 19:15:00,33.067,33.474,0.0,52.78,54.34
2024-01-24 19:20:00,30.249,20.382,0.0,36.61,51.75
2024-01-24 19:25:00,11.436,47.75,0.0,45.99,52.81
2024-01-24 19:30:00,34.145,30.992,0.0,59.16,48.02
2024-01-24 19:35:00,37.303,34.128,0.0,54.91,61.61
2024-01-24 19:40:00,31.312,23.3,0.0,42.35,45.44
2024-01-24 19:45:00,29.635,24.4,0.3806,42.7,54.84
2024-01-24 19:50:00,34.856,31.462,0.0,23.89,67.77
2024-01-24 19:55:00,14.362,36.646,0.0,33.11,55.89
2024-01-24 20:00:00,33.44,26.475,0.1526,22.69,44.39
2024-01-24 20:05:00,36.154,35.14,0.0,51.89,59.36
2024-01-24 20:10:00,34.546,34.666,0.0,38.37,58.86
2024-01-24 20:15:00,42.897,27.278,0.0,40.94,65.75
2024-01-24 20:20:00,36.822,22.963,0.0,52.66,58.3
2024-01-24 20:25:00,14.259,26.965,0.0,34.41,56.9
2024-01-24 20:30:00,19.439,28.012,0.0,34.71,73.04
2024-01-24 20:35:00,33.443,36.108,0.0,37.52,52.12
2024-01-24 20:40:00,18.243,37.847,0.0,29.23,59.46
2024-01-24 20:45:00,32.103,21.621,0.0,43.01,66.21
2024-01-24 20:50:00,126.659,46.328,0.0,85.32,69.04
2024-01-24 20:55:00,33.832,31.81,0.295,45.66,64.6
2024-01-24 21:00:00,26.637,25.414,0.0,50.75,64.68
2024-01-24 21:05:00,25.61,33.842,0.3956,41.18,56.04
2024-01-24 21:10:00,29.738,27.53,0.0,38.54,56.4
2024-01-24 21:15:00,31.506,28.932,0.0,27.68,45.54
2024-01-24 21:20:00,46.123,40.236,0.0,51.61,57.94
2024-01-24 21:25:00,38.033,23.804,0.0,35.64,56.47
2024-01-24 21:30:00,27.934,28.18,0.0,37.46,50.0
2024-01-24 21:35:00,35.722,38.181,0.0,46.54,55.06
2024-01-24 21:40:00,31.758,34.183,0.0,39.31,52.28
2024-01-24 21:45:00,38.419,29.823,0.0,50.07,57.96
2024-01-24 21:50:00,37.808,28.876,0.0,44.28,57.64
2024-01-24 21:55:00,49.536,39.746,0.0,45.77,60.72
2024-01-24 22:00:00,34.297,31.596,0.0,39.76,53.54
2024-01-24 22:05:00,18.73,33.049,0.0,5.98,69.89
2024-01-24 22:10:00,133.398,40.061,0.0,58.46,47.14
2024-01-24 22:15:00,34.066,29.839,0.0,53.93,66.23
2024-01-24 22:20:00,19.302,31.739,0.0,31.14,61.99
2024-01-24 22:25:00,35.272,23.205,0.0,42.16,60.19
2024-01-24 22:30:00,35.847,28.919,0.0,50.55,66.44
2024-01-24 22:35:00,37.487,28.577,0.0,49.8,55.11
2024-01-24 22:40:00,36.33,42.735,0.0,43.97,59.53
2024-01-24 22:45:00,32.318,30.28,0.0,28.25,46.52
2024-01-24 22:50:00,37.211,37.165,0.0,24.93,70.44
2024-01-24 22:55:00,42.751,32.124,0.0,50.87,56.66
2024-01-24 23:00:00,29.642,27.138,0.3068,31.99,42.32
2024-01-24 23:05:00,43.446,34.397,0.0,34.07,52.33
2024-01-24 23:10:00,38.908,40.208,0.0,34.76,48.7
2024-01-24 23:15:00,45.729,41.013,0.0,37.66,61.39
2024-01-24 23:20:00,26.514,20.315,0.0,46.66,63.35
2024-01-24 23:25:00,36.991,27.412,0.0,98.08,37.55
2024-01-24 23:30:00,25.405,25.695,0.0,47.39,60.03
2024-01-24 23:35:00,27.11,24.155,0.0,31.99,50.58
2024-01-24 23:40:00,48.8,29.341,0.2857,35.88,60.07
2024-01-24 23:45:00,40.352,42.663,0.0,57.73,62.75
2024-01-24 23:50:00,37.121,30.681,0.0,54.31,73.85
2024-01-24 23:55:00,36.463,36.396,0.0,36.53,65.18
2024-01-25 00:00:00,15.86,31.175,0.0,53.19,48.35
2024-01-25 00:05:00,24.154,31.063,0.0,53.83,52.01
2024-01-25 00:10:00,42.573,31.036,0.0,46.55,62.29
2024-01-25 00:15:00,30.194,26.988,0.0,34.17,62.24
2024-01-25 00:20:00,45.775,23.345,0.0,40.09,61.98
2024-01-25 00:25:00,50.362,37.033,0.0,31.93,52.15
2024-01-25 00:30:00,35.778,34.265,0.0,50.7,52.71
2024-01-25 00:35:00,31.122,31.146,0.0,45.24,60.46
2024-01-25 00:40:00,26.331,24.94,0.0,31.71,62.85
2024-01-25 00:45:00,36.728,31.943,0.0,39.06,54.62
2024-01-25 00:50:00,39.626,27.1,3.5577,41.31,68.72
2024-01-25 00:55:00,61.4,37.001,0.0,49.92,50.59
2024-01-25 01:00:00,33.813,37.546,0.0,53.41,51.03
2024-01-25 01:05:00,24.422,29.063,0.0,17.15,53.05
2024-01-25 01:10:00,26.046,28.868,0.0,49.38,59.04
2024-01-25 01:15:00,26.881,28.429,0.0,38.73,71.21
2024-01-25 01:20:00,30.155,36.681,0.0,52.24,48.42
2024-01-25 01:25:00,30.328,30.746,0.0,26.95,50.31
2024-01-25 01:30:00,31.069,38.262,0.0,54.16,53.54
2024-01-25 01:35:00,23.823,28.13,0.0,41.51,59.53
2024-01-25 01:40:00,39.148,35.389,0.0,35.81,58.85
2024-01-25 01:45:00,38.439,39.758,0.0,28.18,57.85
2024-01-25 01:50:00,46.156,39.432,0.0,37.52,50.9
2024-01-25 01:55:00,20.628,25.695,0.0,18.68,58.96
2024-01-25 02:00:00,33.936,28.113,0.0,32.57,53.55
2024-01-25 02:05:00,39.791,19.764,0.0,39.97,53.56
2024-01-25 02:10:00,44.178,37.876,0.0,53.14,58.67
2024-01-25 02:15:00,39.268,30.577,0.0,24.59,62.71
2024-01-25 02:20:00,34.251,29.638,0.0,42.73,64.19
2024-01-25 02:25:00,32.013,39.081,0.0,40.17,70.16
2024-01-25 02:30:00,25.051,32.337,0.0,39.21,64.54
2024-01-25 02:35:00,28.271,35.413,0.0,48.31,52.91
2024-01-25 02:40:00,35.926,22.406,0.0,39.61,51.44
2024-01-25 02:45:00,31.385,31.505,0.0,37.94,57.95
2024-01-25 02:50:00,27.465,28.917,0.0,44.78,51.03
2024-01-25 02:55:00,22.087,37.516,0.0,67.84,68.24
2024-01-25 03:00:00,48.991,39.421,0.0,50.67,51.89
2024-01-25 03:05:00,20.746,266.349,0.0,47.96,40.11
2024-01-25 03:10:00,39.367,28.492,0.0,41.15,64.94
2024-01-25 03:15:00,45.451,33.781,0.0,43.69,66.31
2024-01-25 03:20:00,27.229,32.883,0.0,46.82,50.13
2024-01-25 03:25:00,33.287,38.226,0.0,30.59,54.84
2024-01-25 03:30:00,38.78,30.414,0.0,67.64,49.74
2024-01-25 03:35:00,39.167,31.351,0.0,46.39,63.57
2024-01-25 03:40:00,64.075,43.657,0.0,56.61,65.04
2024-01-25 03:45:00,20.781,28.756,0.0,22.21,77.16
2024-01-25 03:50:00,24.192,39.83,0.0,32.0,49.0
2024-01-25 03:55:00,43.812,38.293,0.0,39.01,78.62
2024-01-25 04:00:00,38.838,24.274,0.0,34.1,75.28
2024-01-25 04:05:00,14.969,30.425,0.0,45.72,47.89
2024-01-25 04:10:00,16.102,35.833,0.0,46.54,54.61
2024-01-25 04:15:00,29.927,204.761,0.0,33.81,59.15
2024-01-25 04:20:00,29.027,31.689,0.0,46.54,68.13
2024-01-25 04:25:00,43.591,29.761,0.0,51.32,57.02
2024-01-25 04:30:00,28.056,249.347,0.0,29.61,59.28
2024-01-25 04:35:00,29.531,35.808,0.0,36.74,71.32
2024-01-25 04:40:00,32.254,29.63,4.923,43.14,53.95
2024-01-25 04:45:00,160.833,40.143,0.0733,40.23,69.6
2024-01-25 04:50:00,39.018,26.104,0.0,25.71,51.04
2024-01-25 04:55:00,28.492,27.884,0.0,41.79,50.24
2024-01-25 05:00:00,32.147,33.859,0.0,44.1,63.89
2024-01-25 05:05:00,38.858,24.158,0.0,32.23,50.32
2024-01-25 05:10:00,37.532,31.377,0.0,46.52,52.69
2024-01-25 05:15:00,38.077,37.728,0.0,29.96,55.66
2024-01-25 05:20:00,22.42,36.297,0.0,41.17,56.45
2024-01-25 05:25:00,33.49,252.922,0.0,29.64,70.59
2024-01-25 05:30:00,22.913,26.5,0.0,27.93,70.49
2024-01-25 05:35:00,26.409,36.773,0.0,62.33,51.38
2024-01-25 05:40:00,38.258,32.905,0.0,23.23,63.98
2024-01-25 05:45:00,35.893,25.516,0.0,34.51,55.36
2024-01-25 05:50:00,31.799,24.998,0.0,58.91,61.11
2024-01-25 05:55:00,40.337,35.714,0.0,40.49,51.97
2024-01-25 06:00:00,37.005,26.263,0.0,31.69,50.67
2024-01-25 06:05:00,39.963,39.671,0.0,34.41,54.36
2024-01-25 06:10:00,36.269,37.937,0.0,33.31,66.84
2024-01-25 06:15:00,34.324,30.226,0.0,58.12,61.14
2024-01-25 06:20:00,44.406,36.23,0.0,51.77,56.15
2024-01-25 06:25:00,20.548,32.483,0.0,38.93,68.44
2024-01-25 06:30:00,25.173,37.412,0.0,40.67,55.52
2024-01-25 06:35:00,48.63,28.646,0.0,58.64,62.2
2024-01-25 06:40:00,44.447,26.146,0.0,36.92,64.72
2024-01-25 06:45:00,27.006,30.99,0.0,25.43,45.55
2024-01-25 06:50:00,30.17,48.952,0.0,51.33,60.17
2024-01-25 06:55:00,31.492,37.414,0.0,62.11,69.14
2024-01-25 07:00:00,19.911,34.883,0.0,63.4,72.81
2024-01-25 07:05:00,34.741,31.503,0.0,55.73,51.94
2024-01-25 07:10:00,15.423,151.237,0.0,27.93,48.44
2024-01-25 07:15:00,48.377,22.584,0.0,36.5,68.34
2024-01-25 07:20:00,38.0,19.169,0.0,39.44,56.91
2024-01-25 07:25:00,37.09,41.905,0.0,37.13,50.76
2024-01-25 07:30:00,34.523,24.409,0.0,56.4,60.46
2024-01-25 07:35:00,27.635,36.328,0.0,41.36,71.62
2024-01-25 07:40:00,33.863,29.567,0.0,33.54,53.02
2024-01-25 07:45:00,29.068,34.651,0.0,13.44,56.74
2024-01-25 07:50:00,35.247,23.22,0.0,31.96,65.82
2024-01-25 07:55:00,28.308,25.791,0.0,20.86,55.68
2024-01-25 08:00:00,89.892,35.767,0.0,51.59,56.78
2024-01-25 08:05:00,88.768,39.781,0.0,47.88,54.76
2024-01-25 08:10:00,136.167,43.056,0.0,50.79,63.42
2024-01-25 08:15:00,112.234,37.805,0.0,57.78,49.76
2024-01-25 08:20:00,114.107,39.218,0.0,59.01,66.18
2024-01-25 08:25:00,107.907,34.113,0.0,69.39,70.81
2024-01-25 08:30:00,147.08,41.717,0.0,58.58,37.83
2024-01-25 08:35:00,117.29,31.105,0.0,61.67,44.44
2024-01-25 08:40:00,128.877,42.477,0.0,42.58,62.23
2024-01-25 08:45:00,118.196,52.714,0.3657,70.52,64.51
2024-01-25 08:50:00,255.807,63.23,0.0,68.1,51.23
2024-01-25 08:55:00,58.174,41.306,0.0,59.04,48.5
2024-01-25 09:00:00,95.127,30.861,0.0,28.39,50.22
2024-01-25 09:05:00,110.553,46.599,0.0,37.65,54.49
2024-01-25 09:10:00,110.18,32.181,0.0,47.87,56.79
2024-01-25 09:15:00,83.389,36.946,0.0,62.68,59.25
2024-01-25 09:20:00,122.292,42.222,0.0,53.95,54.03
2024-01-25 09:25:00,89.718,42.087,0.0,38.33,46.88
2024-01-25 09:30:00,111.212,38.875,0.0,64.25,45.76
2024-01-25 09:35:00,150.342,51.182,0.0,69.53,51.85
2024-01-25 09:40:00,105.141,55.983,0.0,56.95,54.7
2024-01-25 09:45:00,101.965,41.53,0.0,64.6,47.84
2024-01-25 09:50:00,125.999,47.3,0.0,56.63,67.91
2024-01-25 09:55:00,94.645,50.478,0.0,61.19,53.15
2024-01-25 10:00:00,587.746,98.865,0.0,99.0,63.72
2024-01-25 10:05:00,152.726,49.766,0.0,67.48,69.46
2024-01-25 10:10:00,80.017,36.129,0.0,45.1,48.5
2024-01-25 10:15:00,87.372,31.505,0.0,41.52,61.16
2024-01-25 10:20:00,81.477,41.449,0.0,51.58,55.81
2024-01-25 10:25:00,110.927,37.239,0.0,53.48,66.48
2024-01-25 10:30:00,118.174,38.612,0.0,48.79,65.09
2024-01-25 10:35:00,105.167,46.141,0.0,41.31,61.67
2024-01-25 10:40:00,98.309,34.365,0.0,48.88,50.0
2024-01-25 10:45:00,102.842,36.337,0.0,67.41,69.9
2024-01-25 10:50:00,132.031,36.045,0.0,51.73,52.73
2024-01-25 10:55:00,95.005,38.414,0.2563,53.49,64.92
2024-01-25 11:00:00,109.484,41.613,0.0,55.73,68.22
2024-01-25 11:05:00,115.254,35.078,0.0,61.91,63.72
2024-01-25 11:10:00,87.981,30.746,0.0,42.22,51.38
2024-01-25 11:15:00,73.946,39.108,0.0,43.46,61.83
2024-01-25 11:20:00,105.791,26.887,0.0,38.39,58.44
2024-01-25 11:25:00,111.738,39.713,0.0,43.22,52.16
2024-01-25 11:30:00,102.981,46.414,0.0,50.5,57.84
2024-01-25 11:35:00,142.906,39.659,0.0,62.23,59.76
2024-01-25 11:40:00,93.812,36.815,0.0,81.37,59.8
2024-01-25 11:45:00,108.763,44.775,0.0,49.27,49.32
2024-01-25 11:50:00,86.158,41.477,0.0,40.98,64.01
2024-01-25 11:55:00,82.627,47.133,0.0,39.17,65.81
2024-01-25 12:00:00,129.106,40.537,0.0,47.03,60.53
2024-01-25 12:05:00,88.303,43.95,0.0,38.34,70.76
2024-01-25 12:10:00,107.878,46.368,0.0,71.52,67.19
2024-01-25 12:15:00,115.97,37.94,0.0,70.6,59.56
2024-01-25 12:20:00,142.879,48.451,0.0,58.87,64.08
2024-01-25 12:25:00,88.249,38.888,0.0,59.93,66.03
2024-01-25 12:30:00,108.498,42.987,0.0,62.68,61.52
2024-01-25 12:35:00,108.639,51.002,0.0,79.57,60.51
2024-01-25 12:40:00,83.054,43.806,0.0,47.53,53.45
2024-01-25 12:45:00,83.367,30.665,0.0,44.69,51.43
2024-01-25 12:50:00,126.458,51.69,0.0,59.04,69.08
2024-01-25 12:55:00,100.566,44.936,0.0,46.36,61.21
2024-01-25 13:00:00,46.573,36.835,0.0,51.86,63.89
2024-01-25 13:05:00,87.435,45.583,0.0,20.91,65.02
2024-01-25 13:10:00,123.404,41.843,0.0,75.34,70.69
2024-01-25 13:15:00,114.553,47.932,0.0,60.65,55.72
2024-01-25 13:20:00,104.84,44.538,0.2754,42.6,45.69
2024-01-25 13:25:00,145.673,47.784,0.0,67.33,57.25
2024-01-25 13:30:00,128.953,33.764,0.0,61.52,55.08
2024-01-25 13:35:00,108.956,38.826,0.0,46.97,55.0
2024-01-25 13:40:00,79.606,34.005,0.0,69.16,55.01
2024-01-25 13:45:00,101.817,33.536,0.0,38.9,58.25
2024-01-25 13:50:00,100.483,41.068,0.0,44.35,51.67
2024-01-25 13:55:00,118.028,51.595,0.0,46.34,68.18
2024-01-25 14:00:00,100.746,52.896,0.0,53.32,54.26
2024-01-25 14:05:00,107.687,38.098,0.0,55.25,50.43
2024-01-25 14:10:00,97.263,34.4,0.0,32.38,51.18
2024-01-25 14:15:00,125.035,49.941,0.0,67.94,66.44
2024-01-25 14:20:00,147.294,44.055,0.0,69.79,49.07
2024-01-25 14:25:00,81.789,35.247,0.0,42.96,57.23
2024-01-25 14:30:00,118.651,44.295,0.0,46.06,53.48
2024-01-25 14:35:00,145.183,40.672,0.0,62.59,58.99
2024-01-25 14:40:00,61.977,37.256,0.0,61.3,57.79
2024-01-25 14:45:00,87.541,37.541,0.0,31.61,69.12
2024-01-25 14:50:00,124.717,43.004,0.0,53.89,48.22
2024-01-25 14:55:00,120.0,40.747,0.0,65.58,64.02
2024-01-25 15:00:00,141.759,48.308,0.0,60.47,61.76
2024-01-25 15:05:00,111.032,47.373,0.0,42.29,64.75
2024-01-25 15:10:00,127.203,53.912,0.0,54.15,62.18
2024-01-25 15:15:00,119.522,33.429,0.0,63.81,63.15
2024-01-25 15:20:00,121.479,35.207,0.0,54.33,69.07
2024-01-25 15:25:00,96.992,51.989,0.0,55.09,55.39
2024-01-25 15:30:00,97.61,48.872,0.0,41.44,65.01
2024-01-25 15:35:00,119.043,35.042,0.0,42.93,59.85
2024-01-25 15:40:00,110.322,30.175,0.0,56.78,58.03
2024-01-25 15:45:00,113.328,37.077,0.0,42.7,62.51
2024-01-25 15:50:00,115.129,43.634,0.0,55.67,54.64
2024-01-25 15:55:00,121.238,41.492,0.0,48.23,55.7
2024-01-25 16:00:00,121.227,48.326,0.0,46.27,48.27
2024-01-25 16:05:00,111.384,41.512,0.0,36.68,54.98
2024-01-25 16:10:00,130.49,40.746,0.0,72.69,60.38
2024-01-25 16:15:00,95.805,35.384,0.0,54.45,42.97
2024-01-25 16:20:00,105.307,42.145,0.0,38.03,56.0
2024-01-25 16:25:00,108.721,45.699,0.0,50.28,30.0
2024-01-25 16:30:00,83.934,24.604,0.0,44.93,63.44
2024-01-25 16:35:00,107.423,49.493,0.0,46.07,66.2
2024-01-25 16:40:00,108.991,37.801,0.0,56.2,50.87
2024-01-25 16:45:00,115.101,37.332,0.2659,53.01,55.26
2024-01-25 16:50:00,83.785,26.435,0.0,38.72,45.35
2024-01-25 16:55:00,135.719,41.473,0.0,38.94,50.08
2024-01-25 17:00:00,104.24,32.917,0.0,57.41,60.73
2024-01-25 17:05:00,70.541,27.03,0.0,21.18,56.29
2024-01-25 17:10:00,133.887,48.249,0.0803,55.75,62.99
2024-01-25 17:15:00,108.62,43.755,0.0,57.07,56.59
2024-01-25 17:20:00,128.424,41.102,0.0,43.39,44.68
2024-01-25 17:25:00,125.0,43.911,0.0,61.75,59.73
2024-01-25 17:30:00,104.238,35.851,0.0,51.55,70.14
2024-01-25 17:35:00,110.889,43.81,0.0,55.37,52.34
2024-01-25 17:40:00,126.702,44.472,0.0,56.57,56.91
2024-01-25 17:45:00,113.299,42.572,0.0,66.28,56.79
2024-01-25 17:50:00,122.666,37.367,0.0,53.55,70.43
2024-01-25 17:55:00,115.561,44.831,0.0,60.35,42.84
2024-01-25 18:00:00,100.92,34.535,0.0,46.0,52.4
2024-01-25 18:05:00,103.627,32.964,0.0,59.25,64.85
2024-01-25 18:10:00,109.075,40.465,0.4411,66.73,65.8
2024-01-25 18:15:00,119.817,32.293,0.0,46.89,67.53
2024-01-25 18:20:00,135.058,43.279,0.0,58.44,52.16
2024-01-25 18:25:00,114.541,30.001,0.0,41.39,50.36
2024-01-25 18:30:00,106.489,40.891,0.0,46.99,47.89
2024-01-25 18:35:00,136.04,33.114,0.2951,61.85,54.09
2024-01-25 18:40:00,137.249,40.797,0.0,31.87,70.59
2024-01-25 18:45:00,99.876,25.715,0.0,49.48,69.04
2024-01-25 18:50:00,152.397,49.856,0.0,84.93,50.37
2024-01-25 18:55:00,109.373,26.355,0.0,49.94,64.01
2024-01-25 19:00:00,33.35,50.728,0.0,34.44,52.79
2024-01-25 19:05:00,32.063,39.867,0.0,22.31,51.69
2024-01-25 19:10:00,29.63,36.449,0.0,65.87,64.14
2024-01-25 19:15:00,23.496,38.441,0.3247,28.1,56.63
2024-01-25 19:20:00,28.842,35.473,0.0,46.21,52.26
2024-01-25 19:25:00,21.308,32.101,0.0,32.0,56.04
2024-01-25 19:30:00,18.238,26.883,0.0,38.28,69.83
2024-01-25 19:35:00,20.826,29.996,0.0,33.15,41.78
2024-01-25 19:40:00,28.075,20.795,0.0,57.55,68.53
2024-01-25 19:45:00,31.241,33.13,0.0,32.76,65.39
2024-01-25 19:50:00,29.458,25.878,0.0,44.33,58.98
2024-01-25 19:55:00,29.666,30.997,0.0,31.62,63.73
2024-01-25 20:00:00,38.73,31.779,0.0,62.71,54.62
2024-01-25 20:05:00,32.051,24.685,0.0,31.59,67.83
2024-01-25 20:10:00,33.252,28.144,0.0,73.29,63.94
2024-01-25 20:15:00,22.99,32.086,0.0,73.42,74.66
2024-01-25 20:20:00,55.947,35.562,0.0,41.21,44.16
2024-01-25 20:25:00,21.468,19.984,0.0,49.72,49.04
2024-01-25 20:30:00,22.269,25.494,0.0,36.22,60.86
2024-01-25 20:35:00,18.075,28.231,0.0,22.54,42.66
2024-01-25 20:40:00,44.819,34.941,0.0,53.12,56.89
2024-01-25 20:45:00,24.935,20.295,0.0,36.16,54.83
2024-01-25 20:50:00,28.558,28.954,0.0,26.7,54.33
2024-01-25 20:55:00,18.052,38.524,0.0,42.17,63.79
2024-01-25 21:00:00,28.81,23.134,0.0,40.92,66.05
2024-01-25 21:05:00,25.827,34.268,0.0,47.54,48.55
2024-01-25 21:10:00,43.2,29.643,0.0,45.94,69.94
2024-01-25 21:15:00,24.652,36.554,0.1464,63.28,49.62
2024-01-25 21:20:00,33.254,36.513,0.0,42.51,52.22
2024-01-25 21:25:00,24.451,31.085,0.0,22.51,39.73
2024-01-25 21:30:00,39.592,29.262,0.0,67.77,69.46
2024-01-25 21:35:00,35.827,30.786,0.0,35.43,49.57
2024-01-25 21:40:00,48.859,30.262,0.4502,46.46,56.96
2024-01-25 21:45:00,35.582,40.896,0.0,33.02,56.61
2024-01-25 21:50:00,35.288,27.536,0.0,9.33,67.32
2024-01-25 21:55:00,38.967,29.113,0.0,57.64,65.3
2024-01-25 22:00:00,17.711,27.938,0.0,32.46,50.71
2024-01-25 22:05:00,42.433,39.506,0.0,64.96,43.29
2024-01-25 22:10:00,27.32,35.188,0.0,37.9,52.38
2024-01-25 22:15:00,32.787,31.989,0.0,39.48,64.37
2024-01-25 22:20:00,38.453,25.715,0.0,44.68,64.96
2024-01-25 22:25:00,36.192,27.052,0.0,32.17,48.66
2024-01-25 22:30:00,15.749,22.007,0.0,35.2,58.46
2024-01-25 22:35:00,34.117,34.509,0.4863,41.7,56.17
2024-01-25 22:40:00,19.587,24.932,0.0,55.96,55.34
2024-01-25 22:45:00,30.838,41.455,0.0,20.48,56.18
2024-01-25 22:50:00,28.759,36.058,0.0,38.12,59.14
2024-01-25 22:55:00,36.303,31.797,0.0,60.32,53.9
2024-01-25 23:00:00,47.359,41.559,0.0,23.86,72.3
2024-01-25 23:05:00,23.823,30.987,0.0,57.44,78.13
2024-01-25 23:10:00,48.018,36.621,0.0,42.44,49.77
2024-01-25 23:15:00,46.062,31.693,0.0,43.83,53.24
2024-01-25 23:20:00,30.646,37.224,0.0,52.06,54.32
2024-01-25 23:25:00,27.831,41.87,0.0,35.29,54.48
2024-01-25 23:30:00,34.491,34.71,0.0,43.92,62.92
2024-01-25 23:35:00,29.557,23.751,0.0,45.92,49.23
2024-01-25 23:40:00,39.028,32.964,0.0,58.21,56.87
2024-01-25 23:45:00,46.462,22.152,5.0836,21.6,56.26
2024-01-25 23:50:00,35.533,31.681,0.0,47.31,35.21
2024-01-25 23:55:00,22.949,31.662,0.0,46.87,51.29
2024-01-26 00:00:00,47.923,31.764,0.0,32.97,57.56
2024-01-26 00:05:00,35.324,24.933,0.0,62.62,58.18
2024-01-26 00:10:00,43.043,30.007,0.0,35.66,58.51
2024-01-26 00:15:00,34.949,40.137,0.0,25.87,56.47
2024-01-26 00:20:00,41.113,28.075,0.0,40.53,47.94
2024-01-26 00:25:00,47.481,41.594,0.0,66.7,45.6
2024-01-26 00:30:00,38.005,35.587,0.0,42.8,52.21
2024-01-26 00:35:00,42.421,32.275,0.0,52.38,51.11
2024-01-26 00:40:00,25.653,29.75,0.0,56.36,66.61
2024-01-26 00:45:00,31.287,27.873,0.0,37.26,47.3
2024-01-26 00:50:00,48.746,28.397,0.0,52.71,52.38
2024-01-26 00:55:00,31.646,39.413,0.0,32.99,62.57
2024-01-26 01:00:00,29.855,24.13,0.0,52.4,49.14
2024-01-26 01:05:00,25.133,23.72,0.0,91.2,68.82
2024-01-26 01:10:00,26.36,28.544,1.6167,9.22,69.6
2024-01-26 01:15:00,29.431,29.774,0.0,36.0,58.62
2024-01-26 01:20:00,21.694,30.251,0.0,19.64,69.82
2024-01-26 01:25:00,34.688,36.602,0.0,18.75,48.79
2024-01-26 01:30:00,26.957,37.286,7.7613,45.94,55.75
2024-01-26 01:35:00,37.44,34.756,0.0,45.26,63.79
2024-01-26 01:40:00,32.328,33.285,0.0,26.19,54.87
2024-01-26 01:45:00,42.71,29.862,0.0,40.44,58.88
2024-01-26 01:50:00,49.016,31.417,0.0,49.85,58.16
2024-01-26 01:55:00,24.508,31.878,0.0,7.42,58.6
2024-01-26 02:00:00,136.915,41.461,0.0,55.24,51.91
2024-01-26 02:05:00,40.831,25.19,0.0,44.65,56.4
2024-01-26 02:10:00,37.7,31.459,0.0,46.72,57.3
2024-01-26 02:15:00,29.418,27.643,0.0,39.61,44.42
2024-01-26 02:20:00,37.419,35.744,0.0,43.03,64.63
2024-01-26 02:25:00,35.225,19.868,0.0,40.6,58.04
2024-01-26 02:30:00,37.31,30.67,0.0,61.22,46.27
2024-01-26 02:35:00,33.82,34.403,0.0,41.67,62.47
2024-01-26 02:40:00,42.708,26.822,0.0,49.86,59.27
2024-01-26 02:45:00,17.701,27.328,0.0,40.43,50.81
2024-01-26 02:50:00,29.128,17.51,0.0,31.96,71.29
2024-01-26 02:55:00,32.143,20.931,0.0,42.01,56.29
2024-01-26 03:00:00,41.808,30.614,0.0,37.62,66.39
2024-01-26 03:05:00,60.45,46.297,0.0,27.94,52.76
2024-01-26 03:10:00,18.306,27.988,0.0,30.98,73.38
2024-01-26 03:15:00,33.26,20.005,0.0,33.31,53.11
2024-01-26 03:20:00,18.618,30.353,0.0,48.15,52.47
2024-01-26 03:25:00,40.268,44.032,0.0,33.69,68.5
2024-01-26 03:30:00,23.858,18.643,0.0,52.97,44.45
2024-01-26 03:35:00,13.996,27.333,0.0,39.67,54.79
2024-01-26 03:40:00,38.401,36.913,0.0,24.83,43.11
2024-01-26 03:45:00,42.469,31.492,0.0,43.52,60.96
2024-01-26 03:50:00,24.551,29.32,0.0,38.64,52.72
2024-01-26 03:55:00,37.011,36.769,0.0,18.04,58.76
2024-01-26 04:00:00,30.654,29.183,0.0,53.18,52.57
2024-01-26 04:05:00,29.893,26.152,0.0,22.37,57.52
2024-01-26 04:10:00,38.896,30.029,0.0,41.2,60.81
2024-01-26 04:15:00,28.783,31.219,0.0,24.47,63.9
2024-01-26 04:20:00,26.192,39.445,0.3546,37.45,39.33
2024-01-26 04:25:00,33.575,30.014,0.0,57.37,61.02
2024-01-26 04:30:00,34.959,37.523,0.0,30.48,42.17
2024-01-26 04:35:00,9.72,32.36,0.0,30.1,65.02
2024-01-26 04:40:00,45.171,37.903,0.0,44.08,51.04
2024-01-26 04:45:00,28.755,38.17,0.0,22.03,54.88
2024-01-26 04:50:00,38.512,30.946,0.0,62.65,52.5
2024-01-26 04:55:00,32.699,27.558,0.0,47.43,68.32
2024-01-26 05:00:00,31.02,32.681,0.0,28.16,58.87
2024-01-26 05:05:00,46.349,40.019,0.0,36.79,56.14
2024-01-26 05:10:00,30.347,22.687,0.0,46.14,61.07
2024-01-26 05:15:00,71.941,44.326,0.0,39.89,70.87
2024-01-26 05:20:00,31.001,16.44,0.0,53.79,72.64
2024-01-26 05:25:00,26.965,23.276,0.0,36.77,48.53
2024-01-26 05:30:00,31.372,222.231,0.0,43.09,61.27
2024-01-26 05:35:00,30.245,34.217,0.0,39.99,56.72
2024-01-26 05:40:00,43.193,40.989,0.0,55.52,56.12
2024-01-26 05:45:00,17.899,27.396,0.0,49.16,57.04
2024-01-26 05:50:00,35.916,31.517,0.0,51.4,55.38
2024-01-26 05:55:00,43.153,28.737,0.0,49.55,56.7
2024-01-26 06:00:00,25.428,20.366,0.0,67.6,49.91
2024-01-26 06:05:00,26.295,32.753,0.0,54.11,60.27
2024-01-26 06:10:00,28.914,26.645,0.0,42.29,45.21
2024-01-26 06:15:00,37.216,26.463,0.0,43.14,48.01
2024-01-26 06:20:00,32.62,42.411,0.0,37.52,46.42
2024-01-26 06:25:00,31.06,39.483,0.281,44.41,53.95
2024-01-26 06:30:00,39.119,26.894,0.0,33.94,65.56
2024-01-26 06:35:00,24.035,36.798,0.0,37.86,65.23
2024-01-26 06:40:00,17.069,23.266,0.0,27.34,52.55
2024-01-26 06:45:00,28.708,20.84,0.0,28.63,61.42
2024-01-26 06:50:00,18.032,26.916,0.0,23.53,62.95
2024-01-26 06:55:00,28.0,37.195,0.0,45.39,43.86
2024-01-26 07:00:00,22.419,31.306,0.0,65.37,56.43
2024-01-26 07:05:00,32.952,21.957,0.0,41.12,61.57
2024-01-26 07:10:00,41.752,29.784,0.0,31.97,57.21
2024-01-26 07:15:00,31.002,27.847,0.0,34.03,72.69
2024-01-26 07:20:00,24.663,27.703,0.0,50.29,56.11
2024-01-26 07:25:00,45.294,35.513,0.0,42.83,55.2
2024-01-26 07:30:00,138.401,46.052,0.0,48.2,53.14
2024-01-26 07:35:00,36.554,26.203,0.0,54.19,66.53
2024-01-26 07:40:00,11.758,21.34,0.0,29.58,65.46
2024-01-26 07:45:00,37.019,30.792,0.0,33.97,66.96
2024-01-26 07:50:00,24.721,31.737,0.0,30.66,60.26
2024-01-26 07:55:00,38.833,32.55,0.0,28.53,60.47
2024-01-26 08:00:00,121.871,42.559,0.0,51.95,56.86
2024-01-26 08:05:00,114.937,49.893,0.0,77.42,61.48
2024-01-26 08:10:00,132.744,46.654,0.0,41.46,61.86
2024-01-26 08:15:00,138.361,43.027,0.0,42.49,51.7
2024-01-26 08:20:00,112.682,48.287,0.0,58.76,55.76
2024-01-26 08:25:00,145.593,46.954,0.0,85.26,59.45
2024-01-26 08:30:00,95.118,41.102,0.0,34.64,56.16
2024-01-26 08:35:00,109.951,52.846,0.0,66.43,76.04
2024-01-26 08:40:00,121.792,47.212,0.0,39.97,57.34
2024-01-26 08:45:00,138.07,41.525,0.0,67.8,38.7
2024-01-26 08:50:00,160.578,44.882,0.0,72.84,71.1
2024-01-26 08:55:00,124.413,34.981,0.0,42.8,57.29
2024-01-26 09:00:00,124.827,45.496,0.0,76.57,60.5
2024-01-26 09:05:00,106.045,47.202,0.0641,47.91,45.48
2024-01-26 09:10:00,110.2,51.59,0.0,57.31,61.59
2024-01-26 09:15:00,117.324,42.59,0.0,58.93,53.5
2024-01-26 09:20:00,146.418,38.067,0.0,64.83,57.7
2024-01-26 09:25:00,104.82,35.114,0.0,44.11,52.93
2024-01-26 09:30:00,125.488,36.049,0.0,51.07,47.36
2024-01-26 09:35:00,122.625,53.536,0.0,62.72,58.4
2024-01-26 09:40:00,102.414,36.204,0.0,41.3,56.35
2024-01-26 09:45:00,117.552,49.554,0.0,53.39,47.02
2024-01-26 09:50:00,128.488,47.094,0.0,55.08,57.7
2024-01-26 09:55:00,72.625,35.894,0.0,70.4,53.92
2024-01-26 10:00:00,96.482,31.73,0.0,61.45,59.38
2024-01-26 10:05:00,149.482,39.446,0.0,52.4,60.25
2024-01-26 10:10:00,91.984,35.753,0.0,46.68,45.22
2024-01-26 10:15:00,70.267,43.073,0.0,46.94,67.05
2024-01-26 10:20:00,127.154,55.074,0.0,27.5,69.37
2024-01-26 10:25:00,59.499,40.665,0.0,63.32,53.35
2024-01-26 10:30:00,103.04,38.395,0.145,28.05,52.2
2024-01-26 10:35:00,86.517,40.542,0.0,53.63,62.52
2024-01-26 10:40:00,117.178,40.036,0.0,66.36,63.27
2024-01-26 10:45:00,112.006,42.285,0.0,43.78,69.03
2024-01-26 10:50:00,122.581,40.562,0.0,41.75,53.98
2024-01-26 10:55:00,105.459,32.608,0.0,60.46,64.34
2024-01-26 11:00:00,105.966,46.855,0.0,26.61,74.86
2024-01-26 11:05:00,100.04,37.636,0.0,50.52,50.01
2024-01-26 11:10:00,103.11,47.73,0.0,57.49,68.27
2024-01-26 11:15:00,84.656,41.185,0.0,33.48,59.67
2024-01-26 11:20:00,124.35,48.837,0.0,51.79,52.94
2024-01-26 11:25:00,117.677,40.657,0.0,54.5,57.09
2024-01-26 11:30:00,96.202,39.965,0.0,38.28,47.11
2024-01-26 11:35:00,117.212,27.92,0.0,58.51,68.6
2024-01-26 11:40:00,134.349,43.347,0.0,61.47,60.42
2024-01-26 11:45:00,136.373,31.241,0.0,67.12,64.34
2024-01-26 11:50:00,95.882,37.907,0.0,53.95,65.42
2024-01-26 11:55:00,101.961,38.772,0.0,58.28,54.89
2024-01-26 12:00:00,126.754,33.791,0.0,74.26,62.48
2024-01-26 12:05:00,118.913,39.392,0.0,60.04,66.43
2024-01-26 12:10:00,85.092,29.882,0.0,50.34,50.51
2024-01-26 12:15:00,104.134,41.443,0.0,46.79,58.38
2024-01-26 12:20:00,102.169,31.258,5.9988,60.78,68.17
2024-01-26 12:25:00,112.969,47.939,0.0,38.3,64.34
2024-01-26 12:30:00,113.11,41.671,0.0,63.16,53.09
2024-01-26 12:35:00,124.47,34.325,0.0,66.63,62.35
2024-01-26 12:40:00,113.494,38.798,0.0,56.38,54.28
2024-01-26 12:45:00,116.83,42.032,0.0,72.73,64.79
2024-01-26 12:50:00,96.216,46.864,0.0,50.64,54.76
2024-01-26 12:55:00,106.055,39.406,0.0,54.18,44.11
2024-01-26 13:00:00,101.392,38.878,0.0,32.39,57.54
2024-01-26 13:05:00,133.993,31.713,0.0,65.33,65.75
2024-01-26 13:10:00,123.426,52.845,0.0,61.87,64.04
2024-01-26 13:15:00,89.823,38.783,0.0,43.32,66.18
2024-01-26 13:20:00,106.342,43.503,0.0,60.72,61.59
2024-01-26 13:25:00,83.908,33.276,0.0,44.26,66.19
2024-01-26 13:30:00,130.444,38.552,0.0,49.43,66.12
2024-01-26 13:35:00,112.638,32.758,0.0,32.77,51.29
2024-01-26 13:40:00,119.539,41.096,0.0,61.77,55.7
2024-01-26 13:45:00,108.087,38.419,0.4161,59.84,60.36
2024-01-26 13:50:00,101.431,52.0,0.0,63.86,51.6
2024-01-26 13:55:00,128.3,33.461,0.0,58.01,49.58
2024-01-26 14:00:00,95.312,33.531,0.0,44.75,65.48
2024-01-26 14:05:00,133.902,45.936,0.0,65.99,57.67
2024-01-26 14:10:00,66.675,36.587,0.0,63.92,53.79
2024-01-26 14:15:00,124.595,46.74,0.0,56.27,59.42
2024-01-26 14:20:00,118.25,39.523,0.0,55.51,59.91
2024-01-26 14:25:00,113.954,47.772,0.0,62.02,54.54
2024-01-26 14:30:00,141.363,35.753,0.0,74.35,68.93
2024-01-26 14:35:00,112.889,37.366,0.0,49.45,51.88
2024-01-26 14:40:00,120.485,51.742,0.0,66.0,54.43
2024-01-26 14:45:00,122.659,29.622,0.0,48.89,56.16
2024-01-26 14:50:00,137.663,43.978,0.0,54.2,66.99
2024-01-26 14:55:00,99.033,49.077,0.0,58.46,57.49
2024-01-26 15:00:00,112.344,40.886,0.0,58.06,53.12
2024-01-26 15:05:00,119.493,43.004,0.0,47.36,58.68
2024-01-26 15:10:00,88.538,32.449,0.0,64.18,42.31
2024-01-26 15:15:00,120.606,35.792,0.0,54.04,58.53
2024-01-26 15:20:00,138.482,34.749,0.0,71.75,56.52
2024-01-26 15:25:00,94.777,24.546,0.0,45.93,64.95
2024-01-26 15:30:00,125.93,39.867,0.3868,74.98,42.24
2024-01-26 15:35:00,132.828,40.878,0.0,56.0,54.59
2024-01-26 15:40:00,61.2,31.104,0.0,56.12,43.89
2024-01-26 15:45:00,105.305,41.744,0.0,59.85,60.14
2024-01-26 15:50:00,115.56,39.05,0.0,54.22,57.26
2024-01-26 15:55:00,94.706,33.351,0.0,64.16,45.96
2024-01-26 16:00:00,147.791,36.825,0.0,95.82,74.39
2024-01-26 16:05:00,109.204,43.569,0.0,59.48,57.7
2024-01-26 16:10:00,94.619,38.965,0.0,36.28,68.69
2024-01-26 16:15:00,95.639,35.768,0.0,43.55,57.6
2024-01-26 16:20:00,133.483,44.219,0.0,73.41,52.06
2024-01-26 16:25:00,68.501,39.64,0.3017,37.1,69.71
2024-01-26 16:30:00,106.14,37.085,0.0571,74.01,56.51
2024-01-26 16:35:00,126.442,46.015,0.0,60.91,64.05
2024-01-26 16:40:00,110.108,34.283,0.0,67.64,64.9
2024-01-26 16:45:00,62.831,37.306,0.0,37.84,42.86
2024-01-26 16:50:00,129.551,43.257,0.0,44.7,44.79
2024-01-26 16:55:00,138.733,51.112,0.0,53.53,61.49
2024-01-26 17:00:00,145.481,46.988,0.0,64.22,54.65
2024-01-26 17:05:00,120.714,48.546,0.0,52.6,42.92
2024-01-26 17:10:00,103.303,37.912,0.0,47.12,64.76
2024-01-26 17:15:00,82.07,32.907,0.0,43.82,46.55
2024-01-26 17:20:00,124.707,31.964,0.0,71.4,58.66
2024-01-26 17:25:00,133.142,40.79,0.0,58.9,69.98
2024-01-26 17:30:00,107.31,35.603,0.0,49.65,64.6
2024-01-26 17:35:00,91.307,35.607,0.0,42.33,49.92
2024-01-26 17:40:00,108.485,36.676,0.0,63.42,70.0
2024-01-26 17:45:00,126.809,49.368,0.0,51.15,66.75
2024-01-26 17:50:00,127.069,33.613,0.0,50.72,51.45
2024-01-26 17:55:00,137.652,36.353,0.0,50.08,37.99
2024-01-26 18:00:00,117.015,45.9,0.0,56.31,55.88
2024-01-26 18:05:00,107.399,37.622,0.0,57.05,59.52
2024-01-26 18:10:00,133.362,40.121,0.0,92.29,57.39
2024-01-26 18:15:00,77.04,35.395,2.4496,72.69,39.27
2024-01-26 18:20:00,113.255,44.259,0.0,62.06,63.91
2024-01-26 18:25:00,94.768,35.335,0.0,48.59,63.71
2024-01-26 18:30:00,115.581,51.416,0.0,71.1,53.18
2024-01-26 18:35:00,90.673,45.97,0.1184,53.47,67.15
2024-01-26 18:40:00,124.535,42.681,0.0,56.66,49.39
2024-01-26 18:45:00,128.36,40.916,0.0,47.03,48.44
2024-01-26 18:50:00,153.832,43.275,0.0,71.94,55.87
2024-01-26 18:55:00,111.268,40.175,0.0,49.85,61.75
2024-01-26 19:00:00,42.828,33.239,0.0,44.82,52.94
2024-01-26 19:05:00,15.757,32.514,0.0,23.64,71.85
2024-01-26 19:10:00,31.8,38.839,0.0,26.82,48.79
2024-01-26 19:15:00,24.18,30.026,0.0,41.67,58.34
2024-01-26 19:20:00,26.698,24.592,0.0,27.6,52.9
2024-01-26 19:25:00,21.342,31.506,0.0,63.28,60.66
2024-01-26 19:30:00,40.523,25.495,0.0,47.58,53.41
2024-01-26 19:35:00,42.506,28.712,0.0,54.13,60.1
2024-01-26 19:40:00,29.887,37.3,0.0,50.04,61.75
2024-01-26 19:45:00,45.219,37.714,0.0,44.88,64.37
2024-01-26 19:50:00,44.418,42.474,0.0,44.41,58.95
2024-01-26 19:55:00,33.135,30.163,0.0,48.27,59.84
2024-01-26 20:00:00,32.552,28.92,0.0,56.58,43.87
2024-01-26 20:05:00,47.21,36.872,0.0,55.53,69.35
2024-01-26 20:10:00,18.101,31.351,0.0,29.69,58.35
2024-01-26 20:15:00,34.995,44.781,0.0,35.45,69.04
2024-01-26 20:20:00,41.62,36.235,0.0,37.65,51.35
2024-01-26 20:25:00,27.091,27.635,0.0,49.82,56.68
2024-01-26 20:30:00,25.768,24.891,0.0,39.77,46.4
2024-01-26 20:35:00,29.112,40.956,0.0,40.39,41.84
2024-01-26 20:40:00,29.983,32.388,0.0,43.82,66.27
2024-01-26 20:45:00,189.15,41.782,0.0,67.32,66.8
2024-01-26 20:50:00,24.853,37.437,0.2802,33.03,68.97
2024-01-26 20:55:00,41.775,22.519,0.0,24.67,64.76
2024-01-26 21:00:00,31.077,22.419,0.0,10.57,62.86
2024-01-26 21:05:00,41.066,39.076,0.0,51.76,59.24
2024-01-26 21:10:00,35.069,41.839,0.0,51.68,61.51
2024-01-26 21:15:00,23.878,22.913,0.0,38.41,64.18
2024-01-26 21:20:00,35.565,18.956,0.0,42.43,71.11
2024-01-26 21:25:00,29.202,39.962,0.0,50.32,64.58
2024-01-26 21:30:00,32.036,26.57,0.0,22.68,82.27
2024-01-26 21:35:00,43.636,30.285,0.0,45.86,46.26
2024-01-26 21:40:00,20.322,22.713,0.0,41.5,65.13
2024-01-26 21:45:00,32.799,31.15,0.0,31.57,69.07
2024-01-26 21:50:00,26.806,36.987,0.0,30.24,56.59
2024-01-26 21:55:00,25.367,32.481,0.0,33.84,58.09
2024-01-26 22:00:00,23.863,39.083,0.0,57.59,55.53
2024-01-26 22:05:00,23.832,23.745,0.0,53.4,45.28
2024-01-26 22:10:00,23.203,29.798,0.0,44.48,58.93
2024-01-26 22:15:00,39.201,28.309,0.0,37.19,39.87
2024-01-26 22:20:00,29.437,28.968,0.0,73.55,46.07
2024-01-26 22:25:00,28.175,30.975,0.0,54.74,46.83
2024-01-26 22:30:00,36.786,26.676,0.0,37.36,58.1
2024-01-26 22:35:00,33.097,25.422,0.0,57.61,56.63
2024-01-26 22:40:00,40.976,29.403,0.0,45.24,61.52
2024-01-26 22:45:00,22.334,36.046,0.0,28.06,60.12
2024-01-26 22:50:00,30.986,30.396,0.0,39.88,62.18
2024-01-26 22:55:00,14.511,22.339,0.0,26.78,63.14
2024-01-26 23:00:00,37.585,28.229,0.0,29.09,63.07
2024-01-26 23:05:00,32.338,34.027,0.0,29.29,35.46
2024-01-26 23:10:00,14.074,22.211,0.0,28.24,52.04
2024-01-26 23:15:00,40.446,48.218,0.0,33.9,64.1
2024-01-26 23:20:00,29.986,23.537,0.0,23.03,44.61
2024-01-26 23:25:00,22.417,32.726,0.0,35.34,69.48
2024-01-26 23:30:00,41.68,33.883,0.0,32.79,70.13
2024-01-26 23:35:00,21.884,29.264,0.0,17.17,71.06
2024-01-26 23:40:00,55.19,38.694,0.0,31.55,53.21
2024-01-26 23:45:00,35.307,26.333,0.0,44.13,62.11
2024-01-26 23:50:00,39.623,28.647,0.0,45.4,38.97
2024-01-26 23:55:00,49.033,37.028,0.0,44.99,51.03
2024-01-27 00:00:00,26.902,36.705,0.0,47.8,52.41
2024-01-27 00:05:00,36.046,30.692,0.0,26.22,67.56
2024-01-27 00:10:00,40.392,36.022,0.0,58.62,59.76
2024-01-27 00:15:00,40.886,36.908,0.0,32.66,58.88
2024-01-27 00:20:00,26.115,32.859,0.0,47.56,70.35
2024-01-27 00:25:00,32.365,28.943,0.0,32.13,41.46
2024-01-27 00:30:00,34.632,30.465,0.0,40.78,50.49
2024-01-27 00:35:00,44.443,42.067,0.0,47.98,62.43
2024-01-27 00:40:00,39.262,26.13,0.0,47.6,57.18
2024-01-27 00:45:00,37.893,40.135,0.0,27.16,56.06
2024-01-27 00:50:00,20.495,40.437,0.0,37.26,53.19
2024-01-27 00:55:00,31.705,32.215,0.4009,32.72,69.41
2024-01-27 01:00:00,38.263,32.827,0.0,40.64,54.73
2024-01-27 01:05:00,37.694,35.37,0.0,31.25,42.93
2024-01-27 01:10:00,32.193,41.072,0.0,28.79,72.43
2024-01-27 01:15:00,36.044,36.128,0.0,41.24,61.73
2024-01-27 01:20:00,17.398,34.313,0.0,53.34,54.12
2024-01-27 01:25:00,32.077,35.021,0.0,10.08,74.49
2024-01-27 01:30:00,44.265,33.754,0.0,21.67,59.82
2024-01-27 01:35:00,27.758,33.282,0.0,35.49,70.48
2024-01-27 01:40:00,29.749,31.498,0.0,35.35,59.35
2024-01-27 01:45:00,29.647,40.612,0.0,58.95,56.34
2024-01-27 01:50:00,28.514,32.857,0.3011,48.37,56.29
2024-01-27 01:55:00,40.825,18.905,0.0,38.02,61.95
2024-01-27 02:00:00,39.353,32.713,0.0,35.18,55.75
2024-01-27 02:05:00,18.269,26.432,0.8202,57.03,42.79
2024-01-27 02:10:00,37.973,28.723,0.0,61.95,61.38
2024-01-27 02:15:00,41.845,35.356,0.0,37.72,57.92
2024-01-27 02:20:00,27.805,31.99,0.0,54.25,46.45
2024-01-27 02:25:00,28.986,34.174,0.0,42.75,50.36
2024-01-27 02:30:00,176.663,43.793,0.0,59.13,64.11
2024-01-27 02:35:00,19.115,26.689,0.0,40.78,67.57
2024-01-27 02:40:00,27.203,22.115,0.0,28.5,57.14
2024-01-27 02:45:00,34.416,35.609,0.0,34.32,59.18
2024-01-27 02:50:00,39.31,39.523,0.0,30.14,50.51
2024-01-27 02:55:00,31.211,29.186,0.0,52.48,50.23
2024-01-27 03:00:00,44.81,21.702,0.0,34.4,60.28
2024-01-27 03:05:00,31.167,29.033,0.0,48.56,60.26
2024-01-27 03:10:00,24.544,24.677,0.0,35.11,56.42
2024-01-27 03:15:00,45.419,27.313,0.0,55.3,52.42
2024-01-27 03:20:00,21.293,41.376,0.0,16.24,59.31
2024-01-27 03:25:00,45.902,37.566,0.0,37.56,60.67
2024-01-27 03:30:00,33.684,40.292,0.0,44.6,54.39
2024-01-27 03:35:00,40.031,39.794,0.0,51.04,67.74
2024-01-27 03:40:00,39.546,26.21,0.0,50.77,53.27
2024-01-27 03:45:00,21.223,27.097,0.0,48.74,59.48
2024-01-27 03:50:00,29.591,38.126,0.0,54.73,52.71
2024-01-27 03:55:00,40.376,27.427,0.0,47.17,34.59
2024-01-27 04:00:00,40.13,37.677,0.4412,33.18,63.61
2024-01-27 04:05:00,32.4,37.204,0.0,36.02,55.78
2024-01-27 04:10:00,32.833,31.957,0.0,41.22,55.46
2024-01-27 04:15:00,31.922,28.697,0.0,44.12,71.38
2024-01-27 04:20:00,51.268,38.533,0.0,57.48,59.57
2024-01-27 04:25:00,44.778,31.29,0.0,47.98,59.04
2024-01-27 04:30:00,44.002,36.888,0.0,48.13,60.06
2024-01-27 04:35:00,28.831,32.852,0.0,21.32,61.77
2024-01-27 04:40:00,30.543,34.358,0.0,36.4,38.57
2024-01-27 04:45:00,29.317,26.99,0.0,30.95,62.69
2024-01-27 04:50:00,28.18,32.564,0.0,42.23,61.07
2024-01-27 04:55:00,60.142,33.708,0.0,52.48,69.93
2024-01-27 05:00:00,38.841,25.613,0.0,23.72,53.36
2024-01-27 05:05:00,30.329,26.431,0.0,49.08,69.42
2024-01-27 05:10:00,274.402,73.265,0.0,87.86,49.22
2024-01-27 05:15:00,18.219,18.901,0.0,47.85,48.9
2024-01-27 05:20:00,20.894,35.243,0.0,35.12,61.4
2024-01-27 05:25:00,10.748,20.523,0.0,40.73,53.57
2024-01-27 05:30:00,24.665,23.894,0.0,56.32,67.16
2024-01-27 05:35:00,20.88,26.898,0.0,34.2,50.43
2024-01-27 05:40:00,31.035,32.2,0.0,38.83,72.47
2024-01-27 05:45:00,35.246,26.412,0.0,38.27,64.27
2024-01-27 05:50:00,35.469,31.287,0.0,32.95,59.59
2024-01-27 05:55:00,24.834,24.996,0.0,56.26,60.66
2024-01-27 06:00:00,30.636,32.175,0.0,26.81,52.31
2024-01-27 06:05:00,34.408,32.257,0.0,24.79,52.73
2024-01-27 06:10:00,25.622,36.325,0.0,45.91,51.44
2024-01-27 06:15:00,34.771,30.439,0.0,63.0,45.73
2024-01-27 06:20:00,33.283,32.912,0.0,37.12,71.79
2024-01-27 06:25:00,142.477,40.638,0.0,70.08,52.41
2024-01-27 06:30:00,32.183,20.663,0.0,37.27,52.36
2024-01-27 06:35:00,14.252,32.467,0.0,16.72,48.36
2024-01-27 06:40:00,29.8,35.209,0.0,44.91,56.3
2024-01-27 06:45:00,42.902,32.438,0.0,30.5,49.55
2024-01-27 06:50:00,20.398,37.705,0.0,46.99,48.93
2024-01-27 06:55:00,39.396,34.657,7.1158,20.48,67.26
2024-01-27 07:00:00,36.249,40.118,0.0,43.97,51.94
2024-01-27 07:05:00,32.302,38.496,0.0,34.93,59.04
2024-01-27 07:10:00,42.366,42.346,0.0,43.44,49.55
2024-01-27 07:15:00,53.28,30.535,0.0,56.08,50.42
2024-01-27 07:20:00,20.224,29.274,0.0,33.79,77.03
2024-01-27 07:25:00,14.253,32.911,0.0,35.94,41.64
2024-01-27 07:30:00,42.849,32.461,0.0,57.36,56.15
2024-01-27 07:35:00,49.28,25.178,0.0,65.2,66.07
2024-01-27 07:40:00,40.882,26.076,0.0,50.12,46.21
2024-01-27 07:45:00,20.361,26.102,0.0,52.49,72.23
2024-01-27 07:50:00,41.18,34.071,0.0,43.59,57.03
2024-01-27 07:55:00,34.468,31.758,0.0,30.61,44.71
2024-01-27 08:00:00,36.133,36.533,0.0,31.0,37.0
2024-01-27 08:05:00,32.135,23.018,0.0,20.3,51.05
2024-01-27 08:10:00,37.688,27.133,0.0,54.57,54.5
2024-01-27 08:15:00,29.48,38.161,0.0,54.47,49.84
2024-01-27 08:20:00,30.459,33.347,0.0,28.41,58.65
2024-01-27 08:25:00,33.124,34.905,0.0,48.74,52.18
2024-01-27 08:30:00,48.537,249.078,0.0,31.15,57.42
2024-01-27 08:35:00,20.246,34.933,0.0,55.19,68.5
2024-01-27 08:40:00,43.081,28.928,0.0,27.67,57.88
2024-01-27 08:45:00,22.977,31.093,0.0,27.54,56.09
2024-01-27 08:50:00,26.915,45.379,0.0,30.67,57.7
2024-01-27 08:55:00,20.743,30.28,0.0,19.45,59.05
2024-01-27 09:00:00,21.758,28.161,0.0,42.41,68.64
2024-01-27 09:05:00,38.178,21.849,0.0,26.97,61.59
2024-01-27 09:10:00,32.319,32.201,0.0,37.21,57.44
2024-01-27 09:15:00,22.516,31.64,0.0,40.91,65.46
2024-01-27 09:20:00,27.37,33.649,0.0,35.19,58.55
2024-01-27 09:25:00,41.115,24.198,0.0,30.15,59.53
2024-01-27 09:30:00,38.48,27.37,0.0,44.1,53.91
2024-01-27 09:35:00,22.263,16.823,0.0,30.68,65.56
2024-01-27 09:40:00,14.135,28.324,0.0,34.53,52.13
2024-01-27 09:45:00,49.339,32.587,0.0,51.06,55.54
2024-01-27 09:50:00,45.149,34.611,0.322,26.73,57.68
2024-01-27 09:55:00,23.989,31.915,0.0,29.59,65.92
2024-01-27 10:00:00,46.781,42.785,0.0,39.13,50.27
2024-01-27 10:05:00,21.218,28.878,0.0,19.91,45.17
2024-01-27 10:10:00,37.453,40.469,0.0,54.82,71.31
2024-01-27 10:15:00,30.826,19.327,0.0,34.2,40.4
2024-01-27 10:20:00,22.8,31.838,0.0,34.17,53.51
2024-01-27 10:25:00,34.97,36.797,0.0,42.3,65.44
2024-01-27 10:30:00,33.042,19.244,0.0,46.73,58.24
2024-01-27 10:35:00,46.575,36.425,0.0,58.05,50.64
2024-01-27 10:40:00,26.541,42.25,7.9871,26.12,54.31
2024-01-27 10:45:00,40.742,25.611,0.0,45.2,50.38
2024-01-27 10:50:00,28.384,32.712,0.0,40.75,64.95
2024-01-27 10:55:00,19.255,29.164,0.0,89.83,70.75
2024-01-27 11:00:00,43.728,31.34,0.0,15.39,53.98
2024-01-27 11:05:00,48.0,38.295,0.0,64.35,69.16
2024-01-27 11:10:00,42.737,39.172,0.0,34.07,73.3
2024-01-27 11:15:00,30.936,28.371,0.0,30.05,44.45
2024-01-27 11:20:00,27.09,33.873,0.0,29.02,74.12
2024-01-27 11:25:00,33.729,40.069,0.0,24.59,56.08
2024-01-27 11:30:00,44.018,41.909,0.0,29.21,46.63
2024-01-27 11:35:00,37.757,35.448,0.0,33.07,41.43
2024-01-27 11:40:00,20.128,48.521,0.0,24.15,53.43
2024-01-27 11:45:00,38.819,38.319,0.0,22.7,50.51
2024-01-27 11:50:00,37.457,29.697,0.0,15.7,56.57
2024-01-27 11:55:00,41.138,37.987,0.0,24.64,60.62
2024-01-27 12:00:00,29.122,42.75,0.0,45.63,54.09
2024-01-27 12:05:00,28.955,23.348,0.0,41.46,52.84
2024-01-27 12:10:00,37.078,30.817,0.0,36.65,61.55
2024-01-27 12:15:00,35.047,38.02,0.0935,34.57,54.6
2024-01-27 12:20:00,33.089,27.617,0.0,36.01,66.78
2024-01-27 12:25:00,14.068,14.886,0.0,46.69,61.7
2024-01-27 12:30:00,41.197,31.695,0.0,41.18,52.95
2024-01-27 12:35:00,27.946,31.607,0.0,43.13,58.68
2024-01-27 12:40:00,36.162,37.187,0.4108,36.61,56.74
2024-01-27 12:45:00,45.448,33.334,0.0,55.07,60.74
2024-01-27 12:50:00,39.544,32.741,0.0,31.71,59.33
2024-01-27 12:55:00,42.835,39.225,0.0,35.42,52.63
2024-01-27 13:00:00,30.951,36.651,0.0,19.33,56.46
2024-01-27 13:05:00,31.069,23.391,0.0,44.08,45.28
2024-01-27 13:10:00,22.937,35.853,0.0,38.65,62.92
2024-01-27 13:15:00,25.921,26.912,0.0,30.42,34.31
2024-01-27 13:20:00,23.426,33.813,0.0,25.93,61.29
2024-01-27 13:25:00,31.244,34.209,0.0,47.21,70.87
2024-01-27 13:30:00,34.358,27.357,0.0,38.24,58.54
2024-01-27 13:35:00,22.876,26.829,0.0,22.92,62.28
2024-01-27 13:40:00,25.864,25.188,0.0,42.79,66.22
2024-01-27 13:45:00,30.699,29.963,0.0,63.54,47.61
2024-01-27 13:50:00,42.359,39.359,0.0,26.8,58.76
2024-01-27 13:55:00,25.873,34.513,0.0,41.1,76.89
2024-01-27 14:00:00,19.009,22.635,0.0,45.0,53.87
2024-01-27 14:05:00,21.795,28.696,0.0,26.58,52.95
2024-01-27 14:10:00,41.036,34.78,0.0,53.8,61.57
2024-01-27 14:15:00,44.514,32.805,0.0,45.35,56.98
2024-01-27 14:20:00,21.6,30.455,0.0,20.2,52.89
2024-01-27 14:25:00,10.749,31.042,0.0,34.87,64.72
2024-01-27 14:30:00,25.505,35.414,0.0,34.69,62.44
2024-01-27 14:35:00,52.945,37.588,0.0,50.58,50.26
2024-01-27 14:40:00,34.087,25.772,0.0,45.16,68.67
2024-01-27 14:45:00,33.433,36.149,0.0,54.8,56.44
2024-01-27 14:50:00,31.859,26.282,0.0,41.26,49.89
2024-01-27 14:55:00,21.017,21.315,0.0,36.64,69.24
2024-01-27 15:00:00,20.406,37.0,0.0,43.19,59.25
2024-01-27 15:05:00,31.302,36.579,0.0,33.89,58.6
2024-01-27 15:10:00,33.418,41.027,0.0,44.56,57.45
2024-01-27 15:15:00,16.6,251.238,0.0,21.16,75.88
2024-01-27 15:20:00,30.781,21.754,0.0,39.59,50.78
2024-01-27 15:25:00,31.992,33.146,0.0,42.24,55.24
2024-01-27 15:30:00,19.869,26.001,0.0,45.37,48.9
2024-01-27 15:35:00,31.439,27.996,0.0,43.84,63.74
2024-01-27 15:40:00,52.354,40.54,0.0,54.19,52.37
2024-01-27 15:45:00,41.248,37.442,0.0,39.12,59.18
2024-01-27 15:50:00,26.851,26.562,0.0,37.14,59.7
2024-01-27 15:55:00,37.969,25.332,0.0,50.88,62.47
2024-01-27 16:00:00,50.045,40.547,0.0,42.32,69.69
2024-01-27 16:05:00,25.634,37.466,0.0,36.17,70.57
2024-01-27 16:10:00,11.591,22.373,0.0,43.56,58.14
2024-01-27 16:15:00,42.256,34.806,0.0,47.33,63.75
2024-01-27 16:20:00,28.828,21.528,0.2059,49.05,58.48
2024-01-27 16:25:00,37.702,30.085,0.0,23.04,76.75
2024-01-27 16:30:00,27.384,39.154,0.0,51.19,55.1
2024-01-27 16:35:00,44.132,29.769,0.0,47.5,48.96
2024-01-27 16:40:00,35.848,29.321,0.0,70.62,71.47
2024-01-27 16:45:00,21.165,30.889,0.0,53.34,52.9
2024-01-27 16:50:00,45.909,37.725,0.0,41.57,48.54
2024-01-27 16:55:00,27.998,26.208,0.0,27.1,54.13
2024-01-27 17:00:00,43.222,40.171,0.0,40.61,62.46
2024-01-27 17:05:00,30.693,42.696,0.0,51.11,71.53
2024-01-27 17:10:00,54.515,21.349,0.0,41.16,63.55
2024-01-27 17:15:00,27.625,31.308,0.0,38.18,53.04
2024-01-27 17:20:00,33.007,28.194,0.0,31.64,57.36
2024-01-27 17:25:00,36.145,36.632,0.0,49.18,71.41
2024-01-27 17:30:00,37.294,27.06,0.0,46.26,46.59
2024-01-27 17:35:00,25.545,38.852,0.0,47.29,56.94
2024-01-27 17:40:00,31.649,38.616,0.0,45.71,56.31
2024-01-27 17:45:00,46.474,29.769,0.2951,61.8,59.46
2024-01-27 17:50:00,41.362,154.179,0.0,49.06,59.2
2024-01-27 17:55:00,31.551,28.245,0.0,42.1,53.5
2024-01-27 18:00:00,27.212,31.858,0.0,44.35,51.05
2024-01-27 18:05:00,39.149,36.194,0.0,44.26,74.72
2024-01-27 18:10:00,42.555,35.126,0.0,28.13,46.2
2024-01-27 18:15:00,35.076,22.685,0.0,37.92,69.05
2024-01-27 18:20:00,32.626,40.161,0.0,39.04,64.11
2024-01-27 18:25:00,24.682,20.16,0.0,29.87,68.11
2024-01-27 18:30:00,22.959,28.578,0.0,34.51,67.41
2024-01-27 18:35:00,35.194,37.313,0.0,55.0,69.36
2024-01-27 18:40:00,25.215,23.904,0.0,48.05,46.97
2024-01-27 18:45:00,28.275,37.974,0.0,38.49,51.09
2024-01-27 18:50:00,33.619,27.618,0.0,41.64,59.13
2024-01-27 18:55:00,21.824,36.833,0.0,21.67,59.66
2024-01-27 19:00:00,48.032,24.57,0.0,48.06,52.61
2024-01-27 19:05:00,28.832,28.826,0.0,30.16,65.67
2024-01-27 19:10:00,30.422,25.392,0.0,45.56,57.52
2024-01-27 19:15:00,35.757,21.275,0.0,38.46,54.58
2024-01-27 19:20:00,29.76,29.186,0.0,34.61,47.5
2024-01-27 19:25:00,28.037,31.946,0.0,39.28,59.78
2024-01-27 19:30:00,34.991,29.277,0.0,31.14,59.08
2024-01-27 19:35:00,32.212,26.388,0.0,45.33,45.88
2024-01-27 19:40:00,18.982,30.487,0.0,48.14,56.75
2024-01-27 19:45:00,29.878,34.912,0.167,25.15,50.24
2024-01-27 19:50:00,37.203,33.374,0.0,52.02,58.04
2024-01-27 19:55:00,37.144,25.072,0.0,61.86,52.58
2024-01-27 20:00:00,25.63,34.151,0.0,22.67,42.71
2024-01-27 20:05:00,39.847,28.966,0.0,30.51,69.59
2024-01-27 20:10:00,50.795,34.897,0.0,97.41,70.3
2024-01-27 20:15:00,38.915,31.586,0.0,36.34,46.07
2024-01-27 20:20:00,48.507,36.382,0.0,52.02,58.29
2024-01-27 20:25:00,51.724,46.39,0.0,46.7,62.5
2024-01-27 20:30:00,37.658,33.101,0.0,56.83,57.2
2024-01-27 20:35:00,35.059,40.639,0.0,18.55,59.16
2024-01-27 20:40:00,27.357,28.085,0.0,21.24,69.69
2024-01-27 20:45:00,22.798,31.24,0.0,48.73,57.29
2024-01-27 20:50:00,41.507,33.421,0.0,43.09,46.56
2024-01-27 20:55:00,46.906,31.741,0.0,36.67,47.87
2024-01-27 21:00:00,35.735,33.856,0.0,54.07,47.35
2024-01-27 21:05:00,41.401,40.005,0.0,25.42,47.21
2024-01-27 21:10:00,31.216,34.639,0.0,29.98,51.45
2024-01-27 21:15:00,31.546,29.977,0.4896,28.85,60.48
2024-01-27 21:20:00,30.563,33.166,0.0,40.16,57.98
2024-01-27 21:25:00,42.339,32.176,0.0,28.38,52.94
2024-01-27 21:30:00,61.455,26.489,0.0,40.18,59.19
2024-01-27 21:35:00,27.215,36.488,0.0,48.21,66.0
2024-01-27 21:40:00,28.694,31.184,0.0,45.21,53.86
2024-01-27 21:45:00,48.187,43.862,0.0,28.63,55.42
2024-01-27 21:50:00,33.15,29.705,0.0,38.67,60.85
2024-01-27 21:55:00,16.554,29.103,0.0,44.26,54.15
2024-01-27 22:00:00,38.151,35.491,0.0,24.55,62.29
2024-01-27 22:05:00,50.894,38.442,0.0,37.97,45.02
2024-01-27 22:10:00,31.258,10.85,0.0981,33.01,57.04
2024-01-27 22:15:00,40.383,41.105,0.0,34.48,56.25
2024-01-27 22:20:00,29.193,36.583,0.0,16.49,54.82
2024-01-27 22:25:00,35.154,34.46,0.0,58.2,66.69
2024-01-27 22:30:00,34.662,31.394,0.0,51.32,59.02
2024-01-27 22:35:00,28.521,30.32,0.3296,53.12,61.38
2024-01-27 22:40:00,29.004,38.486,0.0,50.54,55.16
2024-01-27 22:45:00,24.173,33.383,0.0,39.67,44.29
2024-01-27 22:50:00,18.702,25.0,0.0,56.91,61.06
2024-01-27 22:55:00,27.486,28.293,0.0,26.97,52.23
2024-01-27 23:00:00,21.22,34.361,0.0,35.31,57.85
2024-01-27 23:05:00,23.484,27.824,0.0,44.77,47.93
2024-01-27 23:10:00,37.957,36.219,0.0,35.17,52.93
2024-01-27 23:15:00,44.169,35.626,0.0,33.98,56.59
2024-01-27 23:20:00,38.333,35.195,0.0,43.2,50.66
2024-01-27 23:25:00,33.758,204.385,0.0,33.45,54.14
2024-01-27 23:30:00,41.589,33.553,0.0,52.05,60.83
2024-01-27 23:35:00,33.171,33.117,0.0,25.61,48.74
2024-01-27 23:40:00,33.573,32.424,0.0,55.69,68.44
2024-01-27 23:45:00,41.651,38.248,0.0,20.19,53.56
2024-01-27 23:50:00,29.937,35.257,0.0,50.23,62.3
2024-01-27 23:55:00,29.792,45.473,0.0,28.59,60.79
2024-01-28 00:00:00,30.218,47.004,0.0,26.68,54.42
2024-01-28 00:05:00,27.551,35.714,0.0,37.45,57.45
2024-01-28 00:10:00,33.324,22.603,0.0,43.76,60.98
2024-01-28 00:15:00,201.833,54.155,0.0,58.99,49.9
2024-01-28 00:20:00,31.599,40.004,0.0,61.05,57.93
2024-01-28 00:25:00,55.089,33.954,0.0,36.76,49.72
2024-01-28 00:30:00,38.432,28.035,0.0,37.02,59.84
2024-01-28 00:35:00,41.021,34.68,0.0,44.38,64.84
2024-01-28 00:40:00,28.696,34.642,0.0,34.48,64.31
2024-01-28 00:45:00,37.983,35.736,0.0,46.91,59.17
2024-01-28 00:50:00,39.174,41.627,0.0,43.56,58.25
2024-01-28 00:55:00,30.532,42.403,0.0,46.31,66.54
2024-01-28 01:00:00,34.186,28.436,0.0,41.04,53.27
2024-01-28 01:05:00,16.233,38.959,0.0,40.96,67.86
2024-01-28 01:10:00,30.617,33.069,0.0,34.38,63.12
2024-01-28 01:15:00,19.467,27.268,4.5148,24.0,60.66
2024-01-28 01:20:00,31.723,37.544,0.0,52.12,48.54
2024-01-28 01:25:00,31.703,36.358,0.0,36.81,66.45
2024-01-28 01:30:00,146.381,45.137,0.0,66.93,57.71
2024-01-28 01:35:00,38.578,24.43,0.0,67.65,57.44
2024-01-28 01:40:00,27.997,27.369,6.1088,44.85,45.27
2024-01-28 01:45:00,28.678,37.363,0.0,47.36,59.64
2024-01-28 01:50:00,30.514,31.917,0.0,31.94,64.42
2024-01-28 01:55:00,34.254,26.333,0.0,45.46,53.33
2024-01-28 02:00:00,21.254,36.867,0.0,32.93,62.72
2024-01-28 02:05:00,29.488,38.829,0.0,37.46,70.14
2024-01-28 02:10:00,16.884,36.805,5.739,27.99,43.54
2024-01-28 02:15:00,32.339,28.573,0.0,49.61,70.56
2024-01-28 02:20:00,23.081,40.616,0.0,43.0,42.37
2024-01-28 02:25:00,34.067,27.475,0.0,24.35,48.96
2024-01-28 02:30:00,48.222,29.652,0.0,48.21,42.18
2024-01-28 02:35:00,44.482,34.071,0.0,33.78,50.48
2024-01-28 02:40:00,34.358,36.984,0.0,48.35,58.4
2024-01-28 02:45:00,22.931,24.36,0.0,35.99,69.39
2024-01-28 02:50:00,38.935,38.287,0.0,59.85,58.12
2024-01-28 02:55:00,25.347,35.845,0.0,40.37,59.94
2024-01-28 03:00:00,36.52,36.683,0.0,47.64,66.04
2024-01-28 03:05:00,36.136,34.418,0.1963,36.72,54.87
2024-01-28 03:10:00,23.984,32.926,0.0,29.57,62.66
2024-01-28 03:15:00,39.882,38.094,0.0,35.89,39.14
2024-01-28 03:20:00,50.526,24.317,0.0,47.47,53.54
2024-01-28 03:25:00,34.666,30.833,0.0,41.91,50.74
2024-01-28 03:30:00,29.793,37.218,0.0,21.86,60.02
2024-01-28 03:35:00,37.299,31.422,0.1657,50.16,57.34
2024-01-28 03:40:00,55.082,36.886,0.2977,50.62,61.2
2024-01-28 03:45:00,24.046,20.081,0.0,8.03,57.92
2024-01-28 03:50:00,28.068,32.871,0.0,57.69,67.26
2024-01-28 03:55:00,26.989,30.101,0.0,27.21,53.38
2024-01-28 04:00:00,28.567,21.746,0.0,53.37,69.65
2024-01-28 04:05:00,28.905,26.406,0.0,25.43,71.08
2024-01-28 04:10:00,32.137,18.694,0.0,37.25,72.97
2024-01-28 04:15:00,30.953,27.394,0.0,25.49,49.2
2024-01-28 04:20:00,33.401,14.362,0.0,46.66,57.9
2024-01-28 04:25:00,14.01,27.648,0.0,5.91,60.38
2024-01-28 04:30:00,32.235,36.394,0.0,29.72,62.31
2024-01-28 04:35:00,52.79,38.676,0.0,52.84,58.75
2024-01-28 04:40:00,20.572,17.888,0.0,29.63,56.7
2024-01-28 04:45:00,33.544,26.178,0.0,25.12,49.34
2024-01-28 04:50:00,28.4,27.278,0.0,45.41,52.31
2024-01-28 04:55:00,36.296,39.573,0.0,30.29,61.35
2024-01-28 05:00:00,40.579,35.637,0.0,61.38,70.86
2024-01-28 05:05:00,8.13,33.681,0.0,27.41,58.26
2024-01-28 05:10:00,39.438,38.533,0.0,55.94,55.38
2024-01-28 05:15:00,26.135,36.519,0.0,21.62,46.77
2024-01-28 05:20:00,15.901,30.546,0.0,37.93,50.02
2024-01-28 05:25:00,22.161,34.599,0.0,50.54,61.6
2024-01-28 05:30:00,30.883,20.309,0.0,28.3,54.32
2024-01-28 05:35:00,31.676,28.906,0.0,42.19,56.45
2024-01-28 05:40:00,29.82,31.698,0.0,28.54,63.05
2024-01-28 05:45:00,24.784,50.461,0.0,26.67,56.81
2024-01-28 05:50:00,35.627,30.983,0.0,39.75,55.3
2024-01-28 05:55:00,20.053,31.135,3.4531,23.92,50.17
2024-01-28 06:00:00,28.33,30.047,0.0,55.45,55.54
2024-01-28 06:05:00,32.286,22.972,0.0,45.33,63.58
2024-01-28 06:10:00,36.587,41.03,0.0,54.19,57.83
2024-01-28 06:15:00,17.12,32.264,0.0,47.76,63.11
2024-01-28 06:20:00,40.518,34.384,0.0,31.19,53.09
2024-01-28 06:25:00,15.846,20.533,0.0,42.44,47.84
2024-01-28 06:30:00,31.581,41.489,0.0,29.37,69.22
2024-01-28 06:35:00,31.566,38.693,0.0,32.39,64.46
2024-01-28 06:40:00,39.084,33.085,0.0,40.22,51.51
2024-01-28 06:45:00,33.785,34.786,0.0,51.53,65.9
2024-01-28 06:50:00,37.483,32.729,0.0,42.63,64.31
2024-01-28 06:55:00,18.334,29.086,0.0,20.5,67.28
2024-01-28 07:00:00,35.284,32.255,0.0,53.21,62.36
2024-01-28 07:05:00,41.096,23.256,0.0,57.91,60.98
2024-01-28 07:10:00,30.948,25.726,0.0,18.31,51.65
2024-01-28 07:15:00,37.38,22.589,0.0,57.22,60.0
2024-01-28 07:20:00,39.032,33.48,5.0982,54.98,54.73
2024-01-28 07:25:00,31.32,35.015,0.0,35.78,48.62
2024-01-28 07:30:00,30.624,25.576,0.0,51.76,57.65
2024-01-28 07:35:00,31.818,37.843,0.0,30.63,50.99
2024-01-28 07:40:00,32.018,23.534,0.0,17.75,53.91
2024-01-28 07:45:00,34.629,29.021,0.0,39.78,66.74
2024-01-28 07:50:00,24.921,30.317,0.0,50.58,70.4
2024-01-28 07:55:00,20.874,26.383,0.0,47.72,68.41
2024-01-28 08:00:00,16.417,22.512,0.0,31.47,57.17
2024-01-28 08:05:00,40.995,33.994,0.0,46.68,63.56
2024-01-28 08:10:00,39.149,37.329,0.0,52.19,46.22
2024-01-28 08:15:00,39.876,28.093,0.0,88.14,51.81
2024-01-28 08:20:00,39.378,29.488,0.0,30.91,51.76
2024-01-28 08:25:00,18.253,34.744,0.0,20.45,73.9
2024-01-28 08:30:00,29.841,35.609,0.0,44.94,55.4
2024-01-28 08:35:00,33.422,39.905,0.0,56.1,50.7
2024-01-28 08:40:00,28.667,29.435,0.2491,23.31,60.08
2024-01-28 08:45:00,25.147,30.996,0.1567,50.1,53.65
2024-01-28 08:50:00,40.495,24.303,0.0,23.58,57.5
2024-01-28 08:55:00,35.92,36.375,0.0,38.69,60.21
2024-01-28 09:00:00,37.301,34.067,0.0,48.42,47.52
2024-01-28 09:05:00,24.055,19.931,0.2189,31.14,56.12
2024-01-28 09:10:00,47.018,22.69,0.0,46.44,58.58
2024-01-28 09:15:00,38.185,36.018,0.0,49.28,65.72
2024-01-28 09:20:00,35.69,31.159,0.0,31.47,51.14
2024-01-28 09:25:00,146.189,44.496,0.0,80.39,65.12
2024-01-28 09:30:00,8.576,23.621,0.0,33.05,60.04
2024-01-28 09:35:00,33.706,17.872,0.0,34.31,55.33
2024-01-28 09:40:00,39.875,25.33,0.0,35.14,69.67
2024-01-28 09:45:00,18.924,33.81,0.0,45.82,57.54
2024-01-28 09:50:00,15.044,31.404,0.0,39.86,65.16
2024-01-28 09:55:00,11.77,38.322,0.3614,10.42,59.72
2024-01-28 10:00:00,19.364,19.977,0.0,44.45,49.12
2024-01-28 10:05:00,29.821,31.402,0.0,46.16,61.89
2024-01-28 10:10:00,44.18,31.218,0.0,55.15,52.84
2024-01-28 10:15:00,42.715,31.362,0.0,51.11,57.19
2024-01-28 10:20:00,21.362,31.653,0.0,47.28,58.21
2024-01-28 10:25:00,23.816,26.93,0.0,8.35,51.29
2024-01-28 10:30:00,29.561,23.811,0.0,42.36,66.33
2024-01-28 10:35:00,32.849,25.786,0.0,40.27,60.83
2024-01-28 10:40:00,23.915,38.168,0.0,31.3,69.19
2024-01-28 10:45:00,18.254,29.109,0.0,44.61,60.89
2024-01-28 10:50:00,24.317,23.294,0.0,62.64,56.29
2024-01-28 10:55:00,29.153,29.501,0.0,57.54,35.4
2024-01-28 11:00:00,28.845,36.932,0.0,10.72,51.74
2024-01-28 11:05:00,26.205,32.335,0.0,37.46,63.72
2024-01-28 11:10:00,33.524,28.559,0.0,63.22,59.95
2024-01-28 11:15:00,34.816,35.303,0.2932,45.26,58.31
2024-01-28 11:20:00,26.685,26.829,0.0,60.53,60.97
2024-01-28 11:25:00,37.498,41.869,0.0,57.16,62.23
2024-01-28 11:30:00,28.502,16.755,0.0,46.74,64.18
2024-01-28 11:35:00,26.353,27.659,0.0,27.92,49.9
2024-01-28 11:40:00,45.865,25.682,0.0,48.09,58.45
2024-01-28 11:45:00,44.599,35.336,0.0,39.56,58.56
2024-01-28 11:50:00,14.883,22.469,0.0,50.64,54.5
2024-01-28 11:55:00,20.484,31.816,0.0,34.49,63.8
2024-01-28 12:00:00,21.099,26.505,0.0,48.05,60.8
2024-01-28 12:05:00,21.068,27.295,0.0,49.45,52.87
2024-01-28 12:10:00,42.268,30.325,0.0,60.96,57.38
2024-01-28 12:15:00,39.52,28.341,0.0,29.14,68.28
2024-01-28 12:20:00,29.619,35.219,0.0,29.39,64.66
2024-01-28 12:25:00,32.892,29.168,0.0,51.68,53.85
2024-01-28 12:30:00,38.876,43.569,0.0,45.88,47.48
2024-01-28 12:35:00,38.623,28.6,0.0,34.78,45.03
2024-01-28 12:40:00,24.244,33.65,0.0,47.11,56.35
2024-01-28 12:45:00,29.148,20.163,0.0,68.44,59.17
2024-01-28 12:50:00,37.386,40.058,0.0,28.9,53.52
2024-01-28 12:55:00,134.66,39.286,0.0,52.38,56.88
2024-01-28 13:00:00,29.18,28.151,0.0,43.16,53.52
2024-01-28 13:05:00,24.601,31.233,0.0,47.08,51.32
2024-01-28 13:10:00,51.331,36.824,0.2969,74.43,70.6
2024-01-28 13:15:00,22.055,17.236,0.0,43.89,50.78
2024-01-28 13:20:00,36.638,41.532,0.0,26.39,73.52
2024-01-28 13:25:00,33.215,41.345,0.0,59.69,58.39
2024-01-28 13:30:00,54.642,43.335,0.0,73.76,57.64
2024-01-28 13:35:00,42.692,34.667,0.0,28.59,56.03
2024-01-28 13:40:00,27.031,31.303,0.0,46.37,53.14
2024-01-28 13:45:00,23.847,29.098,0.0,36.79,63.96
2024-01-28 13:50:00,28.323,27.61,0.0,42.75,53.2
2024-01-28 13:55:00,34.069,33.663,0.2639,31.49,60.68
2024-01-28 14:00:00,49.722,38.611,0.0,37.43,52.22
2024-01-28 14:05:00,40.122,37.307,0.0,29.62,47.9
2024-01-28 14:10:00,32.111,33.198,0.0,29.45,49.01
2024-01-28 14:15:00,23.099,39.953,0.0,46.45,60.65
2024-01-28 14:20:00,38.543,33.399,0.0,35.22,69.33
2024-01-28 14:25:00,39.698,15.73,0.0,42.48,58.87
2024-01-28 14:30:00,34.606,35.281,0.0,38.69,53.87
2024-01-28 14:35:00,25.947,29.724,0.0,26.06,45.45
2024-01-28 14:40:00,48.495,27.846,0.0,43.79,66.62
2024-01-28 14:45:00,22.882,43.336,0.0,25.41,74.56
2024-01-28 14:50:00,22.2,29.333,0.0,39.4,58.48
2024-01-28 14:55:00,27.234,35.303,0.0,25.8,61.24
2024-01-28 15:00:00,17.567,31.073,0.0,36.43,64.92
2024-01-28 15:05:00,26.382,20.78,0.0,36.59,66.48
2024-01-28 15:10:00,29.282,29.054,0.0,27.94,59.45
2024-01-28 15:15:00,27.965,29.76,0.0,20.43,53.49
2024-01-28 15:20:00,26.651,39.161,0.0,66.58,61.82
2024-01-28 15:25:00,41.378,32.441,0.0,45.64,59.45
2024-01-28 15:30:00,44.484,43.601,0.0,35.22,63.67
2024-01-28 15:35:00,30.574,30.759,0.0,30.96,52.5
2024-01-28 15:40:00,22.732,32.463,0.0,52.63,50.21
2024-01-28 15:45:00,22.022,14.462,0.0,45.19,63.07
2024-01-28 15:50:00,22.971,42.356,0.0,40.59,67.83
2024-01-28 15:55:00,51.089,41.75,0.0,48.15,42.82
2024-01-28 16:00:00,38.263,29.155,0.0,44.68,51.66
2024-01-28 16:05:00,21.887,39.639,0.0,48.63,60.97
2024-01-28 16:10:00,31.47,28.313,0.0,50.42,53.4
2024-01-28 16:15:00,18.274,25.101,0.0,37.8,59.34
2024-01-28 16:20:00,38.796,24.714,0.0,56.4,56.81
2024-01-28 16:25:00,38.091,34.58,0.3587,30.37,59.38
2024-01-28 16:30:00,44.788,32.602,0.0,27.41,63.89
2024-01-28 16:35:00,31.258,30.29,0.0,76.24,61.58
2024-01-28 16:40:00,16.317,29.435,0.0,38.53,62.98
2024-01-28 16:45:00,38.284,19.885,0.0,48.3,49.8
2024-01-28 16:50:00,32.872,34.361,0.0,41.48,52.3
2024-01-28 16:55:00,25.866,35.08,0.0,26.29,67.46
2024-01-28 17:00:00,33.616,51.861,0.0,39.95,63.39
2024-01-28 17:05:00,12.831,19.695,0.0,27.03,54.73
2024-01-28 17:10:00,20.884,28.42,0.0,39.28,64.83
2024-01-28 17:15:00,28.543,37.018,0.0,52.22,55.42
2024-01-28 17:20:00,32.569,44.6,0.4139,57.48,64.28
2024-01-28 17:25:00,25.935,35.021,0.0,30.98,62.51
2024-01-28 17:30:00,29.34,30.819,0.0,45.55,51.86
2024-01-28 17:35:00,36.962,31.829,0.0,60.09,67.1
2024-01-28 17:40:00,29.259,246.69,0.0,51.61,50.85
2024-01-28 17:45:00,20.221,27.649,0.0,17.45,66.77
2024-01-28 17:50:00,40.579,36.516,0.0,39.86,65.82
2024-01-28 17:55:00,54.487,37.261,0.0,42.45,65.42
2024-01-28 18:00:00,16.772,31.957,0.0,61.28,57.18
2024-01-28 18:05:00,40.026,33.067,0.0,25.97,63.05
2024-01-28 18:10:00,26.113,33.264,0.0,40.76,55.49
2024-01-28 18:15:00,33.806,39.396,0.0,58.38,67.34
2024-01-28 18:20:00,24.625,27.773,0.0,33.2,64.91
2024-01-28 18:25:00,24.608,233.083,0.0,47.07,68.49
2024-01-28 18:30:00,19.794,35.623,0.0,66.27,49.21
2024-01-28 18:35:00,24.82,41.909,0.0,35.08,48.44
2024-01-28 18:40:00,30.005,25.722,0.0,36.3,63.33
2024-01-28 18:45:00,10.544,26.7,0.0,29.69,57.63
2024-01-28 18:50:00,35.664,34.576,0.0,49.29,52.64
2024-01-28 18:55:00,45.364,35.796,0.0,50.68,60.94
2024-01-28 19:00:00,40.182,32.965,0.0,40.77,47.93
2024-01-28 19:05:00,30.0,29.349,0.0,41.67,55.96
2024-01-28 19:10:00,37.686,37.454,0.0,47.51,68.35
2024-01-28 19:15:00,40.129,34.003,0.0,40.61,48.19
2024-01-28 19:20:00,24.296,26.622,0.0,22.64,63.98
2024-01-28 19:25:00,36.226,35.079,0.0,37.75,57.91
2024-01-28 19:30:00,47.453,32.513,0.0,53.68,58.5
2024-01-28 19:35:00,26.421,35.12,0.0,33.15,44.27
2024-01-28 19:40:00,23.583,28.723,0.0,14.6,56.57
2024-01-28 19:45:00,22.987,29.418,0.0,43.48,52.5
2024-01-28 19:50:00,34.751,36.431,0.0,63.73,61.25
2024-01-28 19:55:00,46.665,39.899,0.0,51.62,36.22
2024-01-28 20:00:00,38.762,33.01,0.0,56.74,65.12
2024-01-28 20:05:00,32.362,30.959,0.0,35.8,50.95
2024-01-28 20:10:00,28.775,29.031,0.0,43.4,64.98
2024-01-28 20:15:00,32.525,29.985,0.0,20.67,58.3
2024-01-28 20:20:00,36.216,31.139,0.0,21.43,67.71
2024-01-28 20:25:00,57.606,37.274,0.0,58.48,45.26
2024-01-28 20:30:00,30.599,32.372,0.0,37.22,57.54
2024-01-28 20:35:00,18.173,33.832,0.0,30.2,63.06
2024-01-28 20:40:00,23.127,26.536,0.0,50.84,72.9
2024-01-28 20:45:00,21.438,35.956,0.0,35.01,58.67
2024-01-28 20:50:00,39.947,33.361,0.0,47.58,47.06
2024-01-28 20:55:00,32.16,46.684,0.0,52.72,50.71
2024-01-28 21:00:00,38.989,34.175,0.137,29.9,59.04
2024-01-28 21:05:00,36.711,38.696,0.0,40.0,60.07
2024-01-28 21:10:00,27.569,36.892,0.0,36.57,51.6
2024-01-28 21:15:00,21.316,34.577,0.0,42.47,64.22
2024-01-28 21:20:00,43.269,33.481,0.0,56.87,50.9
2024-01-28 21:25:00,23.324,36.592,0.0,35.27,66.51
2024-01-28 21:30:00,40.149,33.041,0.0,63.43,57.69
2024-01-28 21:35:00,25.874,32.003,0.0,32.87,58.44
2024-01-28 21:40:00,37.579,37.775,0.0,39.06,50.94
2024-01-28 21:45:00,46.989,28.198,0.0,39.42,39.96
2024-01-28 21:50:00,25.622,35.326,0.0,66.81,69.16
2024-01-28 21:55:00,47.619,32.453,0.0,47.92,48.53
2024-01-28 22:00:00,20.966,34.185,0.0,53.4,53.22
2024-01-28 22:05:00,28.532,30.87,0.0,26.13,65.21
2024-01-28 22:10:00,28.318,35.313,0.0,34.46,51.56
2024-01-28 22:15:00,32.508,31.333,0.0,47.73,60.35
2024-01-28 22:20:00,50.222,37.11,0.0,33.32,54.36
2024-01-28 22:25:00,29.546,36.384,0.0,53.81,60.16
2024-01-28 22:30:00,38.858,44.362,0.0,52.86,66.88
2024-01-28 22:35:00,45.888,37.091,0.0,50.54,57.06
2024-01-28 22:40:00,35.672,45.261,0.0,51.73,57.57
2024-01-28 22:45:00,44.28,31.741,0.0,50.67,45.98
2024-01-28 22:50:00,45.074,28.075,0.0,42.75,65.26
2024-01-28 22:55:00,46.432,30.787,0.0,37.44,50.89
2024-01-28 23:00:00,35.522,31.517,0.0,39.02,76.02
2024-01-28 23:05:00,33.214,27.991,0.0,62.74,55.88
2024-01-28 23:10:00,29.03,30.485,0.0,33.11,63.61
2024-01-28 23:15:00,27.359,31.886,0.0,55.71,58.56
2024-01-28 23:20:00,39.067,31.859,0.0,41.18,61.02
2024-01-28 23:25:00,37.974,29.633,0.0,27.87,54.61
2024-01-28 23:30:00,36.686,30.673,0.0,41.02,66.13
2024-01-28 23:35:00,44.691,44.466,0.0,49.01,79.57
2024-01-28 23:40:00,39.777,34.689,0.0,36.07,57.92
2024-01-28 23:45:00,25.446,28.06,0.0,41.51,50.95
2024-01-28 23:50:00,30.286,21.912,4.8967,42.88,62.15
2024-01-28 23:55:00,56.208,38.094,0.0,51.27,51.71
2024-01-29 00:00:00,39.86,41.43,0.0,58.81,62.64
2024-01-29 00:05:00,35.596,32.694,0.0,39.78,60.64
2024-01-29 00:10:00,34.59,29.66,0.0,35.83,46.88
2024-01-29 00:15:00,14.68,31.782,0.0,34.44,55.77
2024-01-29 00:20:00,48.64,38.591,0.0,41.85,61.84
2024-01-29 00:25:00,32.747,33.96,0.0,30.58,57.65
2024-01-29 00:30:00,27.919,33.456,0.0,34.45,65.42
2024-01-29 00:35:00,31.391,30.167,0.0,34.1,63.88
2024-01-29 00:40:00,33.676,42.253,0.0,52.79,63.01
2024-01-29 00:45:00,45.806,30.483,0.0,52.87,49.7
2024-01-29 00:50:00,28.985,28.335,0.0,28.57,48.48
2024-01-29 00:55:00,34.972,30.33,0.0,31.12,53.83
2024-01-29 01:00:00,13.76,35.922,0.0,42.46,46.56
2024-01-29 01:05:00,40.243,34.781,0.0,19.49,52.62
2024-01-29 01:10:00,33.414,24.378,0.0,50.69,59.97
2024-01-29 01:15:00,21.306,42.816,0.0,42.97,50.43
2024-01-29 01:20:00,24.85,31.701,0.0,41.9,65.59
2024-01-29 01:25:00,14.264,37.437,0.0,21.96,70.65
2024-01-29 01:30:00,31.601,23.507,0.0,48.97,52.56
2024-01-29 01:35:00,15.029,22.915,0.0,59.95,63.82
2024-01-29 01:40:00,40.359,30.964,0.0,16.87,57.29
2024-01-29 01:45:00,28.333,28.224,0.0,41.17,56.1
2024-01-29 01:50:00,17.953,27.677,0.0,23.59,49.31
2024-01-29 01:55:00,31.104,36.765,0.0,47.04,60.74
2024-01-29 02:00:00,33.552,32.356,0.0,49.8,38.41
2024-01-29 02:05:00,24.959,24.143,0.0,46.18,39.71
2024-01-29 02:10:00,24.019,36.714,0.0,59.33,49.8
2024-01-29 02:15:00,31.358,30.882,0.0,44.56,46.6
2024-01-29 02:20:00,32.443,29.898,0.0,33.38,41.72
2024-01-29 02:25:00,40.2,39.86,0.0,39.05,59.48
2024-01-29 02:30:00,32.482,35.58,0.0,31.04,52.37
2024-01-29 02:35:00,33.21,33.654,0.0,35.41,73.77
2024-01-29 02:40:00,48.873,39.167,0.0,39.54,56.47
2024-01-29 02:45:00,25.347,33.77,0.0,27.59,50.14
2024-01-29 02:50:00,21.184,28.636,0.0,37.89,70.65
2024-01-29 02:55:00,43.917,33.464,0.0,15.67,67.08
2024-01-29 03:00:00,21.948,33.421,0.0,21.48,60.71
2024-01-29 03:05:00,32.754,36.881,0.0,42.3,65.04
2024-01-29 03:10:00,147.745,50.162,0.0,49.51,64.64
2024-01-29 03:15:00,30.777,30.67,0.0,19.39,54.24
2024-01-29 03:20:00,37.677,32.867,0.2985,43.41,61.96
2024-01-29 03:25:00,24.895,30.769,0.0,40.32,58.47
2024-01-29 03:30:00,34.546,29.546,0.0,48.56,53.41
2024-01-29 03:35:00,35.704,28.626,0.0,57.78,58.45
2024-01-29 03:40:00,51.813,33.976,0.0,49.12,65.63
2024-01-29 03:45:00,33.786,26.28,0.0,61.65,77.99
2024-01-29 03:50:00,29.602,24.715,0.0,34.32,66.29
2024-01-29 03:55:00,18.225,36.515,0.0,44.88,55.97
2024-01-29 04:00:00,28.07,25.394,0.0,48.95,56.93
2024-01-29 04:05:00,54.052,30.375,0.0,39.44,69.11
2024-01-29 04:10:00,47.521,30.428,0.0,40.5,58.05
2024-01-29 04:15:00,31.87,33.944,0.0,47.19,58.58
2024-01-29 04:20:00,26.81,42.087,0.0,39.12,66.52
2024-01-29 04:25:00,26.555,27.811,0.0,31.88,59.61
2024-01-29 04:30:00,27.695,32.173,0.0,25.82,60.05
2024-01-29 04:35:00,37.38,26.958,0.0,60.81,54.41
2024-01-29 04:40:00,12.77,30.153,0.0,13.64,52.24
2024-01-29 04:45:00,33.055,28.759,0.0,33.37,72.07
2024-01-29 04:50:00,21.925,28.601,0.0,11.42,58.59
2024-01-29 04:55:00,40.393,38.225,0.0,37.68,51.84
2024-01-29 05:00:00,54.523,36.09,0.2209,32.31,58.06
2024-01-29 05:05:00,23.847,34.837,0.0,54.38,61.82
2024-01-29 05:10:00,31.937,41.191,0.0,46.44,79.01
2024-01-29 05:15:00,28.571,34.595,0.0,38.6,47.18
2024-01-29 05:20:00,44.496,42.22,0.0,49.19,67.68
2024-01-29 05:25:00,47.439,35.835,0.0,32.19,66.75
2024-01-29 05:30:00,37.128,30.405,0.0,29.72,56.36
2024-01-29 05:35:00,36.517,41.225,0.0,44.24,65.18
2024-01-29 05:40:00,51.284,36.048,0.0,41.29,56.83
2024-01-29 05:45:00,25.942,36.468,0.0,40.67,55.71
2024-01-29 05:50:00,16.74,28.308,0.0,21.75,65.66
2024-01-29 05:55:00,41.011,32.27,0.0,46.96,72.4
2024-01-29 06:00:00,35.858,35.228,0.0,35.51,57.28
2024-01-29 06:05:00,27.756,41.551,0.0,46.19,66.36
2024-01-29 06:10:00,44.411,37.075,0.0,29.16,57.52
2024-01-29 06:15:00,49.347,29.086,0.0,31.03,58.03
2024-01-29 06:20:00,34.59,24.519,0.0,34.83,68.54
2024-01-29 06:25:00,38.444,30.564,0.0,53.49,48.61
2024-01-29 06:30:00,13.675,37.17,0.0,19.66,53.72
2024-01-29 06:35:00,22.73,36.682,0.0,30.45,61.6
2024-01-29 06:40:00,39.164,28.12,0.0,46.04,54.07
2024-01-29 06:45:00,41.033,33.895,0.0,35.06,55.48
2024-01-29 06:50:00,42.557,34.262,0.0,32.48,47.63
2024-01-29 06:55:00,24.337,44.872,0.0,48.28,54.92
2024-01-29 07:00:00,32.137,26.502,0.0,29.6,53.55
2024-01-29 07:05:00,21.723,22.698,0.0,66.04,58.86
2024-01-29 07:10:00,34.357,38.563,0.0,36.24,43.38
2024-01-29 07:15:00,21.938,26.775,0.0,19.92,56.31
2024-01-29 07:20:00,19.434,23.522,0.0,38.8,49.21
2024-01-29 07:25:00,16.865,31.62,0.0,25.6,76.75
2024-01-29 07:30:00,44.139,40.95,0.0,27.57,69.93
2024-01-29 07:35:00,34.411,32.933,0.0,25.15,51.02
2024-01-29 07:40:00,45.796,30.871,0.0,41.73,69.74
2024-01-29 07:45:00,30.781,29.326,0.1982,37.0,40.79
2024-01-29 07:50:00,22.502,26.739,0.0,65.37,62.78
2024-01-29 07:55:00,39.496,29.469,0.0,30.12,52.59
2024-01-29 08:00:00,95.746,47.111,0.0,45.36,58.22
2024-01-29 08:05:00,149.297,50.756,0.0,49.77,41.24
2024-01-29 08:10:00,120.203,38.03,0.0,45.77,58.53
2024-01-29 08:15:00,112.185,39.504,0.0,59.16,49.25
2024-01-29 08:20:00,94.28,40.018,0.0,74.34,55.7
2024-01-29 08:25:00,69.333,42.302,0.0,44.95,66.45
2024-01-29 08:30:00,104.972,43.28,0.0,39.87,62.58
2024-01-29 08:35:00,83.69,41.873,0.0,37.87,61.74
2024-01-29 08:40:00,119.326,44.52,0.0,60.32,52.52
2024-01-29 08:45:00,146.247,44.047,0.0,51.29,48.48
2024-01-29 08:50:00,95.357,43.984,0.0,53.28,42.74
2024-01-29 08:55:00,133.895,51.014,0.4433,53.31,45.45
2024-01-29 09:00:00,98.598,35.801,0.0,52.1,58.88
2024-01-29 09:05:00,132.986,43.481,0.0,51.53,63.99
2024-01-29 09:10:00,119.189,37.801,0.0,46.27,57.5
2024-01-29 09:15:00,110.509,39.372,0.0,56.3,57.47
2024-01-29 09:20:00,112.004,51.421,0.0,54.7,63.13
2024-01-29 09:25:00,97.007,31.097,0.0,26.68,68.6
2024-01-29 09:30:00,132.437,40.969,0.0,58.49,66.64
2024-01-29 09:35:00,100.335,36.096,0.0,43.9,60.73
2024-01-29 09:40:00,91.581,32.961,0.0,56.37,63.06
2024-01-29 09:45:00,112.53,41.34,0.0,50.91,41.95
2024-01-29 09:50:00,126.982,33.828,0.0,55.36,70.82
2024-01-29 09:55:00,116.437,47.74,0.0,60.95,62.51
2024-01-29 10:00:00,107.954,29.103,0.0,26.42,75.17
2024-01-29 10:05:00,117.394,41.039,0.0,47.02,60.16
2024-01-29 10:10:00,129.253,36.143,0.0,66.06,53.63
2024-01-29 10:15:00,100.131,40.595,0.0,56.11,56.54
2024-01-29 10:20:00,117.484,46.447,0.0,64.75,65.11
2024-01-29 10:25:00,165.73,44.243,0.0,66.64,57.12
2024-01-29 10:30:00,120.687,35.862,0.0,40.98,52.4
2024-01-29 10:35:00,88.872,43.207,0.0,44.52,59.09
2024-01-29 10:40:00,104.241,50.493,0.2045,67.4,55.52
2024-01-29 10:45:00,109.864,45.024,1.8082,36.34,62.61
2024-01-29 10:50:00,92.265,38.026,0.0,47.34,67.0
2024-01-29 10:55:00,109.959,39.157,0.0,53.6,61.19
2024-01-29 11:00:00,74.57,28.701,0.0,52.36,60.22
2024-01-29 11:05:00,110.926,41.527,0.2098,47.95,62.28
2024-01-29 11:10:00,118.398,40.77,0.0,54.65,68.04
2024-01-29 11:15:00,117.861,37.221,0.0,56.81,63.97
2024-01-29 11:20:00,94.149,34.015,0.0,51.72,60.76
2024-01-29 11:25:00,119.898,37.339,0.0,55.4,53.07
2024-01-29 11:30:00,124.563,36.17,0.0,31.62,56.34
2024-01-29 11:35:00,117.236,33.446,0.0,61.09,46.54
2024-01-29 11:40:00,110.978,36.692,0.0,62.2,67.86
2024-01-29 11:45:00,121.688,42.25,0.0,35.15,55.12
2024-01-29 11:50:00,117.904,31.55,0.0,63.43,66.47
2024-01-29 11:55:00,130.423,50.839,0.0,64.19,58.54
2024-01-29 12:00:00,83.514,45.757,0.3698,51.7,52.04
2024-01-29 12:05:00,126.084,47.101,0.0,51.78,42.29
2024-01-29 12:10:00,115.638,46.171,0.0,36.51,55.17
2024-01-29 12:15:00,144.166,45.943,0.0,65.29,50.44
2024-01-29 12:20:00,94.617,24.844,0.0,56.54,65.77
2024-01-29 12:25:00,143.936,50.518,0.0,72.85,53.69
2024-01-29 12:30:00,135.322,57.052,0.0,64.62,41.11
2024-01-29 12:35:00,119.851,37.382,0.0,30.98,62.28
2024-01-29 12:40:00,118.998,48.674,0.0,62.75,61.9
2024-01-29 12:45:00,102.017,40.845,0.0,89.5,54.03
2024-01-29 12:50:00,591.411,98.437,0.4656,99.0,43.03
2024-01-29 12:55:00,92.086,44.207,0.0,62.41,48.99
2024-01-29 13:00:00,95.011,48.683,0.0,74.41,63.08
2024-01-29 13:05:00,93.564,47.774,1.5826,55.08,45.24
2024-01-29 13:10:00,109.386,242.904,0.0,54.08,61.72
2024-01-29 13:15:00,101.558,38.678,0.0,63.37,60.18
2024-01-29 13:20:00,133.444,49.603,0.0979,64.99,56.37
2024-01-29 13:25:00,116.751,45.298,0.0,59.79,57.32
2024-01-29 13:30:00,96.766,43.501,0.0,57.87,61.91
2024-01-29 13:35:00,127.764,45.91,0.0,39.06,50.37
2024-01-29 13:40:00,121.564,22.038,0.0,63.79,69.1
2024-01-29 13:45:00,120.409,43.492,0.0,70.69,54.51
2024-01-29 13:50:00,112.641,37.591,0.0,54.32,45.96
2024-01-29 13:55:00,118.684,33.135,0.0,47.54,67.35
2024-01-29 14:00:00,135.744,41.328,0.0,52.05,54.31
2024-01-29 14:05:00,427.385,77.794,0.0,99.0,60.71
2024-01-29 14:10:00,107.702,38.723,0.0,62.96,68.02
2024-01-29 14:15:00,86.228,53.563,0.0,47.42,58.33
2024-01-29 14:20:00,114.665,45.947,0.0,56.04,56.75
2024-01-29 14:25:00,151.134,48.769,0.0,42.94,81.06
2024-01-29 14:30:00,106.479,41.238,0.0,49.14,62.28
2024-01-29 14:35:00,106.874,48.473,0.0,81.44,46.98
2024-01-29 14:40:00,118.825,27.286,0.0,60.26,45.39
2024-01-29 14:45:00,115.92,41.232,0.0,41.66,52.21
2024-01-29 14:50:00,134.33,41.213,0.0,72.8,60.99
2024-01-29 14:55:00,168.492,34.332,0.0,61.5,58.72
2024-01-29 15:00:00,347.188,65.12,0.0,97.54,51.98
2024-01-29 15:05:00,320.392,77.831,0.0,90.62,49.89
2024-01-29 15:10:00,69.837,40.156,0.0,52.13,48.36
2024-01-29 15:15:00,109.602,38.656,0.0,44.65,53.88
2024-01-29 15:20:00,63.337,28.079,0.0,41.69,67.53
2024-01-29 15:25:00,134.416,40.837,0.0,57.12,49.24
2024-01-29 15:30:00,108.306,57.692,2.6076,40.32,71.7
2024-01-29 15:35:00,103.161,42.704,0.0,55.65,69.21
2024-01-29 15:40:00,99.25,52.946,0.0,32.03,69.84
2024-01-29 15:45:00,89.231,32.316,0.0,41.71,75.96
2024-01-29 15:50:00,72.73,42.613,0.0,47.26,46.01
2024-01-29 15:55:00,98.532,44.54,0.0,59.53,65.98
2024-01-29 16:00:00,116.791,39.462,0.0,62.74,79.05
2024-01-29 16:05:00,124.797,53.093,0.0,42.35,70.52
2024-01-29 16:10:00,50.725,20.527,0.0,52.85,48.83
2024-01-29 16:15:00,80.168,33.276,0.0,66.76,45.01
2024-01-29 16:20:00,104.605,34.369,0.0,60.88,59.43
2024-01-29 16:25:00,111.67,39.614,0.0,58.75,61.91
2024-01-29 16:30:00,148.879,42.18,0.0,54.33,54.27
2024-01-29 16:35:00,70.248,33.746,0.0,51.2,56.06
2024-01-29 16:40:00,104.055,42.644,0.0,53.46,57.57
2024-01-29 16:45:00,107.186,46.877,0.0,87.24,52.21
2024-01-29 16:50:00,134.527,51.369,0.0,59.86,59.38
2024-01-29 16:55:00,97.402,32.863,0.0,49.55,48.9
2024-01-29 17:00:00,91.854,52.006,0.0,33.31,65.96
2024-01-29 17:05:00,92.745,38.759,0.0,47.63,48.44
2024-01-29 17:10:00,142.91,43.857,0.0,36.74,52.23
2024-01-29 17:15:00,89.871,39.785,0.0,41.86,69.23
2024-01-29 17:20:00,84.741,34.342,0.3252,45.97,59.6
2024-01-29 17:25:00,132.926,47.623,0.0,59.59,67.33
2024-01-29 17:30:00,138.891,45.617,0.0,58.69,56.23
2024-01-29 17:35:00,139.023,40.911,0.0,42.02,50.59
2024-01-29 17:40:00,146.429,47.809,0.0,65.58,55.39
2024-01-29 17:45:00,119.862,40.267,0.0,59.36,60.22
2024-01-29 17:50:00,113.587,38.758,0.0,52.96,55.69
2024-01-29 17:55:00,79.603,36.272,0.0,41.94,44.62
2024-01-29 18:00:00,96.257,44.958,0.0,64.09,70.88
2024-01-29 18:05:00,80.911,25.976,0.0,52.62,52.09
2024-01-29 18:10:00,97.066,48.44,0.0,49.3,74.92
2024-01-29 18:15:00,99.188,42.596,0.0,55.03,55.87
2024-01-29 18:20:00,162.913,44.876,0.0,47.89,70.67
2024-01-29 18:25:00,89.512,39.033,0.0,29.78,51.25
2024-01-29 18:30:00,94.502,36.776,0.0,72.98,47.87
2024-01-29 18:35:00,113.634,33.282,0.0,49.55,67.34
2024-01-29 18:40:00,73.721,41.71,0.0,53.55,58.77
2024-01-29 18:45:00,130.529,43.097,0.0,66.01,51.03
2024-01-29 18:50:00,83.934,33.423,0.0,49.93,44.79
2024-01-29 18:55:00,105.747,33.835,0.3467,70.87,52.23
2024-01-29 19:00:00,31.635,40.182,0.0,58.02,36.22
2024-01-29 19:05:00,43.356,28.786,0.0,50.48,53.0
2024-01-29 19:10:00,36.066,31.353,0.0,25.34,56.49
2024-01-29 19:15:00,27.433,29.129,0.0,50.51,76.13
2024-01-29 19:20:00,28.777,34.354,0.0,44.81,57.21
2024-01-29 19:25:00,25.021,28.984,0.0,54.78,64.21
2024-01-29 19:30:00,41.515,41.086,0.0,36.31,58.92
2024-01-29 19:35:00,35.748,32.42,0.0,23.92,65.1
2024-01-29 19:40:00,28.776,34.92,0.0,25.37,60.14
2024-01-29 19:45:00,37.367,29.574,0.0,71.2,56.35
2024-01-29 19:50:00,42.786,35.871,0.0,40.23,47.57
2024-01-29 19:55:00,34.231,34.796,0.0,40.77,57.24
2024-01-29 20:00:00,37.857,30.107,0.0,57.04,69.46
2024-01-29 20:05:00,44.308,34.0,0.0,44.47,49.28
2024-01-29 20:10:00,31.837,27.252,0.0,42.38,55.18
2024-01-29 20:15:00,35.404,18.679,0.0,55.12,47.57
2024-01-29 20:20:00,36.22,21.212,0.0,25.41,58.18
2024-01-29 20:25:00,42.26,34.101,0.0,47.27,63.9
2024-01-29 20:30:00,45.99,34.775,0.0,41.35,74.3
2024-01-29 20:35:00,40.499,21.234,7.4514,33.24,74.04
2024-01-29 20:40:00,19.111,28.251,0.0,28.27,49.01
2024-01-29 20:45:00,20.439,13.126,0.0,47.52,64.32
2024-01-29 20:50:00,21.411,24.565,0.0,55.95,72.1
2024-01-29 20:55:00,47.092,34.886,0.0,34.65,67.22
2024-01-29 21:00:00,47.908,31.295,0.0,30.97,67.8
2024-01-29 21:05:00,22.589,31.876,0.0,34.61,51.1
2024-01-29 21:10:00,38.947,35.466,0.0,41.78,56.96
2024-01-29 21:15:00,27.044,22.859,0.0,71.99,56.76
2024-01-29 21:20:00,21.681,36.689,0.0,87.4,60.03
2024-01-29 21:25:00,44.437,30.82,0.0,51.02,73.76
2024-01-29 21:30:00,27.415,29.669,0.0,58.7,70.91
2024-01-29 21:35:00,40.427,30.466,0.0,28.14,36.6
2024-01-29 21:40:00,47.095,34.086,0.0,66.84,52.91
2024-01-29 21:45:00,43.515,27.874,0.0,33.56,52.75
2024-01-29 21:50:00,33.88,29.021,0.3419,33.95,62.68
2024-01-29 21:55:00,32.743,28.401,0.0,22.89,56.59
2024-01-29 22:00:00,31.841,32.586,0.0,52.99,54.38
2024-01-29 22:05:00,31.475,38.375,0.0,58.59,54.31
2024-01-29 22:10:00,33.193,27.124,0.0,28.98,57.15
2024-01-29 22:15:00,29.489,27.167,0.0,46.38,57.96
2024-01-29 22:20:00,36.707,31.17,0.0,44.58,68.03
2024-01-29 22:25:00,41.612,25.72,0.0,66.26,64.91
2024-01-29 22:30:00,31.879,40.334,0.0,41.48,56.65
2024-01-29 22:35:00,30.244,33.697,0.0,54.31,47.2
2024-01-29 22:40:00,35.781,38.904,0.0,92.59,64.62
2024-01-29 22:45:00,35.005,39.14,0.0,55.32,59.47
2024-01-29 22:50:00,16.109,34.168,0.0,33.32,59.69
2024-01-29 22:55:00,20.746,30.012,0.0,28.16,61.91
2024-01-29 23:00:00,25.641,34.117,0.0,49.07,47.41
2024-01-29 23:05:00,27.241,35.686,0.0,40.05,53.79
2024-01-29 23:10:00,26.868,36.495,0.0,47.0,51.44
2024-01-29 23:15:00,27.798,34.221,0.0,19.05,49.41
2024-01-29 23:20:00,37.348,30.494,0.0,55.14,56.13
2024-01-29 23:25:00,25.334,31.768,0.0,52.52,59.31
2024-01-29 23:30:00,28.176,31.383,0.0,29.59,61.59
2024-01-29 23:35:00,27.597,31.361,0.0,34.14,69.86
2024-01-29 23:40:00,27.756,31.813,0.0,43.47,65.42
2024-01-29 23:45:00,29.89,29.095,0.4987,37.93,56.46
2024-01-29 23:50:00,39.895,24.319,0.0,41.02,59.46
2024-01-29 23:55:00,32.293,38.554,0.0,43.25,57.69
2024-01-30 00:00:00,28.904,34.333,0.0,39.42,76.26
2024-01-30 00:05:00,35.14,41.267,0.0,38.93,64.71
2024-01-30 00:10:00,11.602,21.275,0.0,55.48,56.42
2024-01-30 00:15:00,45.78,36.954,0.0,52.91,49.54
2024-01-30 00:20:00,17.15,23.54,0.0,24.88,55.81
2024-01-30 00:25:00,26.259,243.936,0.0,43.54,48.4
2024-01-30 00:30:00,25.721,32.174,0.181,31.61,39.69
2024-01-30 00:35:00,22.749,42.824,0.0,21.76,59.98
2024-01-30 00:40:00,31.327,42.097,0.0,56.94,70.64
2024-01-30 00:45:00,39.684,40.84,0.0,45.4,61.39
2024-01-30 00:50:00,39.431,24.228,0.0,44.96,55.08
2024-01-30 00:55:00,45.995,41.466,0.0,51.11,66.56
2024-01-30 01:00:00,20.999,37.53,0.0,22.75,44.9
2024-01-30 01:05:00,25.181,37.651,0.0,40.32,59.69
2024-01-30 01:10:00,51.1,39.463,0.4727,55.1,45.34
2024-01-30 01:15:00,2.146,27.054,0.0,46.16,63.05
2024-01-30 01:20:00,36.456,33.193,0.0,41.55,68.79
2024-01-30 01:25:00,33.451,40.423,0.0,41.21,75.99
2024-01-30 01:30:00,27.746,28.448,0.0,51.96,63.82
2024-01-30 01:35:00,27.244,28.797,0.0,27.12,41.28
2024-01-30 01:40:00,32.919,25.126,0.0,52.08,61.64
2024-01-30 01:45:00,45.222,33.582,0.0,40.32,67.03
2024-01-30 01:50:00,34.941,25.337,0.0,28.38,48.85
2024-01-30 01:55:00,38.77,33.367,0.0,28.08,68.86
2024-01-30 02:00:00,30.457,26.232,0.0,30.57,45.87
2024-01-30 02:05:00,42.376,25.519,0.0,20.48,48.89
2024-01-30 02:10:00,15.422,35.893,0.0,33.09,62.44
2024-01-30 02:15:00,28.328,27.917,6.7173,51.78,63.93
2024-01-30 02:20:00,29.147,35.207,0.0,34.36,48.72
2024-01-30 02:25:00,42.114,33.545,0.0,28.61,46.49
2024-01-30 02:30:00,42.869,29.888,0.0,49.87,53.63
2024-01-30 02:35:00,52.167,29.053,0.0,45.6,51.7
2024-01-30 02:40:00,26.432,24.569,0.3666,58.1,52.32
2024-01-30 02:45:00,23.561,38.686,0.0,53.4,68.95
2024-01-30 02:50:00,32.907,34.358,0.0,52.9,59.39
2024-01-30 02:55:00,27.642,30.813,0.0,46.09,69.34
2024-01-30 03:00:00,35.878,39.338,0.0,47.43,47.44
2024-01-30 03:05:00,36.065,23.08,0.0,40.0,57.09
2024-01-30 03:10:00,32.33,35.276,0.1249,15.22,64.49
2024-01-30 03:15:00,37.148,28.963,0.0,44.19,68.89
2024-01-30 03:20:00,28.625,30.883,0.0,48.29,52.43
2024-01-30 03:25:00,36.4,32.199,0.0,53.71,60.12
2024-01-30 03:30:00,30.192,27.482,0.0,33.12,38.27
2024-01-30 03:35:00,29.23,30.705,0.0,29.09,53.81
2024-01-30 03:40:00,32.087,23.142,0.0,55.12,63.27
2024-01-30 03:45:00,20.52,35.965,0.0,35.69,48.09
2024-01-30 03:50:00,23.31,32.774,0.0,45.75,54.48
2024-01-30 03:55:00,29.94,34.635,0.0,86.17,51.69
2024-01-30 04:00:00,28.548,41.387,0.0,13.52,66.6
2024-01-30 04:05:00,17.463,34.759,0.0,34.45,52.79
2024-01-30 04:10:00,23.224,33.711,0.0,39.19,49.65
2024-01-30 04:15:00,44.316,33.043,0.0,43.47,62.82
2024-01-30 04:20:00,24.182,22.113,0.0,47.06,44.05
2024-01-30 04:25:00,39.416,13.422,0.0,39.73,67.35
2024-01-30 04:30:00,34.248,38.206,0.0,41.29,51.46
2024-01-30 04:35:00,30.15,32.711,0.0,35.34,48.73
2024-01-30 04:40:00,32.072,28.432,0.0,49.15,59.41
2024-01-30 04:45:00,27.328,32.813,0.0,36.21,49.65
2024-01-30 04:50:00,40.193,34.338,0.0,43.73,58.49
2024-01-30 04:55:00,30.745,31.531,0.0,86.39,68.93
2024-01-30 05:00:00,19.426,36.344,0.0,32.68,59.32
2024-01-30 05:05:00,15.047,32.337,0.0,40.56,60.85
2024-01-30 05:10:00,36.11,35.342,0.0,25.03,54.3
2024-01-30 05:15:00,10.629,19.562,0.0,29.46,66.96
2024-01-30 05:20:00,24.042,35.086,0.0,36.24,53.49
2024-01-30 05:25:00,28.307,35.076,0.0,29.57,55.03
2024-01-30 05:30:00,41.579,24.899,0.0,40.61,68.78
2024-01-30 05:35:00,8.982,30.224,0.0,21.13,56.68
2024-01-30 05:40:00,38.093,33.303,0.0,45.11,49.32
2024-01-30 05:45:00,31.702,37.739,0.0,55.75,57.53
2024-01-30 05:50:00,35.366,37.139,0.0,16.71,62.41
2024-01-30 05:55:00,28.75,30.114,0.0,40.92,52.99
2024-01-30 06:00:00,40.178,32.994,0.0,50.21,45.91
2024-01-30 06:05:00,32.233,31.207,0.0,26.61,68.29
2024-01-30 06:10:00,26.633,36.182,0.0,51.6,51.61
2024-01-30 06:15:00,11.964,30.387,0.0,26.1,56.98
2024-01-30 06:20:00,21.966,29.981,0.0,13.28,66.56
2024-01-30 06:25:00,30.107,31.609,0.0,30.68,71.05
2024-01-30 06:30:00,35.118,28.21,0.0,31.37,72.92
2024-01-30 06:35:00,36.003,22.619,0.0,58.73,43.1
2024-01-30 06:40:00,28.991,33.514,0.0,41.2,68.65
2024-01-30 06:45:00,44.401,24.144,0.0,64.0,59.12
2024-01-30 06:50:00,41.208,32.961,0.0,56.33,65.25
2024-01-30 06:55:00,27.272,43.636,0.0,37.85,62.62
2024-01-30 07:00:00,25.386,34.539,0.0,40.69,46.31
2024-01-30 07:05:00,19.35,22.356,0.0,40.93,66.09
2024-01-30 07:10:00,25.147,36.461,0.0,36.62,46.53
2024-01-30 07:15:00,27.814,22.943,0.0,57.02,64.16
2024-01-30 07:20:00,57.117,30.514,0.0,49.99,51.99
2024-01-30 07:25:00,31.682,40.293,0.0,24.46,62.53
2024-01-30 07:30:00,32.269,34.756,0.0,47.87,51.89
2024-01-30 07:35:00,48.014,31.658,0.0,48.31,77.25
2024-01-30 07:40:00,31.941,27.082,0.0,40.09,64.53
2024-01-30 07:45:00,34.523,36.722,0.0,45.53,56.09
2024-01-30 07:50:00,28.007,22.383,0.0,58.08,53.66
2024-01-30 07:55:00,44.606,29.006,0.0,43.36,49.68
2024-01-30 08:00:00,138.241,51.674,0.0,65.26,50.66
2024-01-30 08:05:00,144.007,41.725,0.0573,57.5,55.9
2024-01-30 08:10:00,123.565,35.866,0.0,49.63,66.09
2024-01-30 08:15:00,82.651,41.781,0.0,58.12,54.43
2024-01-30 08:20:00,97.243,43.732,0.0,56.4,65.44
2024-01-30 08:25:00,91.925,40.799,0.0,63.67,65.11
2024-01-30 08:30:00,141.344,50.786,0.0,45.87,66.98
2024-01-30 08:35:00,103.303,36.658,0.0,59.93,70.93
2024-01-30 08:40:00,144.304,41.431,0.0,43.53,69.56
2024-01-30 08:45:00,97.426,32.269,0.0,53.92,63.3
2024-01-30 08:50:00,102.086,39.913,0.0,61.43,62.3
2024-01-30 08:55:00,102.107,54.613,0.0,49.48,44.95
2024-01-30 09:00:00,117.993,37.847,0.0,60.81,50.41
2024-01-30 09:05:00,88.189,36.362,0.0,40.28,40.86
2024-01-30 09:10:00,113.994,40.497,0.3457,67.37,48.33
2024-01-30 09:15:00,112.568,32.898,0.0,57.76,54.76
2024-01-30 09:20:00,115.683,36.839,0.0,54.3,68.41
2024-01-30 09:25:00,98.239,38.744,0.0,61.62,52.88
2024-01-30 09:30:00,162.696,51.519,0.0,58.18,42.69
2024-01-30 09:35:00,116.3,39.4,0.0,76.86,56.76
2024-01-30 09:40:00,106.131,43.273,0.0,57.99,67.17
2024-01-30 09:45:00,134.464,53.298,0.0,64.52,68.85
2024-01-30 09:50:00,84.712,44.851,0.0,54.29,39.43
2024-01-30 09:55:00,107.19,50.012,0.0,66.0,59.23
2024-01-30 10:00:00,101.484,39.286,0.0,70.63,66.29
2024-01-30 10:05:00,154.503,45.791,0.0,61.82,45.18
2024-01-30 10:10:00,155.69,46.005,0.0,72.32,49.04
2024-01-30 10:15:00,76.126,42.063,0.0,59.11,61.22
2024-01-30 10:20:00,137.414,51.509,0.0,63.34,35.82
2024-01-30 10:25:00,76.046,39.167,0.0,41.33,59.6
2024-01-30 10:30:00,131.336,49.998,0.0,46.14,62.63
2024-01-30 10:35:00,179.963,56.579,0.0,55.12,51.44
2024-01-30 10:40:00,200.733,43.867,0.0,80.29,61.88
2024-01-30 10:45:00,105.514,41.357,0.0,54.24,61.45
2024-01-30 10:50:00,88.035,38.589,0.0,59.14,66.37
2024-01-30 10:55:00,169.734,46.846,0.0,52.66,55.99
2024-01-30 11:00:00,135.975,43.95,0.0,62.3,49.81
2024-01-30 11:05:00,94.207,31.424,0.0,62.24,41.04
2024-01-30 11:10:00,187.823,39.607,0.0,37.53,54.72
2024-01-30 11:15:00,109.965,49.139,0.0,27.37,61.53
2024-01-30 11:20:00,97.899,45.339,0.0,46.54,69.99
2024-01-30 11:25:00,87.462,37.133,0.0,67.95,55.21
2024-01-30 11:30:00,167.147,47.794,0.0,88.17,46.18
2024-01-30 11:35:00,167.185,57.166,0.0,57.94,50.88
2024-01-30 11:40:00,165.452,41.807,0.0,61.74,72.16
2024-01-30 11:45:00,132.024,46.161,0.4517,52.11,57.92
2024-01-30 11:50:00,127.866,42.764,0.0,49.11,50.51
2024-01-30 11:55:00,161.302,45.868,0.0,41.78,47.9
2024-01-30 12:00:00,121.979,39.068,0.0,32.29,54.88
2024-01-30 12:05:00,149.063,57.41,0.0,76.44,59.84
2024-01-30 12:10:00,101.407,43.821,0.0,77.1,64.78
2024-01-30 12:15:00,115.846,33.957,0.0,49.81,65.69
2024-01-30 12:20:00,113.21,37.61,0.0,56.98,68.89
2024-01-30 12:25:00,41.216,37.648,0.0,82.43,45.65
2024-01-30 12:30:00,164.768,31.889,0.0,70.38,64.27
2024-01-30 12:35:00,120.321,45.303,0.0,35.96,55.54
2024-01-30 12:40:00,176.337,55.951,0.0,52.55,57.09
2024-01-30 12:45:00,132.996,46.988,0.0,70.09,58.48
2024-01-30 12:50:00,120.985,35.546,0.0,57.94,49.42
2024-01-30 12:55:00,169.349,44.745,0.0,62.33,58.52
2024-01-30 13:00:00,105.646,41.063,0.0,69.38,49.22
2024-01-30 13:05:00,141.746,43.074,0.0,46.84,51.8
2024-01-30 13:10:00,107.288,36.289,0.0,36.34,62.4
2024-01-30 13:15:00,144.57,49.717,0.0,41.79,61.89
2024-01-30 13:20:00,127.602,50.732,0.0,60.49,63.43
2024-01-30 13:25:00,138.451,43.016,0.0,79.24,58.96
2024-01-30 13:30:00,149.881,44.958,0.0,53.63,50.15
2024-01-30 13:35:00,125.459,46.316,0.0,67.18,69.97
2024-01-30 13:40:00,171.317,53.375,0.0,69.87,64.57
2024-01-30 13:45:00,138.789,59.484,0.0,60.08,58.36
2024-01-30 13:50:00,152.97,48.745,0.0,66.32,60.09
2024-01-30 13:55:00,515.387,85.497,0.0,99.0,52.38
2024-01-30 14:00:00,85.501,40.409,0.0,41.72,74.9
2024-01-30 14:05:00,121.188,46.963,0.0,47.54,43.39
2024-01-30 14:10:00,168.194,51.511,0.0,61.09,55.01
2024-01-30 14:15:00,158.478,46.985,0.0,60.61,72.16
2024-01-30 14:20:00,149.162,44.411,0.0,56.45,71.95
2024-01-30 14:25:00,108.963,36.195,0.0,29.31,65.62
2024-01-30 14:30:00,127.108,43.178,0.0,51.04,62.35
2024-01-30 14:35:00,152.732,45.062,0.0,66.15,63.92
2024-01-30 14:40:00,154.682,54.052,0.0,53.23,66.81
2024-01-30 14:45:00,150.601,42.882,0.0,61.84,56.86
2024-01-30 14:50:00,154.223,35.367,0.0,64.29,64.83
2024-01-30 14:55:00,161.312,42.478,0.0,63.71,57.56
2024-01-30 15:00:00,137.046,51.096,0.0,45.97,56.96
2024-01-30 15:05:00,100.433,35.911,0.0,61.91,46.8
2024-01-30 15:10:00,113.483,34.283,0.0,51.18,61.92
2024-01-30 15:15:00,94.926,47.599,0.0,44.14,68.19
2024-01-30 15:20:00,101.043,38.428,0.0,31.58,69.87
2024-01-30 15:25:00,96.095,39.528,0.0,44.92,63.8
2024-01-30 15:30:00,122.976,39.977,0.0,68.58,54.25
2024-01-30 15:35:00,142.185,33.122,0.0,45.39,47.22
2024-01-30 15:40:00,121.394,33.236,0.0,59.31,68.25
2024-01-30 15:45:00,134.051,39.163,0.0,66.31,60.47
2024-01-30 15:50:00,129.532,38.984,0.0,62.39,60.99
2024-01-30 15:55:00,127.444,47.119,0.0,56.08,56.94
2024-01-30 16:00:00,306.654,64.841,0.0,78.45,51.98
2024-01-30 16:05:00,127.433,46.001,6.4195,47.7,54.92
2024-01-30 16:10:00,111.545,44.749,0.0,47.12,62.03
2024-01-30 16:15:00,102.923,32.752,0.4231,61.48,50.17
2024-01-30 16:20:00,109.626,41.312,0.0,53.56,61.21
2024-01-30 16:25:00,99.136,44.637,0.0,49.84,50.08
2024-01-30 16:30:00,107.985,40.415,0.0,54.73,58.9
2024-01-30 16:35:00,98.207,39.416,0.0,49.51,54.66
2024-01-30 16:40:00,157.754,52.806,0.0,71.51,56.83
2024-01-30 16:45:00,100.172,49.96,0.0,52.54,62.95
2024-01-30 16:50:00,95.208,40.609,0.0,35.21,69.8
2024-01-30 16:55:00,99.104,30.331,0.0,46.65,60.29
2024-01-30 17:00:00,98.679,46.318,0.0,62.12,62.21
2024-01-30 17:05:00,97.27,42.138,0.0,67.25,53.14
2024-01-30 17:10:00,115.491,36.762,0.0,60.32,59.56
2024-01-30 17:15:00,116.971,45.895,0.2109,49.74,58.89
2024-01-30 17:20:00,74.997,43.453,0.0,42.11,67.5
2024-01-30 17:25:00,104.802,42.092,0.0,74.95,57.95
2024-01-30 17:30:00,133.801,48.954,0.0,59.37,54.8
2024-01-30 17:35:00,124.982,31.443,0.0,63.44,62.43
2024-01-30 17:40:00,146.803,48.378,0.0,61.11,57.2
2024-01-30 17:45:00,106.575,32.871,0.0,74.16,40.63
2024-01-30 17:50:00,155.645,54.028,0.0,74.69,72.36
2024-01-30 17:55:00,91.038,45.061,0.0,50.25,53.99
2024-01-30 18:00:00,126.569,43.569,0.0,61.38,68.6
2024-01-30 18:05:00,107.976,42.335,0.0,47.15,65.43
2024-01-30 18:10:00,89.979,38.012,0.0,31.71,56.2
2024-01-30 18:15:00,113.174,37.454,0.0,59.02,63.42
2024-01-30 18:20:00,150.18,48.601,0.0,57.3,64.05
2024-01-30 18:25:00,81.654,37.098,0.0,36.19,41.09
2024-01-30 18:30:00,100.625,30.885,0.0,61.32,55.61
2024-01-30 18:35:00,98.211,38.72,0.0,42.19,71.98
2024-01-30 18:40:00,113.607,41.493,0.0,57.4,61.64
2024-01-30 18:45:00,115.447,41.509,0.0,33.12,66.72
2024-01-30 18:50:00,120.783,33.829,0.0,51.9,63.15
2024-01-30 18:55:00,165.102,49.189,0.0,70.92,47.75
2024-01-30 19:00:00,22.264,27.83,0.1873,30.91,58.58
2024-01-30 19:05:00,29.921,34.723,0.0,43.19,51.85
2024-01-30 19:10:00,50.834,35.244,0.0,43.57,42.03
2024-01-30 19:15:00,29.135,7.067,0.0,60.84,55.98
2024-01-30 19:20:00,35.885,31.698,0.0,35.88,70.81
2024-01-30 19:25:00,46.177,37.844,0.0,51.74,48.79
2024-01-30 19:30:00,33.62,35.217,0.0,37.86,49.98
2024-01-30 19:35:00,33.474,22.559,0.0,31.67,56.46
2024-01-30 19:40:00,29.395,35.981,0.0,11.02,49.33
2024-01-30 19:45:00,35.032,33.378,0.0,21.74,58.88
2024-01-30 19:50:00,30.634,29.11,0.0,48.79,55.99
2024-01-30 19:55:00,20.145,33.77,0.0,49.4,54.53
2024-01-30 20:00:00,16.436,30.261,0.0,37.71,68.39
2024-01-30 20:05:00,31.706,28.139,0.0,36.08,56.28
2024-01-30 20:10:00,33.797,16.899,0.0,18.87,63.33
2024-01-30 20:15:00,43.111,24.73,0.0,21.94,50.13
2024-01-30 20:20:00,17.147,33.42,0.0,45.3,63.03
2024-01-30 20:25:00,27.925,37.867,0.0,53.13,55.61
2024-01-30 20:30:00,33.728,27.302,0.0,48.58,65.3
2024-01-30 20:35:00,25.693,36.448,0.0,26.25,66.43
2024-01-30 20:40:00,42.477,29.2,0.0,94.51,75.66
2024-01-30 20:45:00,28.582,30.363,0.0,58.35,56.37
2024-01-30 20:50:00,36.882,16.775,0.0,15.43,51.78
2024-01-30 20:55:00,9.613,38.049,0.0,38.65,56.41
2024-01-30 21:00:00,34.91,31.668,0.0,32.97,73.42
2024-01-30 21:05:00,40.916,34.043,0.0,31.8,57.02
2024-01-30 21:10:00,36.017,34.071,0.0,24.15,61.64
2024-01-30 21:15:00,44.843,34.616,0.0,26.15,62.16
2024-01-30 21:20:00,44.903,35.792,0.0,40.8,51.28
2024-01-30 21:25:00,21.281,35.024,0.4786,42.04,55.74
2024-01-30 21:30:00,47.781,29.241,0.0,45.92,59.6
2024-01-30 21:35:00,33.45,34.952,0.0,42.55,47.47
2024-01-30 21:40:00,26.018,24.796,0.0,19.1,70.38
2024-01-30 21:45:00,33.385,35.425,3.8791,46.55,52.95
2024-01-30 21:50:00,29.425,37.303,0.0,48.88,63.78
2024-01-30 21:55:00,31.648,35.266,0.0,32.32,57.58
2024-01-30 22:00:00,24.737,33.986,0.0,28.81,52.71
2024-01-30 22:05:00,25.854,27.513,0.0,95.94,58.23
2024-01-30 22:10:00,40.835,29.37,0.0,48.91,56.15
2024-01-30 22:15:00,47.171,34.251,0.0,45.28,37.2
2024-01-30 22:20:00,35.812,24.399,0.0,23.28,53.28
2024-01-30 22:25:00,36.6,34.17,0.0,34.91,53.67
2024-01-30 22:30:00,27.212,31.278,0.0,38.78,58.83
2024-01-30 22:35:00,34.304,46.291,0.0,37.65,62.37
2024-01-30 22:40:00,34.97,21.05,0.0,45.36,68.3
2024-01-30 22:45:00,40.984,32.444,0.0,38.53,56.06
2024-01-30 22:50:00,21.187,40.802,0.0,43.24,61.85
2024-01-30 22:55:00,35.484,24.51,0.0,42.63,53.76
2024-01-30 23:00:00,31.219,42.025,0.0,63.8,56.01
2024-01-30 23:05:00,23.599,39.713,0.0,50.52,66.34
2024-01-30 23:10:00,34.786,28.938,0.0,30.03,62.34
2024-01-30 23:15:00,30.053,34.902,0.0,69.38,67.82
2024-01-30 23:20:00,31.609,31.053,0.0,88.43,58.77
2024-01-30 23:25:00,34.634,31.467,0.0,34.58,45.8
2024-01-30 23:30:00,20.881,22.571,0.0,58.95,64.19
2024-01-30 23:35:00,29.393,31.456,0.0,44.1,64.24
2024-01-30 23:40:00,30.947,32.358,0.0,54.25,64.71
2024-01-30 23:45:00,51.522,19.044,0.0,39.53,49.24
2024-01-30 23:50:00,33.399,36.118,0.0,31.92,55.64
2024-01-30 23:55:00,40.476,34.605,0.2218,28.04,60.45
